Trade number,Type,Date and time,Signal,Price USD,Size (qty),Size (value),Net PnL USD,Return %,Commission USD,Favorable excursion USD,Favorable excursion %,Adverse excursion USD,Adverse excursion %,Cumulative PnL USD,Cumulative PnL %,Duration (bars)
1,Exit long,2025-08-04 09:35,JJ_LX,23151,6,277365,439.56,0.16,7.44,443.28,0.16,-135.72,-0.05,439.56,0.88,4
1,Entry long,2025-08-04 09:31,JJ_L,23113.75,6,277365,439.56,0.16,7.44,443.28,0.16,-135.72,-0.05,439.56,0.88,4
2,Exit long,2025-08-04 09:45,JJ_LX,23202.5,6,277983,439.56,0.16,7.44,443.28,0.16,-192.72,-0.07,879.12,1.76,8
2,Entry long,2025-08-04 09:37,JJ_L,23165.25,6,277983,439.56,0.16,7.44,443.28,0.16,-192.72,-0.07,879.12,1.76,8
3,Exit short,2025-08-04 10:51,JJ_SX,23202.75,6,278880,439.56,0.16,7.44,443.28,0.16,-264.72,-0.09,1318.68,2.64,48
3,Entry short,2025-08-04 10:03,JJ_S,23240,6,278880,439.56,0.16,7.44,443.28,0.16,-264.72,-0.09,1318.68,2.64,48
4,Exit short,2025-08-04 11:36,JJ_SX,23227.5,6,278424,-313.44,-0.11,7.44,170.28,0.06,-309.72,-0.11,1005.24,2.01,44
4,Entry short,2025-08-04 10:52,JJ_S,23202,6,278424,-313.44,-0.11,7.44,170.28,0.06,-309.72,-0.11,1005.24,2.01,44
5,Exit short,2025-08-05 09:33,JJ_SX,23331,6,279666,-313.44,-0.11,7.44,20.28,0.01,-309.72,-0.11,691.8,1.38,3
5,Entry short,2025-08-05 09:30,JJ_S,23305.5,6,279666,-313.44,-0.11,7.44,20.28,0.01,-309.72,-0.11,691.8,1.38,3
6,Exit short,2025-08-05 09:35,JJ_SX,23334,6,279702,-313.44,-0.11,7.44,5.28,0.00,-309.72,-0.11,378.36,0.76,1
6,Entry short,2025-08-05 09:34,JJ_S,23308.5,6,279702,-313.44,-0.11,7.44,5.28,0.00,-309.72,-0.11,378.36,0.76,1
7,Exit long,2025-08-05 10:00,JJ_LX,23336.75,6,280347,-313.44,-0.11,7.44,416.28,0.15,-309.72,-0.11,64.92,0.13,22
7,Entry long,2025-08-05 09:38,JJ_L,23362.25,6,280347,-313.44,-0.11,7.44,416.28,0.15,-309.72,-0.11,64.92,0.13,22
8,Exit long,2025-08-05 10:17,JJ_LX,23296.25,6,279861,-313.44,-0.11,7.44,0,0.00,-309.72,-0.11,-248.52,-0.50,1
8,Entry long,2025-08-05 10:16,JJ_L,23321.75,6,279861,-313.44,-0.11,7.44,0,0.00,-309.72,-0.11,-248.52,-0.50,1
9,Exit long,2025-08-05 10:22,JJ_LX,23284.5,6,279720,-313.44,-0.11,7.44,0,0.00,-309.72,-0.11,-561.96,-1.12,3
9,Entry long,2025-08-05 10:19,JJ_L,23310,6,279720,-313.44,-0.11,7.44,0,0.00,-309.72,-0.11,-561.96,-1.12,3
10,Exit long,2025-08-06 09:36,JJ_LX,23194.5,6,278640,-313.44,-0.11,7.44,92.28,0.03,-309.72,-0.11,-875.4,-1.75,2
10,Entry long,2025-08-06 09:34,JJ_L,23220,6,278640,-313.44,-0.11,7.44,92.28,0.03,-309.72,-0.11,-875.4,-1.75,2
11,Exit short,2025-08-06 09:44,JJ_SX,23189.75,6,277971,-313.44,-0.11,7.44,182.28,0.07,-309.72,-0.11,-1188.84,-2.38,8
11,Entry short,2025-08-06 09:36,JJ_S,23164.25,6,277971,-313.44,-0.11,7.44,182.28,0.07,-309.72,-0.11,-1188.84,-2.38,8
12,Exit short,2025-08-06 10:04,JJ_SX,23268,3,139305,-306.72,-0.22,3.72,262.14,0.19,-304.86,-0.22,-1495.56,-2.99,15
12,Entry short,2025-08-06 09:49,JJ_S,23217.5,3,139305,-306.72,-0.22,3.72,262.14,0.19,-304.86,-0.22,-1495.56,-2.99,15
13,Exit short,2025-08-06 10:23,JJ_SX,23183.75,3,139551,444.78,0.32,3.72,446.64,0.32,-33.36,-0.02,-1050.78,-2.10,13
13,Entry short,2025-08-06 10:10,JJ_S,23258.5,3,139551,444.78,0.32,3.72,446.64,0.32,-33.36,-0.02,-1050.78,-2.10,13
14,Exit short,2025-08-06 10:34,JJ_SX,23206.5,6,278172,-313.44,-0.11,7.44,14.28,0.01,-309.72,-0.11,-1364.22,-2.73,2
14,Entry short,2025-08-06 10:32,JJ_S,23181,6,278172,-313.44,-0.11,7.44,14.28,0.01,-309.72,-0.11,-1364.22,-2.73,2
15,Exit long,2025-08-07 09:45,JJ_LX,23591.75,6,283407,-313.44,-0.11,7.44,365.28,0.13,-309.72,-0.11,-1677.66,-3.36,13
15,Entry long,2025-08-07 09:32,JJ_L,23617.25,6,283407,-313.44,-0.11,7.44,365.28,0.13,-309.72,-0.11,-1677.66,-3.36,13
16,Exit short,2025-08-07 09:55,JJ_SX,23635.5,6,283320,-313.44,-0.11,7.44,47.28,0.02,-309.72,-0.11,-1991.1,-3.98,4
16,Entry short,2025-08-07 09:51,JJ_S,23610,6,283320,-313.44,-0.11,7.44,47.28,0.02,-309.72,-0.11,-1991.1,-3.98,4
17,Exit short,2025-08-07 10:10,JJ_SX,23594.75,6,283584,439.56,0.15,7.44,443.28,0.16,-288.72,-0.10,-1551.54,-3.10,9
17,Entry short,2025-08-07 10:01,JJ_S,23632,6,283584,439.56,0.15,7.44,443.28,0.16,-288.72,-0.10,-1551.54,-3.10,9
18,Exit long,2025-08-07 10:55,JJ_LX,23524.75,3,141451.5,-306.72,-0.22,3.72,109.14,0.08,-304.86,-0.22,-1858.26,-3.72,26
18,Entry long,2025-08-07 10:29,JJ_L,23575.25,3,141451.5,-306.72,-0.22,3.72,109.14,0.08,-304.86,-0.22,-1858.26,-3.72,26
19,Exit long,2025-08-07 11:49,JJ_LX,23484.75,3,141211.5,-306.72,-0.22,3.72,136.14,0.10,-304.86,-0.22,-2164.98,-4.33,53
19,Entry long,2025-08-07 10:56,JJ_L,23535.25,3,141211.5,-306.72,-0.22,3.72,136.14,0.10,-304.86,-0.22,-2164.98,-4.33,53
20,Exit long,2025-08-08 09:41,JJ_LX,23598.5,6,282735,439.56,0.16,7.44,443.28,0.16,-102.72,-0.04,-1725.42,-3.45,6
20,Entry long,2025-08-08 09:35,JJ_L,23561.25,6,282735,439.56,0.16,7.44,443.28,0.16,-102.72,-0.04,-1725.42,-3.45,6
21,Exit long,2025-08-08 09:47,JJ_LX,23637.75,6,283206,439.56,0.16,7.44,443.28,0.16,-51.72,-0.02,-1285.86,-2.57,6
21,Entry long,2025-08-08 09:41,JJ_L,23600.5,6,283206,439.56,0.16,7.44,443.28,0.16,-51.72,-0.02,-1285.86,-2.57,6
22,Exit short,2025-08-08 10:06,JJ_SX,23653.75,6,283539,-313.44,-0.11,7.44,182.28,0.06,-309.72,-0.11,-1599.3,-3.20,17
22,Entry short,2025-08-08 09:49,JJ_S,23628.25,6,283539,-313.44,-0.11,7.44,182.28,0.06,-309.72,-0.11,-1599.3,-3.20,17
23,Exit short,2025-08-08 10:27,JJ_SX,23682,6,283878,-313.44,-0.11,7.44,359.28,0.13,-309.72,-0.11,-1912.74,-3.83,20
23,Entry short,2025-08-08 10:07,JJ_S,23656.5,6,283878,-313.44,-0.11,7.44,359.28,0.13,-309.72,-0.11,-1912.74,-3.83,20
24,Exit short,2025-08-08 11:35,JJ_SX,23641.5,6,284145,439.56,0.15,7.44,443.28,0.16,-135.72,-0.05,-1473.18,-2.95,54
24,Entry short,2025-08-08 10:41,JJ_S,23678.75,6,284145,439.56,0.15,7.44,443.28,0.16,-135.72,-0.05,-1473.18,-2.95,54
25,Exit short,2025-08-11 09:40,JJ_SX,23718.75,6,284319,-313.44,-0.11,7.44,143.28,0.05,-309.72,-0.11,-1786.62,-3.57,9
25,Entry short,2025-08-11 09:31,JJ_S,23693.25,6,284319,-313.44,-0.11,7.44,143.28,0.05,-309.72,-0.11,-1786.62,-3.57,9
26,Exit long,2025-08-11 10:19,JJ_LX,23765.25,6,284736,439.56,0.15,7.44,443.28,0.16,-252.72,-0.09,-1347.06,-2.69,37
26,Entry long,2025-08-11 09:42,JJ_L,23728,6,284736,439.56,0.15,7.44,443.28,0.16,-252.72,-0.09,-1347.06,-2.69,37
27,Exit short,2025-08-11 11:06,JJ_SX,23716.5,6,285045,439.56,0.15,7.44,443.28,0.16,-168.72,-0.06,-907.5,-1.81,46
27,Entry short,2025-08-11 10:20,JJ_S,23753.75,6,285045,439.56,0.15,7.44,443.28,0.16,-168.72,-0.06,-907.5,-1.81,46
28,Exit short,2025-08-12 09:32,JJ_SX,23737,6,284538,-313.44,-0.11,7.44,2.28,0.00,-309.72,-0.11,-1220.94,-2.44,1
28,Entry short,2025-08-12 09:31,JJ_S,23711.5,6,284538,-313.44,-0.11,7.44,2.28,0.00,-309.72,-0.11,-1220.94,-2.44,1
29,Exit long,2025-08-12 09:40,JJ_LX,23798.75,6,285138,439.56,0.15,7.44,443.28,0.16,-81.72,-0.03,-781.38,-1.56,7
29,Entry long,2025-08-12 09:33,JJ_L,23761.5,6,285138,439.56,0.15,7.44,443.28,0.16,-81.72,-0.03,-781.38,-1.56,7
30,Exit long,2025-08-12 09:58,JJ_LX,23659.5,3,142260,-306.72,-0.22,3.72,86.64,0.06,-304.86,-0.21,-1088.1,-2.18,5
30,Entry long,2025-08-12 09:53,JJ_L,23710,3,142260,-306.72,-0.22,3.72,86.64,0.06,-304.86,-0.21,-1088.1,-2.18,5
31,Exit long,2025-08-12 10:15,JJ_LX,23738.5,3,141982.5,444.78,0.31,3.72,446.64,0.31,-36.36,-0.03,-643.32,-1.29,11
31,Entry long,2025-08-12 10:04,JJ_L,23663.75,3,141982.5,444.78,0.31,3.72,446.64,0.31,-36.36,-0.03,-643.32,-1.29,11
32,Exit short,2025-08-12 10:51,JJ_SX,23769.25,6,284925,-313.44,-0.11,7.44,131.28,0.05,-309.72,-0.11,-956.76,-1.91,27
32,Entry short,2025-08-12 10:24,JJ_S,23743.75,6,284925,-313.44,-0.11,7.44,131.28,0.05,-309.72,-0.11,-956.76,-1.91,27
33,Exit short,2025-08-13 09:31,JJ_SX,24048.25,9,432562.5,-317.16,-0.07,11.16,39.42,0.01,-311.58,-0.07,-1273.92,-2.55,1
33,Entry short,2025-08-13 09:30,JJ_S,24031.25,9,432562.5,-317.16,-0.07,11.16,39.42,0.01,-311.58,-0.07,-1273.92,-2.55,1
34,Exit long,2025-08-13 09:55,JJ_LX,24024,6,288594,-313.44,-0.11,7.44,230.28,0.08,-309.72,-0.11,-1587.36,-3.17,24
34,Entry long,2025-08-13 09:31,JJ_L,24049.5,6,288594,-313.44,-0.11,7.44,230.28,0.08,-309.72,-0.11,-1587.36,-3.17,24
35,Exit long,2025-08-13 10:00,JJ_LX,24006.5,6,288384,-313.44,-0.11,7.44,0,0.00,-309.72,-0.11,-1900.8,-3.80,3
35,Entry long,2025-08-13 09:57,JJ_L,24032,6,288384,-313.44,-0.11,7.44,0,0.00,-309.72,-0.11,-1900.8,-3.80,3
36,Exit long,2025-08-13 10:26,JJ_LX,23962.25,6,287853,-313.44,-0.11,7.44,203.28,0.07,-309.72,-0.11,-2214.24,-4.43,14
36,Entry long,2025-08-13 10:12,JJ_L,23987.75,6,287853,-313.44,-0.11,7.44,203.28,0.07,-309.72,-0.11,-2214.24,-4.43,14
37,Exit long,2025-08-13 10:31,JJ_LX,23946,6,287658,-313.44,-0.11,7.44,5.28,0.00,-309.72,-0.11,-2527.68,-5.06,4
37,Entry long,2025-08-13 10:27,JJ_L,23971.5,6,287658,-313.44,-0.11,7.44,5.28,0.00,-309.72,-0.11,-2527.68,-5.06,4
38,Exit short,2025-08-14 09:31,JJ_SX,23872.25,6,286161,-313.44,-0.11,7.44,62.28,0.02,-309.72,-0.11,-2841.12,-5.68,1
38,Entry short,2025-08-14 09:30,JJ_S,23846.75,6,286161,-313.44,-0.11,7.44,62.28,0.02,-309.72,-0.11,-2841.12,-5.68,1
39,Exit long,2025-08-14 09:39,JJ_LX,23918,6,286569,439.56,0.15,7.44,443.28,0.15,-204.72,-0.07,-2401.56,-4.80,7
39,Entry long,2025-08-14 09:32,JJ_L,23880.75,6,286569,439.56,0.15,7.44,443.28,0.15,-204.72,-0.07,-2401.56,-4.80,7
40,Exit long,2025-08-14 09:52,JJ_LX,23960,6,287073,439.56,0.15,7.44,443.28,0.15,-189.72,-0.07,-1962,-3.92,8
40,Entry long,2025-08-14 09:44,JJ_L,23922.75,6,287073,439.56,0.15,7.44,443.28,0.15,-189.72,-0.07,-1962,-3.92,8
41,Exit short,2025-08-14 10:30,JJ_SX,23957,6,287178,-313.44,-0.11,7.44,401.28,0.14,-309.72,-0.11,-2275.44,-4.55,37
41,Entry short,2025-08-14 09:53,JJ_S,23931.5,6,287178,-313.44,-0.11,7.44,401.28,0.14,-309.72,-0.11,-2275.44,-4.55,37
42,Exit short,2025-08-14 10:57,JJ_SX,23949.75,6,287844,439.56,0.15,7.44,443.28,0.15,-63.72,-0.02,-1835.88,-3.67,7
42,Entry short,2025-08-14 10:50,JJ_S,23987,6,287844,439.56,0.15,7.44,443.28,0.15,-63.72,-0.02,-1835.88,-3.67,7
43,Exit short,2025-08-15 09:32,JJ_SX,23886.5,6,286332,-313.44,-0.11,7.44,128.28,0.04,-309.72,-0.11,-2149.32,-4.30,2
43,Entry short,2025-08-15 09:30,JJ_S,23861,6,286332,-313.44,-0.11,7.44,128.28,0.04,-309.72,-0.11,-2149.32,-4.30,2
44,Exit short,2025-08-15 09:45,JJ_SX,23815,6,286227,439.56,0.15,7.44,443.28,0.15,-153.72,-0.05,-1709.76,-3.42,6
44,Entry short,2025-08-15 09:39,JJ_S,23852.25,6,286227,439.56,0.15,7.44,443.28,0.15,-153.72,-0.05,-1709.76,-3.42,6
45,Exit long,2025-08-15 09:53,JJ_LX,23771.5,6,285564,-313.44,-0.11,7.44,101.28,0.04,-309.72,-0.11,-2023.2,-4.05,3
45,Entry long,2025-08-15 09:50,JJ_L,23797,6,285564,-313.44,-0.11,7.44,101.28,0.04,-309.72,-0.11,-2023.2,-4.05,3
46,Exit long,2025-08-15 11:39,JJ_LX,23785.5,3,143016,-306.72,-0.21,3.72,281.64,0.20,-304.86,-0.21,-2329.92,-4.66,98
46,Entry long,2025-08-15 10:01,JJ_L,23836,3,143016,-306.72,-0.21,3.72,281.64,0.20,-304.86,-0.21,-2329.92,-4.66,98
47,Exit long,2025-08-18 09:42,JJ_LX,23776.5,6,285624,-313.44,-0.11,7.44,191.28,0.07,-309.72,-0.11,-2643.36,-5.29,12
47,Entry long,2025-08-18 09:30,JJ_L,23802,6,285624,-313.44,-0.11,7.44,191.28,0.07,-309.72,-0.11,-2643.36,-5.29,12
48,Exit long,2025-08-18 10:04,JJ_LX,23786.25,6,284988,439.56,0.15,7.44,443.28,0.16,-45.72,-0.02,-2203.8,-4.41,5
48,Entry long,2025-08-18 09:59,JJ_L,23749,6,284988,439.56,0.15,7.44,443.28,0.16,-45.72,-0.02,-2203.8,-4.41,5
49,Exit short,2025-08-18 10:45,JJ_SX,23749.75,6,285444,439.56,0.15,7.44,443.28,0.16,-48.72,-0.02,-1764.24,-3.53,17
49,Entry short,2025-08-18 10:28,JJ_S,23787,6,285444,439.56,0.15,7.44,443.28,0.16,-48.72,-0.02,-1764.24,-3.53,17
50,Exit long,2025-08-18 12:48,JJ_LX,23723.75,6,284991,-313.44,-0.11,7.44,416.28,0.15,-309.72,-0.11,-2077.68,-4.16,119
50,Entry long,2025-08-18 10:49,JJ_L,23749.25,6,284991,-313.44,-0.11,7.44,416.28,0.15,-309.72,-0.11,-2077.68,-4.16,119
51,Exit short,2025-08-19 09:32,JJ_SX,23686.5,6,284685,439.56,0.15,7.44,443.28,0.16,-21.72,-0.01,-1638.12,-3.28,1
51,Entry short,2025-08-19 09:31,JJ_S,23723.75,6,284685,439.56,0.15,7.44,443.28,0.16,-21.72,-0.01,-1638.12,-3.28,1
52,Exit short,2025-08-19 09:40,JJ_SX,23718,6,284310,-313.44,-0.11,7.44,386.28,0.14,-309.72,-0.11,-1951.56,-3.90,8
52,Entry short,2025-08-19 09:32,JJ_S,23692.5,6,284310,-313.44,-0.11,7.44,386.28,0.14,-309.72,-0.11,-1951.56,-3.90,8
53,Exit short,2025-08-19 09:47,JJ_SX,23645,6,284187,439.56,0.15,7.44,443.28,0.16,-36.72,-0.01,-1512,-3.02,3
53,Entry short,2025-08-19 09:44,JJ_S,23682.25,6,284187,439.56,0.15,7.44,443.28,0.16,-36.72,-0.01,-1512,-3.02,3
54,Exit long,2025-08-19 09:55,JJ_LX,23697.75,6,283926,439.56,0.15,7.44,443.28,0.16,-96.72,-0.03,-1072.44,-2.14,4
54,Entry long,2025-08-19 09:51,JJ_L,23660.5,6,283926,439.56,0.15,7.44,443.28,0.16,-96.72,-0.03,-1072.44,-2.14,4
55,Exit long,2025-08-19 10:26,JJ_LX,23671.25,6,284361,-313.44,-0.11,7.44,371.28,0.13,-309.72,-0.11,-1385.88,-2.77,30
55,Entry long,2025-08-19 09:56,JJ_L,23696.75,6,284361,-313.44,-0.11,7.44,371.28,0.13,-309.72,-0.11,-1385.88,-2.77,30
56,Exit short,2025-08-20 09:40,JJ_SX,23347.5,6,280617,439.56,0.16,7.44,443.28,0.16,-222.72,-0.08,-946.32,-1.89,10
56,Entry short,2025-08-20 09:30,JJ_S,23384.75,6,280617,439.56,0.16,7.44,443.28,0.16,-222.72,-0.08,-946.32,-1.89,10
57,Exit short,2025-08-20 09:42,JJ_SX,23372.75,6,280167,-313.44,-0.11,7.44,125.28,0.04,-309.72,-0.11,-1259.76,-2.52,2
57,Entry short,2025-08-20 09:40,JJ_S,23347.25,6,280167,-313.44,-0.11,7.44,125.28,0.04,-309.72,-0.11,-1259.76,-2.52,2
58,Exit short,2025-08-20 09:45,JJ_SX,23303.75,6,280092,439.56,0.16,7.44,443.28,0.16,-24.72,-0.01,-820.2,-1.64,2
58,Entry short,2025-08-20 09:43,JJ_S,23341,6,280092,439.56,0.16,7.44,443.28,0.16,-24.72,-0.01,-820.2,-1.64,2
59,Exit long,2025-08-20 10:12,JJ_LX,23090,3,138843,-306.72,-0.22,3.72,0,0.00,-304.86,-0.22,-1126.92,-2.25,5
59,Entry long,2025-08-20 10:07,JJ_L,23140.5,3,138843,-306.72,-0.22,3.72,0,0.00,-304.86,-0.22,-1126.92,-2.25,5
60,Exit long,2025-08-20 10:17,JJ_LX,23068.5,3,138714,-306.72,-0.22,3.72,5.64,0.00,-304.86,-0.22,-1433.64,-2.87,4
60,Entry long,2025-08-20 10:13,JJ_L,23119,3,138714,-306.72,-0.22,3.72,5.64,0.00,-304.86,-0.22,-1433.64,-2.87,4
61,Exit short,2025-08-21 09:31,JJ_SX,23225.75,6,278403,-313.44,-0.11,7.44,2.28,0.00,-309.72,-0.11,-1747.08,-3.49,1
61,Entry short,2025-08-21 09:30,JJ_S,23200.25,6,278403,-313.44,-0.11,7.44,2.28,0.00,-309.72,-0.11,-1747.08,-3.49,1
62,Exit long,2025-08-21 09:34,JJ_LX,23245.5,6,279252,-313.44,-0.11,7.44,17.28,0.01,-309.72,-0.11,-2060.52,-4.12,1
62,Entry long,2025-08-21 09:33,JJ_L,23271,6,279252,-313.44,-0.11,7.44,17.28,0.01,-309.72,-0.11,-2060.52,-4.12,1
63,Exit short,2025-08-21 09:36,JJ_SX,23267.25,6,278901,-313.44,-0.11,7.44,206.28,0.07,-309.72,-0.11,-2373.96,-4.75,2
63,Entry short,2025-08-21 09:34,JJ_S,23241.75,6,278901,-313.44,-0.11,7.44,206.28,0.07,-309.72,-0.11,-2373.96,-4.75,2
64,Exit long,2025-08-21 09:41,JJ_LX,23236.75,3,139723.5,-306.72,-0.22,3.72,17.64,0.01,-304.86,-0.22,-2680.68,-5.36,4
64,Entry long,2025-08-21 09:37,JJ_L,23287.25,3,139723.5,-306.72,-0.22,3.72,17.64,0.01,-304.86,-0.22,-2680.68,-5.36,4
65,Exit short,2025-08-21 09:46,JJ_SX,23178.75,3,139521,444.78,0.32,3.72,446.64,0.32,-81.36,-0.06,-2235.9,-4.47,2
65,Entry short,2025-08-21 09:44,JJ_S,23253.5,3,139521,444.78,0.32,3.72,446.64,0.32,-81.36,-0.06,-2235.9,-4.47,2
66,Exit short,2025-08-22 09:31,JJ_SX,23235.75,6,278523,-313.44,-0.11,7.44,44.28,0.02,-309.72,-0.11,-2549.34,-5.10,1
66,Entry short,2025-08-22 09:30,JJ_S,23210.25,6,278523,-313.44,-0.11,7.44,44.28,0.02,-309.72,-0.11,-2549.34,-5.10,1
67,Exit short,2025-08-22 09:34,JJ_SX,23252.5,6,278724,-313.44,-0.11,7.44,5.28,0.00,-309.72,-0.11,-2862.78,-5.73,1
67,Entry short,2025-08-22 09:33,JJ_S,23227,6,278724,-313.44,-0.11,7.44,5.28,0.00,-309.72,-0.11,-2862.78,-5.73,1
68,Exit long,2025-08-22 09:42,JJ_LX,23318.25,6,279372,439.56,0.16,7.44,443.28,0.16,-246.72,-0.09,-2423.22,-4.85,5
68,Entry long,2025-08-22 09:37,JJ_L,23281,6,279372,439.56,0.16,7.44,443.28,0.16,-246.72,-0.09,-2423.22,-4.85,5
69,Exit long,2025-08-22 09:46,JJ_LX,23297,6,279870,-313.44,-0.11,7.44,173.28,0.06,-309.72,-0.11,-2736.66,-5.47,2
69,Entry long,2025-08-22 09:44,JJ_L,23322.5,6,279870,-313.44,-0.11,7.44,173.28,0.06,-309.72,-0.11,-2736.66,-5.47,2
70,Exit short,2025-08-22 09:57,JJ_SX,23257.5,6,279537,439.56,0.16,7.44,443.28,0.16,-27.72,-0.01,-2297.1,-4.59,1
70,Entry short,2025-08-22 09:56,JJ_S,23294.75,6,279537,439.56,0.16,7.44,443.28,0.16,-27.72,-0.01,-2297.1,-4.59,1
71,Exit short,2025-08-25 09:35,JJ_SX,23473.5,6,281376,-313.44,-0.11,7.44,32.28,0.01,-309.72,-0.11,-2610.54,-5.22,2
71,Entry short,2025-08-25 09:33,JJ_S,23448,6,281376,-313.44,-0.11,7.44,32.28,0.01,-309.72,-0.11,-2610.54,-5.22,2
72,Exit short,2025-08-25 09:56,JJ_SX,23504,6,281742,-313.44,-0.11,7.44,356.28,0.13,-309.72,-0.11,-2923.98,-5.85,16
72,Entry short,2025-08-25 09:40,JJ_S,23478.5,6,281742,-313.44,-0.11,7.44,356.28,0.13,-309.72,-0.11,-2923.98,-5.85,16
73,Exit short,2025-08-25 10:04,JJ_SX,23540,6,282174,-313.44,-0.11,7.44,116.28,0.04,-309.72,-0.11,-3237.42,-6.47,4
73,Entry short,2025-08-25 10:00,JJ_S,23514.5,6,282174,-313.44,-0.11,7.44,116.28,0.04,-309.72,-0.11,-3237.42,-6.47,4
74,Exit short,2025-08-25 10:36,JJ_SX,23560.75,6,282423,-313.44,-0.11,7.44,200.28,0.07,-309.72,-0.11,-3550.86,-7.10,17
74,Entry short,2025-08-25 10:19,JJ_S,23535.25,6,282423,-313.44,-0.11,7.44,200.28,0.07,-309.72,-0.11,-3550.86,-7.10,17
75,Exit short,2025-08-25 11:04,JJ_SX,23581.25,6,282669,-313.44,-0.11,7.44,275.28,0.10,-309.72,-0.11,-3864.3,-7.73,26
75,Entry short,2025-08-25 10:38,JJ_S,23555.75,6,282669,-313.44,-0.11,7.44,275.28,0.10,-309.72,-0.11,-3864.3,-7.73,26
76,Exit long,2025-08-26 09:38,JJ_LX,23471,6,281958,-313.44,-0.11,7.44,218.28,0.08,-309.72,-0.11,-4177.74,-8.36,7
76,Entry long,2025-08-26 09:31,JJ_L,23496.5,6,281958,-313.44,-0.11,7.44,218.28,0.08,-309.72,-0.11,-4177.74,-8.36,7
77,Exit long,2025-08-26 09:46,JJ_LX,23460.5,6,281832,-313.44,-0.11,7.44,386.28,0.14,-309.72,-0.11,-4491.18,-8.98,7
77,Entry long,2025-08-26 09:39,JJ_L,23486,6,281832,-313.44,-0.11,7.44,386.28,0.14,-309.72,-0.11,-4491.18,-8.98,7
78,Exit short,2025-08-26 10:17,JJ_SX,23517,6,281898,-313.44,-0.11,7.44,110.28,0.04,-309.72,-0.11,-4804.62,-9.61,6
78,Entry short,2025-08-26 10:11,JJ_S,23491.5,6,281898,-313.44,-0.11,7.44,110.28,0.04,-309.72,-0.11,-4804.62,-9.61,6
79,Exit short,2025-08-26 11:34,JJ_SX,23496,6,282399,439.56,0.16,7.44,443.28,0.16,-222.72,-0.08,-4365.06,-8.73,60
79,Entry short,2025-08-26 10:34,JJ_S,23533.25,6,282399,439.56,0.16,7.44,443.28,0.16,-222.72,-0.08,-4365.06,-8.73,60
80,Exit short,2025-08-27 09:35,JJ_SX,23559,6,282402,-313.44,-0.11,7.44,110.28,0.04,-309.72,-0.11,-4678.5,-9.36,5
80,Entry short,2025-08-27 09:30,JJ_S,23533.5,6,282402,-313.44,-0.11,7.44,110.28,0.04,-309.72,-0.11,-4678.5,-9.36,5
81,Exit long,2025-08-27 09:42,JJ_LX,23529.75,6,282663,-313.44,-0.11,7.44,113.28,0.04,-309.72,-0.11,-4991.94,-9.98,6
81,Entry long,2025-08-27 09:36,JJ_L,23555.25,6,282663,-313.44,-0.11,7.44,113.28,0.04,-309.72,-0.11,-4991.94,-9.98,6
82,Exit long,2025-08-27 09:49,JJ_LX,23495.75,6,282255,-313.44,-0.11,7.44,107.28,0.04,-309.72,-0.11,-5305.38,-10.61,2
82,Entry long,2025-08-27 09:47,JJ_L,23521.25,6,282255,-313.44,-0.11,7.44,107.28,0.04,-309.72,-0.11,-5305.38,-10.61,2
83,Exit short,2025-08-27 11:56,JJ_SX,23627.25,6,283221,-313.44,-0.11,7.44,329.28,0.12,-309.72,-0.11,-5618.82,-11.24,80
83,Entry short,2025-08-27 10:36,JJ_S,23601.75,6,283221,-313.44,-0.11,7.44,329.28,0.12,-309.72,-0.11,-5618.82,-11.24,80
84,Exit long,2025-08-28 09:34,JJ_LX,23742.75,6,284466,439.56,0.15,7.44,443.28,0.16,-57.72,-0.02,-5179.26,-10.36,4
84,Entry long,2025-08-28 09:30,JJ_L,23705.5,6,284466,439.56,0.15,7.44,443.28,0.16,-57.72,-0.02,-5179.26,-10.36,4
85,Exit short,2025-08-28 09:56,JJ_SX,23582.75,3,141945,444.78,0.31,3.72,446.64,0.31,-39.36,-0.03,-4734.48,-9.47,7
85,Entry short,2025-08-28 09:49,JJ_S,23657.5,3,141945,444.78,0.31,3.72,446.64,0.31,-39.36,-0.03,-4734.48,-9.47,7
86,Exit long,2025-08-28 10:40,JJ_LX,23684.25,3,141657,444.78,0.31,3.72,446.64,0.32,-99.36,-0.07,-4289.7,-8.58,41
86,Entry long,2025-08-28 09:59,JJ_L,23609.5,3,141657,444.78,0.31,3.72,446.64,0.32,-99.36,-0.07,-4289.7,-8.58,41
87,Exit short,2025-08-28 10:47,JJ_SX,23710.25,6,284217,-313.44,-0.11,7.44,5.28,0.00,-309.72,-0.11,-4603.14,-9.21,2
87,Entry short,2025-08-28 10:45,JJ_S,23684.75,6,284217,-313.44,-0.11,7.44,5.28,0.00,-309.72,-0.11,-4603.14,-9.21,2
88,Exit short,2025-08-28 10:55,JJ_SX,23725.25,6,284397,-313.44,-0.11,7.44,59.28,0.02,-309.72,-0.11,-4916.58,-9.83,4
88,Entry short,2025-08-28 10:51,JJ_S,23699.75,6,284397,-313.44,-0.11,7.44,59.28,0.02,-309.72,-0.11,-4916.58,-9.83,4
89,Exit short,2025-08-29 09:39,JJ_SX,23603.75,6,283692,439.56,0.15,7.44,443.28,0.16,-69.72,-0.02,-4477.02,-8.95,7
89,Entry short,2025-08-29 09:32,JJ_S,23641,6,283692,439.56,0.15,7.44,443.28,0.16,-69.72,-0.02,-4477.02,-8.95,7
90,Exit short,2025-08-29 09:41,JJ_SX,23621.75,6,283155,-313.44,-0.11,7.44,59.28,0.02,-309.72,-0.11,-4790.46,-9.58,2
90,Entry short,2025-08-29 09:39,JJ_S,23596.25,6,283155,-313.44,-0.11,7.44,59.28,0.02,-309.72,-0.11,-4790.46,-9.58,2
91,Exit long,2025-08-29 09:55,JJ_LX,23535,6,282726,-313.44,-0.11,7.44,179.28,0.06,-309.72,-0.11,-5103.9,-10.21,4
91,Entry long,2025-08-29 09:51,JJ_L,23560.5,6,282726,-313.44,-0.11,7.44,179.28,0.06,-309.72,-0.11,-5103.9,-10.21,4
92,Exit long,2025-08-29 10:00,JJ_LX,23501.25,6,282321,-313.44,-0.11,7.44,68.28,0.02,-309.72,-0.11,-5417.34,-10.83,2
92,Entry long,2025-08-29 09:58,JJ_L,23526.75,6,282321,-313.44,-0.11,7.44,68.28,0.02,-309.72,-0.11,-5417.34,-10.83,2
93,Exit long,2025-08-29 10:04,JJ_LX,23493.5,3,141264,-306.72,-0.22,3.72,44.64,0.03,-304.86,-0.22,-5724.06,-11.45,4
93,Entry long,2025-08-29 10:00,JJ_L,23544,3,141264,-306.72,-0.22,3.72,44.64,0.03,-304.86,-0.22,-5724.06,-11.45,4
94,Exit short,2025-09-01 09:39,JJ_SX,23477.25,9,422284.5,-317.16,-0.08,11.16,300.42,0.07,-311.58,-0.07,-6041.22,-12.08,9
94,Entry short,2025-09-01 09:30,JJ_S,23460.25,9,422284.5,-317.16,-0.08,11.16,300.42,0.07,-311.58,-0.07,-6041.22,-12.08,9
95,Exit long,2025-09-01 18:00,flat 15:55,23494,6,281742,178.56,0.06,7.44,386.28,0.14,-69.72,-0.02,-5862.66,-11.73,201
95,Entry long,2025-09-01 09:39,JJ_L,23478.5,6,281742,178.56,0.06,7.44,386.28,0.14,-69.72,-0.02,-5862.66,-11.73,201
96,Exit short,2025-09-02 09:32,JJ_SX,23081.25,6,276669,-313.44,-0.11,7.44,365.28,0.13,-309.72,-0.11,-6176.1,-12.35,2
96,Entry short,2025-09-02 09:30,JJ_S,23055.75,6,276669,-313.44,-0.11,7.44,365.28,0.13,-309.72,-0.11,-6176.1,-12.35,2
97,Exit long,2025-09-02 09:51,JJ_LX,23227.5,3,138916.5,444.78,0.32,3.72,446.64,0.32,-159.36,-0.11,-5731.32,-11.46,14
97,Entry long,2025-09-02 09:37,JJ_L,23152.75,3,138916.5,444.78,0.32,3.72,446.64,0.32,-159.36,-0.11,-5731.32,-11.46,14
98,Exit short,2025-09-02 10:00,JJ_SX,23275.25,3,139348.5,-306.72,-0.22,3.72,34.14,0.02,-304.86,-0.22,-6038.04,-12.08,7
98,Entry short,2025-09-02 09:53,JJ_S,23224.75,3,139348.5,-306.72,-0.22,3.72,34.14,0.02,-304.86,-0.22,-6038.04,-12.08,7
99,Exit short,2025-09-03 09:38,JJ_SX,23374,6,280935,439.56,0.16,7.44,443.28,0.16,-105.72,-0.04,-5598.48,-11.20,8
99,Entry short,2025-09-03 09:30,JJ_S,23411.25,6,280935,439.56,0.16,7.44,443.28,0.16,-105.72,-0.04,-5598.48,-11.20,8
100,Exit long,2025-09-03 09:55,JJ_LX,23379,6,280854,-313.44,-0.11,7.44,311.28,0.11,-309.72,-0.11,-5911.92,-11.82,6
100,Entry long,2025-09-03 09:49,JJ_L,23404.5,6,280854,-313.44,-0.11,7.44,311.28,0.11,-309.72,-0.11,-5911.92,-11.82,6
101,Exit short,2025-09-03 10:40,JJ_SX,23489.5,3,140634,-306.72,-0.22,3.72,337.14,0.24,-304.86,-0.22,-6218.64,-12.44,32
101,Entry short,2025-09-03 10:08,JJ_S,23439,3,140634,-306.72,-0.22,3.72,337.14,0.24,-304.86,-0.22,-6218.64,-12.44,32
102,Exit short,2025-09-03 11:22,JJ_SX,23463.5,6,282009,439.56,0.16,7.44,443.28,0.16,-195.72,-0.07,-5779.08,-11.56,29
102,Entry short,2025-09-03 10:53,JJ_S,23500.75,6,282009,439.56,0.16,7.44,443.28,0.16,-195.72,-0.07,-5779.08,-11.56,29
103,Exit long,2025-09-04 09:35,JJ_LX,23543.5,6,282075,439.56,0.16,7.44,443.28,0.16,-57.72,-0.02,-5339.52,-10.68,3
103,Entry long,2025-09-04 09:32,JJ_L,23506.25,6,282075,439.56,0.16,7.44,443.28,0.16,-57.72,-0.02,-5339.52,-10.68,3
104,Exit long,2025-09-04 09:48,JJ_LX,23463.5,6,281868,-313.44,-0.11,7.44,284.28,0.10,-309.72,-0.11,-5652.96,-11.31,4
104,Entry long,2025-09-04 09:44,JJ_L,23489,6,281868,-313.44,-0.11,7.44,284.28,0.10,-309.72,-0.11,-5652.96,-11.31,4
105,Exit long,2025-09-04 10:15,JJ_LX,23426,6,281418,-313.44,-0.11,7.44,227.28,0.08,-309.72,-0.11,-5966.4,-11.93,4
105,Entry long,2025-09-04 10:11,JJ_L,23451.5,6,281418,-313.44,-0.11,7.44,227.28,0.08,-309.72,-0.11,-5966.4,-11.93,4
106,Exit long,2025-09-04 10:23,JJ_LX,23462.25,6,281100,439.56,0.16,7.44,443.28,0.16,-111.72,-0.04,-5526.84,-11.05,6
106,Entry long,2025-09-04 10:17,JJ_L,23425,6,281100,439.56,0.16,7.44,443.28,0.16,-111.72,-0.04,-5526.84,-11.05,6
107,Exit long,2025-09-04 10:31,JJ_LX,23506.75,6,281634,439.56,0.16,7.44,443.28,0.16,-84.72,-0.03,-5087.28,-10.17,8
107,Entry long,2025-09-04 10:23,JJ_L,23469.5,6,281634,439.56,0.16,7.44,443.28,0.16,-84.72,-0.03,-5087.28,-10.17,8
108,Exit short,2025-09-05 09:31,JJ_SX,23878.25,6,286233,-313.44,-0.11,7.44,17.28,0.01,-309.72,-0.11,-5400.72,-10.80,1
108,Entry short,2025-09-05 09:30,JJ_S,23852.75,6,286233,-313.44,-0.11,7.44,17.28,0.01,-309.72,-0.11,-5400.72,-10.80,1
109,Exit short,2025-09-05 09:42,JJ_SX,23872,6,286158,-313.44,-0.11,7.44,296.28,0.10,-309.72,-0.11,-5714.16,-11.43,9
109,Entry short,2025-09-05 09:33,JJ_S,23846.5,6,286158,-313.44,-0.11,7.44,296.28,0.10,-309.72,-0.11,-5714.16,-11.43,9
110,Exit long,2025-09-05 10:01,JJ_LX,23809,3,143157,-306.72,-0.21,3.72,203.64,0.14,-304.86,-0.21,-6020.88,-12.04,13
110,Entry long,2025-09-05 09:48,JJ_L,23859.5,3,143157,-306.72,-0.21,3.72,203.64,0.14,-304.86,-0.21,-6020.88,-12.04,13
111,Exit long,2025-09-05 10:07,JJ_LX,23787,3,143025,-306.72,-0.21,3.72,0,0.00,-304.86,-0.21,-6327.6,-12.66,3
111,Entry long,2025-09-05 10:04,JJ_L,23837.5,3,143025,-306.72,-0.21,3.72,0,0.00,-304.86,-0.21,-6327.6,-12.66,3
112,Exit long,2025-09-05 10:23,JJ_LX,23677.75,3,142369.5,-306.72,-0.22,3.72,0,0.00,-304.86,-0.21,-6634.32,-13.27,3
112,Entry long,2025-09-05 10:20,JJ_L,23728.25,3,142369.5,-306.72,-0.22,3.72,0,0.00,-304.86,-0.21,-6634.32,-13.27,3
113,Exit long,2025-09-08 09:51,JJ_LX,23857.75,6,285846,439.56,0.15,7.44,443.28,0.16,-288.72,-0.10,-6194.76,-12.39,17
113,Entry long,2025-09-08 09:34,JJ_L,23820.5,6,285846,439.56,0.15,7.44,443.28,0.16,-288.72,-0.10,-6194.76,-12.39,17
114,Exit short,2025-09-08 10:19,JJ_SX,23816,6,286239,439.56,0.15,7.44,443.28,0.15,-207.72,-0.07,-5755.2,-11.51,21
114,Entry short,2025-09-08 09:58,JJ_S,23853.25,6,286239,439.56,0.15,7.44,443.28,0.15,-207.72,-0.07,-5755.2,-11.51,21
115,Exit short,2025-09-08 12:17,JJ_SX,23828,6,286383,439.56,0.15,7.44,443.28,0.15,-276.72,-0.10,-5315.64,-10.63,105
115,Entry short,2025-09-08 10:32,JJ_S,23865.25,6,286383,439.56,0.15,7.44,443.28,0.15,-276.72,-0.10,-5315.64,-10.63,105
116,Exit short,2025-09-09 09:32,JJ_SX,23851.75,6,285915,-313.44,-0.11,7.44,35.28,0.01,-309.72,-0.11,-5629.08,-11.26,2
116,Entry short,2025-09-09 09:30,JJ_S,23826.25,6,285915,-313.44,-0.11,7.44,35.28,0.01,-309.72,-0.11,-5629.08,-11.26,2
117,Exit long,2025-09-09 09:51,JJ_LX,23811.25,6,286041,-313.44,-0.11,7.44,137.28,0.05,-309.72,-0.11,-5942.52,-11.89,8
117,Entry long,2025-09-09 09:43,JJ_L,23836.75,6,286041,-313.44,-0.11,7.44,137.28,0.05,-309.72,-0.11,-5942.52,-11.89,8
118,Exit long,2025-09-09 10:31,JJ_LX,23794.5,6,285840,-313.44,-0.11,7.44,365.28,0.13,-309.72,-0.11,-6255.96,-12.51,24
118,Entry long,2025-09-09 10:07,JJ_L,23820,6,285840,-313.44,-0.11,7.44,365.28,0.13,-309.72,-0.11,-6255.96,-12.51,24
119,Exit long,2025-09-09 10:53,JJ_LX,23781.75,6,284934,439.56,0.15,7.44,443.28,0.16,-99.72,-0.03,-5816.4,-11.63,9
119,Entry long,2025-09-09 10:44,JJ_L,23744.5,6,284934,439.56,0.15,7.44,443.28,0.16,-99.72,-0.03,-5816.4,-11.63,9
120,Exit long,2025-09-09 11:06,JJ_LX,23762.5,6,285456,-313.44,-0.11,7.44,221.28,0.08,-309.72,-0.11,-6129.84,-12.26,12
120,Entry long,2025-09-09 10:54,JJ_L,23788,6,285456,-313.44,-0.11,7.44,221.28,0.08,-309.72,-0.11,-6129.84,-12.26,12
121,Exit short,2025-09-10 09:35,JJ_SX,23968.5,6,287316,-313.44,-0.11,7.44,128.28,0.04,-309.72,-0.11,-6443.28,-12.89,5
121,Entry short,2025-09-10 09:30,JJ_S,23943,6,287316,-313.44,-0.11,7.44,128.28,0.04,-309.72,-0.11,-6443.28,-12.89,5
122,Exit short,2025-09-10 09:45,JJ_SX,23916,6,287439,439.56,0.15,7.44,443.28,0.15,-141.72,-0.05,-6003.72,-12.01,9
122,Entry short,2025-09-10 09:36,JJ_S,23953.25,6,287439,439.56,0.15,7.44,443.28,0.15,-141.72,-0.05,-6003.72,-12.01,9
123,Exit long,2025-09-10 09:51,JJ_LX,23919.25,6,287337,-313.44,-0.11,7.44,125.28,0.04,-309.72,-0.11,-6317.16,-12.63,2
123,Entry long,2025-09-10 09:49,JJ_L,23944.75,6,287337,-313.44,-0.11,7.44,125.28,0.04,-309.72,-0.11,-6317.16,-12.63,2
124,Exit long,2025-09-10 10:02,JJ_LX,23961.75,6,287094,439.56,0.15,7.44,443.28,0.15,-234.72,-0.08,-5877.6,-11.76,10
124,Entry long,2025-09-10 09:52,JJ_L,23924.5,6,287094,439.56,0.15,7.44,443.28,0.15,-234.72,-0.08,-5877.6,-11.76,10
125,Exit long,2025-09-10 11:18,JJ_LX,23942,6,287610,-313.44,-0.11,7.44,275.28,0.10,-309.72,-0.11,-6191.04,-12.38,75
125,Entry long,2025-09-10 10:03,JJ_L,23967.5,6,287610,-313.44,-0.11,7.44,275.28,0.10,-309.72,-0.11,-6191.04,-12.38,75
126,Exit long,2025-09-11 09:36,JJ_LX,23968.75,6,287931,-313.44,-0.11,7.44,23.28,0.01,-309.72,-0.11,-6504.48,-13.01,3
126,Entry long,2025-09-11 09:33,JJ_L,23994.25,6,287931,-313.44,-0.11,7.44,23.28,0.01,-309.72,-0.11,-6504.48,-13.01,3
127,Exit short,2025-09-11 09:46,JJ_SX,23948,6,287070,-313.44,-0.11,7.44,149.28,0.05,-309.72,-0.11,-6817.92,-13.64,5
127,Entry short,2025-09-11 09:41,JJ_S,23922.5,6,287070,-313.44,-0.11,7.44,149.28,0.05,-309.72,-0.11,-6817.92,-13.64,5
128,Exit long,2025-09-11 09:58,JJ_LX,23985,6,287373,439.56,0.15,7.44,443.28,0.15,-96.72,-0.03,-6378.36,-12.76,12
128,Entry long,2025-09-11 09:46,JJ_L,23947.75,6,287373,439.56,0.15,7.44,443.28,0.15,-96.72,-0.03,-6378.36,-12.76,12
129,Exit short,2025-09-11 10:19,JJ_SX,23948.5,6,287829,439.56,0.15,7.44,443.28,0.15,-72.72,-0.03,-5938.8,-11.88,10
129,Entry short,2025-09-11 10:09,JJ_S,23985.75,6,287829,439.56,0.15,7.44,443.28,0.15,-72.72,-0.03,-5938.8,-11.88,10
130,Exit long,2025-09-11 10:35,JJ_LX,24006.25,6,287628,439.56,0.15,7.44,443.28,0.15,-219.72,-0.08,-5499.24,-11.00,11
130,Entry long,2025-09-11 10:24,JJ_L,23969,6,287628,439.56,0.15,7.44,443.28,0.15,-219.72,-0.08,-5499.24,-11.00,11
131,Exit short,2025-09-12 10:07,JJ_SX,24056,6,288366,-313.44,-0.11,7.44,338.28,0.12,-309.72,-0.11,-5812.68,-11.63,35
131,Entry short,2025-09-12 09:32,JJ_S,24030.5,6,288366,-313.44,-0.11,7.44,338.28,0.12,-309.72,-0.11,-5812.68,-11.63,35
132,Exit short,2025-09-12 10:25,JJ_SX,24074.75,6,288591,-313.44,-0.11,7.44,269.28,0.09,-309.72,-0.11,-6126.12,-12.25,14
132,Entry short,2025-09-12 10:11,JJ_S,24049.25,6,288591,-313.44,-0.11,7.44,269.28,0.09,-309.72,-0.11,-6126.12,-12.25,14
133,Exit short,2025-09-12 10:52,JJ_SX,24101.75,6,288915,-313.44,-0.11,7.44,8.28,0.00,-309.72,-0.11,-6439.56,-12.88,12
133,Entry short,2025-09-12 10:40,JJ_S,24076.25,6,288915,-313.44,-0.11,7.44,8.28,0.00,-309.72,-0.11,-6439.56,-12.88,12
134,Exit long,2025-09-15 09:51,JJ_LX,24241.25,6,290448,439.56,0.15,7.44,443.28,0.15,-195.72,-0.07,-6000,-12.00,20
134,Entry long,2025-09-15 09:31,JJ_L,24204,6,290448,439.56,0.15,7.44,443.28,0.15,-195.72,-0.07,-6000,-12.00,20
135,Exit short,2025-09-15 10:00,JJ_SX,24263.5,6,290856,-313.44,-0.11,7.44,5.28,0.00,-309.72,-0.11,-6313.44,-12.63,8
135,Entry short,2025-09-15 09:52,JJ_S,24238,6,290856,-313.44,-0.11,7.44,5.28,0.00,-309.72,-0.11,-6313.44,-12.63,8
136,Exit short,2025-09-15 11:00,JJ_SX,24274.75,6,290991,-313.44,-0.11,7.44,335.28,0.12,-309.72,-0.11,-6626.88,-13.25,51
136,Entry short,2025-09-15 10:09,JJ_S,24249.25,6,290991,-313.44,-0.11,7.44,335.28,0.12,-309.72,-0.11,-6626.88,-13.25,51
137,Exit short,2025-09-16 09:51,JJ_SX,24532.5,6,294837,439.56,0.15,7.44,443.28,0.15,-111.72,-0.04,-6187.32,-12.37,18
137,Entry short,2025-09-16 09:33,JJ_S,24569.75,6,294837,439.56,0.15,7.44,443.28,0.15,-111.72,-0.04,-6187.32,-12.37,18
138,Exit long,2025-09-16 11:02,JJ_LX,24513.25,6,294465,-313.44,-0.11,7.44,263.28,0.09,-309.72,-0.11,-6500.76,-13.00,49
138,Entry long,2025-09-16 10:13,JJ_L,24538.75,6,294465,-313.44,-0.11,7.44,263.28,0.09,-309.72,-0.11,-6500.76,-13.00,49
139,Exit short,2025-09-17 09:39,JJ_SX,24480.5,6,294213,439.56,0.15,7.44,443.28,0.15,-36.72,-0.01,-6061.2,-12.12,7
139,Entry short,2025-09-17 09:32,JJ_S,24517.75,6,294213,439.56,0.15,7.44,443.28,0.15,-36.72,-0.01,-6061.2,-12.12,7
140,Exit long,2025-09-17 10:01,JJ_LX,24463.25,6,293865,-313.44,-0.11,7.44,377.28,0.13,-309.72,-0.11,-6374.64,-12.75,14
140,Entry long,2025-09-17 09:47,JJ_L,24488.75,6,293865,-313.44,-0.11,7.44,377.28,0.13,-309.72,-0.11,-6374.64,-12.75,14
141,Exit long,2025-09-17 10:28,JJ_LX,24438.25,6,293565,-313.44,-0.11,7.44,200.28,0.07,-309.72,-0.11,-6688.08,-13.38,26
141,Entry long,2025-09-17 10:02,JJ_L,24463.75,6,293565,-313.44,-0.11,7.44,200.28,0.07,-309.72,-0.11,-6688.08,-13.38,26
142,Exit long,2025-09-17 10:45,JJ_LX,24418,6,293322,-313.44,-0.11,7.44,65.28,0.02,-309.72,-0.11,-7001.52,-14.00,6
142,Entry long,2025-09-17 10:39,JJ_L,24443.5,6,293322,-313.44,-0.11,7.44,65.28,0.02,-309.72,-0.11,-7001.52,-14.00,6
143,Exit long,2025-09-17 11:42,JJ_LX,24400,6,293106,-313.44,-0.11,7.44,206.28,0.07,-309.72,-0.11,-7314.96,-14.63,56
143,Entry long,2025-09-17 10:46,JJ_L,24425.5,6,293106,-313.44,-0.11,7.44,206.28,0.07,-309.72,-0.11,-7314.96,-14.63,56
144,Exit short,2025-09-18 09:31,JJ_SX,24681.25,6,295869,-313.44,-0.11,7.44,17.28,0.01,-309.72,-0.10,-7628.4,-15.26,1
144,Entry short,2025-09-18 09:30,JJ_S,24655.75,6,295869,-313.44,-0.11,7.44,17.28,0.01,-309.72,-0.10,-7628.4,-15.26,1
145,Exit long,2025-09-18 09:40,JJ_LX,24661.5,6,296244,-313.44,-0.11,7.44,314.28,0.11,-309.72,-0.10,-7941.84,-15.88,9
145,Entry long,2025-09-18 09:31,JJ_L,24687,6,296244,-313.44,-0.11,7.44,314.28,0.11,-309.72,-0.10,-7941.84,-15.88,9
146,Exit short,2025-09-18 09:46,JJ_SX,24605.25,6,295710,439.56,0.15,7.44,443.28,0.15,-147.72,-0.05,-7502.28,-15.00,6
146,Entry short,2025-09-18 09:40,JJ_S,24642.5,6,295710,439.56,0.15,7.44,443.28,0.15,-147.72,-0.05,-7502.28,-15.00,6
147,Exit long,2025-09-18 09:50,JJ_LX,24670,6,295593,439.56,0.15,7.44,443.28,0.15,-15.72,-0.01,-7062.72,-14.13,2
147,Entry long,2025-09-18 09:48,JJ_L,24632.75,6,295593,439.56,0.15,7.44,443.28,0.15,-15.72,-0.01,-7062.72,-14.13,2
148,Exit short,2025-09-18 10:19,JJ_SX,24771.25,6,296949,-313.44,-0.11,7.44,29.28,0.01,-309.72,-0.10,-7376.16,-14.75,8
148,Entry short,2025-09-18 10:11,JJ_S,24745.75,6,296949,-313.44,-0.11,7.44,29.28,0.01,-309.72,-0.10,-7376.16,-14.75,8
149,Exit short,2025-09-19 09:49,JJ_SX,24780.75,6,297063,-313.44,-0.11,7.44,92.28,0.03,-309.72,-0.10,-7689.6,-15.38,6
149,Entry short,2025-09-19 09:43,JJ_S,24755.25,6,297063,-313.44,-0.11,7.44,92.28,0.03,-309.72,-0.10,-7689.6,-15.38,6
150,Exit short,2025-09-19 10:20,JJ_SX,24755.5,6,297513,439.56,0.15,7.44,443.28,0.15,-177.72,-0.06,-7250.04,-14.50,24
150,Entry short,2025-09-19 09:56,JJ_S,24792.75,6,297513,439.56,0.15,7.44,443.28,0.15,-177.72,-0.06,-7250.04,-14.50,24
151,Exit short,2025-09-19 10:47,JJ_SX,24736.75,6,297288,439.56,0.15,7.44,443.28,0.15,-201.72,-0.07,-6810.48,-13.62,15
151,Entry short,2025-09-19 10:32,JJ_S,24774,6,297288,439.56,0.15,7.44,443.28,0.15,-201.72,-0.07,-6810.48,-13.62,15
152,Exit long,2025-09-19 11:15,JJ_LX,24726,6,297018,-313.44,-0.11,7.44,326.28,0.11,-309.72,-0.10,-7123.92,-14.25,27
152,Entry long,2025-09-19 10:48,JJ_L,24751.5,6,297018,-313.44,-0.11,7.44,326.28,0.11,-309.72,-0.10,-7123.92,-14.25,27
153,Exit long,2025-09-22 09:54,JJ_LX,24878.25,6,298092,439.56,0.15,7.44,443.28,0.15,-237.72,-0.08,-6684.36,-13.37,23
153,Entry long,2025-09-22 09:31,JJ_L,24841,6,298092,439.56,0.15,7.44,443.28,0.15,-237.72,-0.08,-6684.36,-13.37,23
154,Exit short,2025-09-22 10:21,JJ_SX,24894,6,298422,-313.44,-0.11,7.44,161.28,0.05,-309.72,-0.10,-6997.8,-14.00,26
154,Entry short,2025-09-22 09:55,JJ_S,24868.5,6,298422,-313.44,-0.11,7.44,161.28,0.05,-309.72,-0.10,-6997.8,-14.00,26
155,Exit short,2025-09-22 10:40,JJ_SX,24911.5,6,298632,-313.44,-0.10,7.44,17.28,0.01,-309.72,-0.10,-7311.24,-14.62,15
155,Entry short,2025-09-22 10:25,JJ_S,24886,6,298632,-313.44,-0.10,7.44,17.28,0.01,-309.72,-0.10,-7311.24,-14.62,15
156,Exit short,2025-09-22 12:09,JJ_SX,24940.5,6,298980,-313.44,-0.10,7.44,206.28,0.07,-309.72,-0.10,-7624.68,-15.25,80
156,Entry short,2025-09-22 10:49,JJ_S,24915,6,298980,-313.44,-0.10,7.44,206.28,0.07,-309.72,-0.10,-7624.68,-15.25,80
157,Exit short,2025-09-23 09:58,JJ_SX,24933.75,6,299652,439.56,0.15,7.44,443.28,0.15,-237.72,-0.08,-7185.12,-14.37,21
157,Entry short,2025-09-23 09:37,JJ_S,24971,6,299652,439.56,0.15,7.44,443.28,0.15,-237.72,-0.08,-7185.12,-14.37,21
158,Exit long,2025-09-23 11:42,JJ_LX,24930,6,299466,-313.44,-0.10,7.44,230.28,0.08,-309.72,-0.10,-7498.56,-15.00,97
158,Entry long,2025-09-23 10:05,JJ_L,24955.5,6,299466,-313.44,-0.10,7.44,230.28,0.08,-309.72,-0.10,-7498.56,-15.00,97
159,Exit short,2025-09-24 09:37,JJ_SX,24825,6,298347,439.56,0.15,7.44,443.28,0.15,-114.72,-0.04,-7059,-14.12,6
159,Entry short,2025-09-24 09:31,JJ_S,24862.25,6,298347,439.56,0.15,7.44,443.28,0.15,-114.72,-0.04,-7059,-14.12,6
160,Exit short,2025-09-24 09:39,JJ_SX,24851.25,6,297909,-313.44,-0.11,7.44,23.28,0.01,-309.72,-0.10,-7372.44,-14.74,2
160,Entry short,2025-09-24 09:37,JJ_S,24825.75,6,297909,-313.44,-0.11,7.44,23.28,0.01,-309.72,-0.10,-7372.44,-14.74,2
161,Exit long,2025-09-24 10:33,JJ_LX,24799.25,6,297897,-313.44,-0.11,7.44,176.28,0.06,-309.72,-0.10,-7685.88,-15.37,26
161,Entry long,2025-09-24 10:07,JJ_L,24824.75,6,297897,-313.44,-0.11,7.44,176.28,0.06,-309.72,-0.10,-7685.88,-15.37,26
162,Exit long,2025-09-24 10:54,JJ_LX,24800.5,6,297912,-313.44,-0.11,7.44,41.28,0.01,-309.72,-0.10,-7999.32,-16.00,3
162,Entry long,2025-09-24 10:51,JJ_L,24826,6,297912,-313.44,-0.11,7.44,41.28,0.01,-309.72,-0.10,-7999.32,-16.00,3
163,Exit long,2025-09-24 11:11,JJ_LX,24778.75,6,297651,-313.44,-0.11,7.44,0,0.00,-309.72,-0.10,-8312.76,-16.63,13
163,Entry long,2025-09-24 10:58,JJ_L,24804.25,6,297651,-313.44,-0.11,7.44,0,0.00,-309.72,-0.10,-8312.76,-16.63,13
164,Exit short,2025-09-25 09:36,JJ_SX,24481.75,6,294228,439.56,0.15,7.44,443.28,0.15,-87.72,-0.03,-7873.2,-15.75,2
164,Entry short,2025-09-25 09:34,JJ_S,24519,6,294228,439.56,0.15,7.44,443.28,0.15,-87.72,-0.03,-7873.2,-15.75,2
165,Exit short,2025-09-25 09:41,JJ_SX,24442.5,6,293757,439.56,0.15,7.44,443.28,0.15,-186.72,-0.06,-7433.64,-14.87,4
165,Entry short,2025-09-25 09:37,JJ_S,24479.75,6,293757,439.56,0.15,7.44,443.28,0.15,-186.72,-0.06,-7433.64,-14.87,4
166,Exit short,2025-09-25 09:46,JJ_SX,24463.5,6,293256,-313.44,-0.11,7.44,188.28,0.06,-309.72,-0.11,-7747.08,-15.49,5
166,Entry short,2025-09-25 09:41,JJ_S,24438,6,293256,-313.44,-0.11,7.44,188.28,0.06,-309.72,-0.11,-7747.08,-15.49,5
167,Exit long,2025-09-25 10:05,JJ_LX,24538.5,3,146782.5,444.78,0.30,3.72,446.64,0.30,-204.36,-0.14,-7302.3,-14.60,19
167,Entry long,2025-09-25 09:46,JJ_L,24463.75,3,146782.5,444.78,0.30,3.72,446.64,0.30,-204.36,-0.14,-7302.3,-14.60,19
168,Exit long,2025-09-25 10:21,JJ_LX,24614.75,3,147240,444.78,0.30,3.72,446.64,0.30,-33.36,-0.02,-6857.52,-13.72,16
168,Entry long,2025-09-25 10:05,JJ_L,24540,3,147240,444.78,0.30,3.72,446.64,0.30,-33.36,-0.02,-6857.52,-13.72,16
169,Exit short,2025-09-26 09:31,JJ_SX,24632.25,6,295281,-313.44,-0.11,7.44,116.28,0.04,-309.72,-0.10,-7170.96,-14.34,1
169,Entry short,2025-09-26 09:30,JJ_S,24606.75,6,295281,-313.44,-0.11,7.44,116.28,0.04,-309.72,-0.10,-7170.96,-14.34,1
170,Exit long,2025-09-26 09:41,JJ_LX,24663.5,6,296268,-313.44,-0.11,7.44,200.28,0.07,-309.72,-0.10,-7484.4,-14.97,9
170,Entry long,2025-09-26 09:32,JJ_L,24689,6,296268,-313.44,-0.11,7.44,200.28,0.07,-309.72,-0.10,-7484.4,-14.97,9
171,Exit long,2025-09-26 09:45,JJ_LX,24646.5,3,148182,-306.72,-0.21,3.72,91.14,0.06,-304.86,-0.21,-7791.12,-15.58,3
171,Entry long,2025-09-26 09:42,JJ_L,24697,3,148182,-306.72,-0.21,3.72,91.14,0.06,-304.86,-0.21,-7791.12,-15.58,3
172,Exit short,2025-09-26 10:05,JJ_SX,24670.75,6,296496,439.56,0.15,7.44,443.28,0.15,-24.72,-0.01,-7351.56,-14.70,3
172,Entry short,2025-09-26 10:02,JJ_S,24708,6,296496,439.56,0.15,7.44,443.28,0.15,-24.72,-0.01,-7351.56,-14.70,3
173,Exit long,2025-09-26 10:25,JJ_LX,24557.25,3,147646.5,-306.72,-0.21,3.72,22.14,0.01,-304.86,-0.21,-7658.28,-15.32,6
173,Entry long,2025-09-26 10:19,JJ_L,24607.75,3,147646.5,-306.72,-0.21,3.72,22.14,0.01,-304.86,-0.21,-7658.28,-15.32,6
174,Exit long,2025-09-29 09:45,JJ_LX,24929.25,6,298704,439.56,0.15,7.44,443.28,0.15,-36.72,-0.01,-7218.72,-14.44,3
174,Entry long,2025-09-29 09:42,JJ_L,24892,6,298704,439.56,0.15,7.44,443.28,0.15,-36.72,-0.01,-7218.72,-14.44,3
175,Exit short,2025-09-29 10:00,JJ_SX,24959,6,299202,-313.44,-0.10,7.44,8.28,0.00,-309.72,-0.10,-7532.16,-15.06,2
175,Entry short,2025-09-29 09:58,JJ_S,24933.5,6,299202,-313.44,-0.10,7.44,8.28,0.00,-309.72,-0.10,-7532.16,-15.06,2
176,Exit short,2025-09-29 11:10,JJ_SX,24914,6,299415,439.56,0.15,7.44,443.28,0.15,-222.72,-0.07,-7092.6,-14.19,58
176,Entry short,2025-09-29 10:12,JJ_S,24951.25,6,299415,439.56,0.15,7.44,443.28,0.15,-222.72,-0.07,-7092.6,-14.19,58
177,Exit short,2025-09-30 09:37,JJ_SX,24757,6,297531,439.56,0.15,7.44,443.28,0.15,-21.72,-0.01,-6653.04,-13.31,5
177,Entry short,2025-09-30 09:32,JJ_S,24794.25,6,297531,439.56,0.15,7.44,443.28,0.15,-21.72,-0.01,-6653.04,-13.31,5
178,Exit long,2025-09-30 09:49,JJ_LX,24775,6,297606,-313.44,-0.11,7.44,35.28,0.01,-309.72,-0.10,-6966.48,-13.93,2
178,Entry long,2025-09-30 09:47,JJ_L,24800.5,6,297606,-313.44,-0.11,7.44,35.28,0.01,-309.72,-0.10,-6966.48,-13.93,2
179,Exit long,2025-09-30 09:54,JJ_LX,24743.5,6,297228,-313.44,-0.11,7.44,38.28,0.01,-309.72,-0.10,-7279.92,-14.56,2
179,Entry long,2025-09-30 09:52,JJ_L,24769,6,297228,-313.44,-0.11,7.44,38.28,0.01,-309.72,-0.10,-7279.92,-14.56,2
180,Exit long,2025-09-30 10:03,JJ_LX,24806.25,6,297228,439.56,0.15,7.44,443.28,0.15,-51.72,-0.02,-6840.36,-13.68,6
180,Entry long,2025-09-30 09:57,JJ_L,24769,6,297228,439.56,0.15,7.44,443.28,0.15,-51.72,-0.02,-6840.36,-13.68,6
181,Exit long,2025-09-30 10:39,JJ_LX,24756.75,6,297387,-313.44,-0.11,7.44,323.28,0.11,-309.72,-0.10,-7153.8,-14.31,23
181,Entry long,2025-09-30 10:16,JJ_L,24782.25,6,297387,-313.44,-0.11,7.44,323.28,0.11,-309.72,-0.10,-7153.8,-14.31,23
182,Exit short,2025-10-01 09:31,JJ_SX,24772,6,296958,-313.44,-0.11,7.44,32.28,0.01,-309.72,-0.10,-7467.24,-14.93,1
182,Entry short,2025-10-01 09:30,JJ_S,24746.5,6,296958,-313.44,-0.11,7.44,32.28,0.01,-309.72,-0.10,-7467.24,-14.93,1
183,Exit long,2025-10-01 09:48,JJ_LX,24779.25,6,297657,-313.44,-0.11,7.44,437.28,0.15,-309.72,-0.10,-7780.68,-15.56,17
183,Entry long,2025-10-01 09:31,JJ_L,24804.75,6,297657,-313.44,-0.11,7.44,437.28,0.15,-309.72,-0.10,-7780.68,-15.56,17
184,Exit short,2025-10-01 09:49,JJ_SX,24735.75,6,297276,439.56,0.15,7.44,443.28,0.15,-24.72,-0.01,-7341.12,-14.68,1
184,Entry short,2025-10-01 09:48,JJ_S,24773,6,297276,439.56,0.15,7.44,443.28,0.15,-24.72,-0.01,-7341.12,-14.68,1
185,Exit short,2025-10-01 10:14,JJ_SX,24833.25,3,148696.5,-306.72,-0.21,3.72,164.64,0.11,-304.86,-0.21,-7647.84,-15.30,16
185,Entry short,2025-10-01 09:58,JJ_S,24782.75,3,148696.5,-306.72,-0.21,3.72,164.64,0.11,-304.86,-0.21,-7647.84,-15.30,16
186,Exit short,2025-10-01 10:35,JJ_SX,24904,6,298542,-313.44,-0.10,7.44,41.28,0.01,-309.72,-0.10,-7961.28,-15.92,4
186,Entry short,2025-10-01 10:31,JJ_S,24878.5,6,298542,-313.44,-0.10,7.44,41.28,0.01,-309.72,-0.10,-7961.28,-15.92,4
187,Exit short,2025-10-02 09:34,JJ_SX,25117.25,9,452551.5,429.84,0.09,11.16,435.42,0.10,-230.58,-0.05,-7531.44,-15.06,4
187,Entry short,2025-10-02 09:30,JJ_S,25141.75,9,452551.5,429.84,0.09,11.16,435.42,0.10,-230.58,-0.05,-7531.44,-15.06,4
188,Exit short,2025-10-02 09:41,JJ_SX,25056.25,6,301122,439.56,0.15,7.44,443.28,0.15,-81.72,-0.03,-7091.88,-14.18,4
188,Entry short,2025-10-02 09:37,JJ_S,25093.5,6,301122,439.56,0.15,7.44,443.28,0.15,-81.72,-0.03,-7091.88,-14.18,4
189,Exit long,2025-10-02 09:49,JJ_LX,25043.75,6,300831,-313.44,-0.10,7.44,20.28,0.01,-309.72,-0.10,-7405.32,-14.81,3
189,Entry long,2025-10-02 09:46,JJ_L,25069.25,6,300831,-313.44,-0.10,7.44,20.28,0.01,-309.72,-0.10,-7405.32,-14.81,3
190,Exit long,2025-10-02 10:46,JJ_LX,25030.5,6,300672,-313.44,-0.10,7.44,425.28,0.14,-309.72,-0.10,-7718.76,-15.44,48
190,Entry long,2025-10-02 09:58,JJ_L,25056,6,300672,-313.44,-0.10,7.44,425.28,0.14,-309.72,-0.10,-7718.76,-15.44,48
191,Exit long,2025-10-02 11:00,JJ_LX,25014.5,6,300480,-313.44,-0.10,7.44,200.28,0.07,-309.72,-0.10,-8032.2,-16.06,13
191,Entry long,2025-10-02 10:47,JJ_L,25040,6,300480,-313.44,-0.10,7.44,200.28,0.07,-309.72,-0.10,-8032.2,-16.06,13
192,Exit long,2025-10-03 09:33,JJ_LX,25133.25,6,301905,-313.44,-0.10,7.44,62.28,0.02,-309.72,-0.10,-8345.64,-16.69,2
192,Entry long,2025-10-03 09:31,JJ_L,25158.75,6,301905,-313.44,-0.10,7.44,62.28,0.02,-309.72,-0.10,-8345.64,-16.69,2
193,Exit short,2025-10-03 09:47,JJ_SX,25149.5,6,301488,-313.44,-0.10,7.44,119.28,0.04,-309.72,-0.10,-8659.08,-17.32,6
193,Entry short,2025-10-03 09:41,JJ_S,25124,6,301488,-313.44,-0.10,7.44,119.28,0.04,-309.72,-0.10,-8659.08,-17.32,6
194,Exit long,2025-10-03 10:37,JJ_LX,25111.5,6,300891,439.56,0.15,7.44,443.28,0.15,-216.72,-0.07,-8219.52,-16.44,28
194,Entry long,2025-10-03 10:09,JJ_L,25074.25,6,300891,439.56,0.15,7.44,443.28,0.15,-216.72,-0.07,-8219.52,-16.44,28
195,Exit long,2025-10-03 11:57,JJ_LX,25148,6,301329,439.56,0.15,7.44,443.28,0.15,-237.72,-0.08,-7779.96,-15.56,80
195,Entry long,2025-10-03 10:37,JJ_L,25110.75,6,301329,439.56,0.15,7.44,443.28,0.15,-237.72,-0.08,-7779.96,-15.56,80
196,Exit short,2025-10-06 09:45,JJ_SX,25152,6,301518,-313.44,-0.10,7.44,110.28,0.04,-309.72,-0.10,-8093.4,-16.19,2
196,Entry short,2025-10-06 09:43,JJ_S,25126.5,6,301518,-313.44,-0.10,7.44,110.28,0.04,-309.72,-0.10,-8093.4,-16.19,2
197,Exit long,2025-10-06 09:51,JJ_LX,25140.75,6,301995,-313.44,-0.10,7.44,92.28,0.03,-309.72,-0.10,-8406.84,-16.81,5
197,Entry long,2025-10-06 09:46,JJ_L,25166.25,6,301995,-313.44,-0.10,7.44,92.28,0.03,-309.72,-0.10,-8406.84,-16.81,5
198,Exit long,2025-10-06 10:31,JJ_LX,25130,6,301866,-313.44,-0.10,7.44,344.28,0.11,-309.72,-0.10,-8720.28,-17.44,33
198,Entry long,2025-10-06 09:58,JJ_L,25155.5,6,301866,-313.44,-0.10,7.44,344.28,0.11,-309.72,-0.10,-8720.28,-17.44,33
199,Exit long,2025-10-06 10:42,JJ_LX,25116.75,6,301707,-313.44,-0.10,7.44,41.28,0.01,-309.72,-0.10,-9033.72,-18.07,10
199,Entry long,2025-10-06 10:32,JJ_L,25142.25,6,301707,-313.44,-0.10,7.44,41.28,0.01,-309.72,-0.10,-9033.72,-18.07,10
200,Exit long,2025-10-06 11:05,JJ_LX,25166.25,6,301548,439.56,0.15,7.44,443.28,0.15,-78.72,-0.03,-8594.16,-17.19,23
200,Entry long,2025-10-06 10:42,JJ_L,25129,6,301548,439.56,0.15,7.44,443.28,0.15,-78.72,-0.03,-8594.16,-17.19,23
201,Exit long,2025-10-07 10:03,JJ_LX,25213.25,6,302865,-313.44,-0.10,7.44,317.28,0.10,-309.72,-0.10,-8907.6,-17.82,29
201,Entry long,2025-10-07 09:34,JJ_L,25238.75,6,302865,-313.44,-0.10,7.44,317.28,0.10,-309.72,-0.10,-8907.6,-17.82,29
202,Exit long,2025-10-07 10:35,JJ_LX,25201.5,6,302724,-313.44,-0.10,7.44,23.28,0.01,-309.72,-0.10,-9221.04,-18.44,2
202,Entry long,2025-10-07 10:33,JJ_L,25227,6,302724,-313.44,-0.10,7.44,23.28,0.01,-309.72,-0.10,-9221.04,-18.44,2
203,Exit long,2025-10-07 10:50,JJ_LX,25183,6,302502,-313.44,-0.10,7.44,32.28,0.01,-309.72,-0.10,-9534.48,-19.07,10
203,Entry long,2025-10-07 10:40,JJ_L,25208.5,6,302502,-313.44,-0.10,7.44,32.28,0.01,-309.72,-0.10,-9534.48,-19.07,10
204,Exit long,2025-10-08 09:48,JJ_LX,25162.75,6,301506,439.56,0.15,7.44,443.28,0.15,-171.72,-0.06,-9094.92,-18.19,16
204,Entry long,2025-10-08 09:32,JJ_L,25125.5,6,301506,439.56,0.15,7.44,443.28,0.15,-171.72,-0.06,-9094.92,-18.19,16
205,Exit short,2025-10-08 09:57,JJ_SX,25173.5,6,301776,-313.44,-0.10,7.44,59.28,0.02,-309.72,-0.10,-9408.36,-18.82,7
205,Entry short,2025-10-08 09:50,JJ_S,25148,6,301776,-313.44,-0.10,7.44,59.28,0.02,-309.72,-0.10,-9408.36,-18.82,7
206,Exit short,2025-10-08 11:25,JJ_SX,25235,6,302514,-313.44,-0.10,7.44,437.28,0.14,-309.72,-0.10,-9721.8,-19.44,67
206,Entry short,2025-10-08 10:18,JJ_S,25209.5,6,302514,-313.44,-0.10,7.44,437.28,0.14,-309.72,-0.10,-9721.8,-19.44,67
207,Exit short,2025-10-09 09:41,JJ_SX,25273.75,6,303732,439.56,0.14,7.44,443.28,0.15,-72.72,-0.02,-9282.24,-18.56,9
207,Entry short,2025-10-09 09:32,JJ_S,25311,6,303732,439.56,0.14,7.44,443.28,0.15,-72.72,-0.02,-9282.24,-18.56,9
208,Exit short,2025-10-09 09:49,JJ_SX,25298.25,6,303273,-313.44,-0.10,7.44,224.28,0.07,-309.72,-0.10,-9595.68,-19.19,8
208,Entry short,2025-10-09 09:41,JJ_S,25272.75,6,303273,-313.44,-0.10,7.44,224.28,0.07,-309.72,-0.10,-9595.68,-19.19,8
209,Exit long,2025-10-09 10:21,JJ_LX,25247,6,303270,-313.44,-0.10,7.44,254.28,0.08,-309.72,-0.10,-9909.12,-19.82,25
209,Entry long,2025-10-09 09:56,JJ_L,25272.5,6,303270,-313.44,-0.10,7.44,254.28,0.08,-309.72,-0.10,-9909.12,-19.82,25
210,Exit long,2025-10-09 10:44,JJ_LX,25203,6,302742,-313.44,-0.10,7.44,50.28,0.02,-309.72,-0.10,-10222.56,-20.45,4
210,Entry long,2025-10-09 10:40,JJ_L,25228.5,6,302742,-313.44,-0.10,7.44,50.28,0.02,-309.72,-0.10,-10222.56,-20.45,4
211,Exit long,2025-10-09 10:57,JJ_LX,25252.5,6,302583,439.56,0.15,7.44,443.28,0.15,-15.72,-0.01,-9783,-19.57,9
211,Entry long,2025-10-09 10:48,JJ_L,25215.25,6,302583,439.56,0.15,7.44,443.28,0.15,-15.72,-0.01,-9783,-19.57,9
212,Exit long,2025-10-10 09:45,JJ_LX,25382,6,304137,439.56,0.14,7.44,443.28,0.15,-297.72,-0.10,-9343.44,-18.69,14
212,Entry long,2025-10-10 09:31,JJ_L,25344.75,6,304137,439.56,0.14,7.44,443.28,0.15,-297.72,-0.10,-9343.44,-18.69,14
213,Exit short,2025-10-10 09:50,JJ_SX,25339.5,6,304521,439.56,0.14,7.44,443.28,0.15,-138.72,-0.05,-8903.88,-17.81,4
213,Entry short,2025-10-10 09:46,JJ_S,25376.75,6,304521,439.56,0.14,7.44,443.28,0.15,-138.72,-0.05,-8903.88,-17.81,4
214,Exit short,2025-10-10 10:16,JJ_SX,25302.5,6,304077,439.56,0.14,7.44,443.28,0.15,-186.72,-0.06,-8464.32,-16.93,6
214,Entry short,2025-10-10 10:10,JJ_S,25339.75,6,304077,439.56,0.14,7.44,443.28,0.15,-186.72,-0.06,-8464.32,-16.93,6
215,Exit short,2025-10-10 10:48,JJ_SX,25358.75,6,303999,-313.44,-0.10,7.44,209.28,0.07,-309.72,-0.10,-8777.76,-17.56,20
215,Entry short,2025-10-10 10:28,JJ_S,25333.25,6,303999,-313.44,-0.10,7.44,209.28,0.07,-309.72,-0.10,-8777.76,-17.56,20
216,Exit short,2025-10-10 10:57,JJ_SX,25298.5,6,304029,439.56,0.14,7.44,443.28,0.15,-126.72,-0.04,-8338.2,-16.68,5
216,Entry short,2025-10-10 10:52,JJ_S,25335.75,6,304029,439.56,0.14,7.44,443.28,0.15,-126.72,-0.04,-8338.2,-16.68,5
217,Exit short,2025-10-13 09:34,JJ_SX,24775,6,297747,439.56,0.15,7.44,443.28,0.15,-90.72,-0.03,-7898.64,-15.80,2
217,Entry short,2025-10-13 09:32,JJ_S,24812.25,6,297747,439.56,0.15,7.44,443.28,0.15,-90.72,-0.03,-7898.64,-15.80,2
218,Exit short,2025-10-13 09:43,JJ_SX,24810,3,148557,-306.72,-0.21,3.72,208.14,0.14,-304.86,-0.21,-8205.36,-16.41,9
218,Entry short,2025-10-13 09:34,JJ_S,24759.5,3,148557,-306.72,-0.21,3.72,208.14,0.14,-304.86,-0.21,-8205.36,-16.41,9
219,Exit long,2025-10-13 09:57,JJ_LX,24878.5,3,148822.5,444.78,0.30,3.72,446.64,0.30,-57.36,-0.04,-7760.58,-15.52,11
219,Entry long,2025-10-13 09:46,JJ_L,24803.75,3,148822.5,444.78,0.30,3.72,446.64,0.30,-57.36,-0.04,-7760.58,-15.52,11
220,Exit short,2025-10-13 10:22,JJ_SX,24815.75,3,149343,444.78,0.30,3.72,446.64,0.30,-21.36,-0.01,-7315.8,-14.63,6
220,Entry short,2025-10-13 10:16,JJ_S,24890.5,3,149343,444.78,0.30,3.72,446.64,0.30,-21.36,-0.01,-7315.8,-14.63,6
221,Exit long,2025-10-13 11:19,JJ_LX,24867.25,3,148755,444.78,0.30,3.72,446.64,0.30,-295.86,-0.20,-6871.02,-13.74,26
221,Entry long,2025-10-13 10:53,JJ_L,24792.5,3,148755,444.78,0.30,3.72,446.64,0.30,-295.86,-0.20,-6871.02,-13.74,26
222,Exit short,2025-10-14 09:37,JJ_SX,24495,3,147418.5,444.78,0.30,3.72,446.64,0.30,-58.86,-0.04,-6426.24,-12.85,4
222,Entry short,2025-10-14 09:33,JJ_S,24569.75,3,147418.5,444.78,0.30,3.72,446.64,0.30,-58.86,-0.04,-6426.24,-12.85,4
223,Exit short,2025-10-14 09:53,JJ_SX,24537.75,3,146923.5,-306.72,-0.21,3.72,382.14,0.26,-304.86,-0.21,-6732.96,-13.47,16
223,Entry short,2025-10-14 09:37,JJ_S,24487.25,3,146923.5,-306.72,-0.21,3.72,382.14,0.26,-304.86,-0.21,-6732.96,-13.47,16
224,Exit long,2025-10-14 10:07,JJ_LX,24618.75,3,147264,444.78,0.30,3.72,446.64,0.30,-63.36,-0.04,-6288.18,-12.58,14
224,Entry long,2025-10-14 09:53,JJ_L,24544,3,147264,444.78,0.30,3.72,446.64,0.30,-63.36,-0.04,-6288.18,-12.58,14
225,Exit long,2025-10-14 10:23,JJ_LX,24683,3,147649.5,444.78,0.30,3.72,446.64,0.30,-37.86,-0.03,-5843.4,-11.69,11
225,Entry long,2025-10-14 10:12,JJ_L,24608.25,3,147649.5,444.78,0.30,3.72,446.64,0.30,-37.86,-0.03,-5843.4,-11.69,11
226,Exit short,2025-10-14 11:05,JJ_SX,24750.5,3,148200,-306.72,-0.21,3.72,175.14,0.12,-304.86,-0.21,-6150.12,-12.30,35
226,Entry short,2025-10-14 10:30,JJ_S,24700,3,148200,-306.72,-0.21,3.72,175.14,0.12,-304.86,-0.21,-6150.12,-12.30,35
227,Exit short,2025-10-15 09:55,JJ_SX,24990.25,3,149638.5,-306.72,-0.20,3.72,254.64,0.17,-304.86,-0.20,-6456.84,-12.91,12
227,Entry short,2025-10-15 09:43,JJ_S,24939.75,3,149638.5,-306.72,-0.20,3.72,254.64,0.17,-304.86,-0.20,-6456.84,-12.91,12
228,Exit short,2025-10-15 11:34,JJ_SX,25011.5,3,150517.5,444.78,0.30,3.72,446.64,0.30,-190.86,-0.13,-6012.06,-12.02,83
228,Entry short,2025-10-15 10:11,JJ_S,25086.25,3,150517.5,444.78,0.30,3.72,446.64,0.30,-190.86,-0.13,-6012.06,-12.02,83
229,Exit long,2025-10-16 09:40,JJ_LX,25045.5,6,300852,-313.44,-0.10,7.44,416.28,0.14,-309.72,-0.10,-6325.5,-12.65,10
229,Entry long,2025-10-16 09:30,JJ_L,25071,6,300852,-313.44,-0.10,7.44,416.28,0.14,-309.72,-0.10,-6325.5,-12.65,10
230,Exit short,2025-10-16 09:42,JJ_SX,25066,6,300486,-313.44,-0.10,7.44,20.28,0.01,-309.72,-0.10,-6638.94,-13.28,2
230,Entry short,2025-10-16 09:40,JJ_S,25040.5,6,300486,-313.44,-0.10,7.44,20.28,0.01,-309.72,-0.10,-6638.94,-13.28,2
231,Exit long,2025-10-16 09:50,JJ_LX,25040.75,3,150547.5,-306.72,-0.20,3.72,203.64,0.14,-304.86,-0.20,-6945.66,-13.89,7
231,Entry long,2025-10-16 09:43,JJ_L,25091.25,3,150547.5,-306.72,-0.20,3.72,203.64,0.14,-304.86,-0.20,-6945.66,-13.89,7
232,Exit short,2025-10-16 10:23,JJ_SX,25112,3,150369,-306.72,-0.20,3.72,286.14,0.19,-304.86,-0.20,-7252.38,-14.50,24
232,Entry short,2025-10-16 09:59,JJ_S,25061.5,3,150369,-306.72,-0.20,3.72,286.14,0.19,-304.86,-0.20,-7252.38,-14.50,24
233,Exit short,2025-10-16 10:36,JJ_SX,25135,3,150507,-306.72,-0.20,3.72,235.14,0.16,-304.86,-0.20,-7559.1,-15.12,12
233,Entry short,2025-10-16 10:24,JJ_S,25084.5,3,150507,-306.72,-0.20,3.72,235.14,0.16,-304.86,-0.20,-7559.1,-15.12,12
234,Exit short,2025-10-17 09:31,JJ_SX,24755,3,148227,-306.72,-0.21,3.72,19.14,0.01,-304.86,-0.21,-7865.82,-15.73,1
234,Entry short,2025-10-17 09:30,JJ_S,24704.5,3,148227,-306.72,-0.21,3.72,19.14,0.01,-304.86,-0.21,-7865.82,-15.73,1
235,Exit long,2025-10-17 09:43,JJ_LX,24701.5,3,148512,-306.72,-0.21,3.72,392.64,0.26,-304.86,-0.21,-8172.54,-16.35,12
235,Entry long,2025-10-17 09:31,JJ_L,24752,3,148512,-306.72,-0.21,3.72,392.64,0.26,-304.86,-0.21,-8172.54,-16.35,12
236,Exit short,2025-10-17 09:48,JJ_SX,24742.5,3,148152,-306.72,-0.21,3.72,116.64,0.08,-304.86,-0.21,-8479.26,-16.96,5
236,Entry short,2025-10-17 09:43,JJ_S,24692,3,148152,-306.72,-0.21,3.72,116.64,0.08,-304.86,-0.21,-8479.26,-16.96,5
237,Exit short,2025-10-17 09:52,JJ_SX,24816.25,3,148594.5,-306.72,-0.21,3.72,13.14,0.01,-304.86,-0.21,-8785.98,-17.57,3
237,Entry short,2025-10-17 09:49,JJ_S,24765.75,3,148594.5,-306.72,-0.21,3.72,13.14,0.01,-304.86,-0.21,-8785.98,-17.57,3
238,Exit short,2025-10-17 10:00,JJ_SX,24786,3,149164.5,444.78,0.30,3.72,446.64,0.30,-19.86,-0.01,-8341.2,-16.68,3
238,Entry short,2025-10-17 09:57,JJ_S,24860.75,3,149164.5,444.78,0.30,3.72,446.64,0.30,-19.86,-0.01,-8341.2,-16.68,3
239,Exit long,2025-10-20 09:36,JJ_LX,25210.75,6,302082,439.56,0.15,7.44,443.28,0.15,-72.72,-0.02,-7901.64,-15.80,6
239,Entry long,2025-10-20 09:30,JJ_L,25173.5,6,302082,439.56,0.15,7.44,443.28,0.15,-72.72,-0.02,-7901.64,-15.80,6
240,Exit long,2025-10-20 09:41,JJ_LX,25193.5,6,302628,-313.44,-0.10,7.44,65.28,0.02,-309.72,-0.10,-8215.08,-16.43,5
240,Entry long,2025-10-20 09:36,JJ_L,25219,6,302628,-313.44,-0.10,7.44,65.28,0.02,-309.72,-0.10,-8215.08,-16.43,5
241,Exit short,2025-10-20 10:22,JJ_SX,25243.5,6,302616,-313.44,-0.10,7.44,29.28,0.01,-309.72,-0.10,-8528.52,-17.06,5
241,Entry short,2025-10-20 10:17,JJ_S,25218,6,302616,-313.44,-0.10,7.44,29.28,0.01,-309.72,-0.10,-8528.52,-17.06,5
242,Exit short,2025-10-20 10:43,JJ_SX,25300.25,6,303297,-313.44,-0.10,7.44,113.28,0.04,-309.72,-0.10,-8841.96,-17.68,13
242,Entry short,2025-10-20 10:30,JJ_S,25274.75,6,303297,-313.44,-0.10,7.44,113.28,0.04,-309.72,-0.10,-8841.96,-17.68,13
243,Exit short,2025-10-20 11:50,JJ_SX,25337.5,6,303744,-313.44,-0.10,7.44,269.28,0.09,-309.72,-0.10,-9155.4,-18.31,54
243,Entry short,2025-10-20 10:56,JJ_S,25312,6,303744,-313.44,-0.10,7.44,269.28,0.09,-309.72,-0.10,-9155.4,-18.31,54
244,Exit short,2025-10-21 09:42,JJ_SX,25249.5,6,303441,439.56,0.14,7.44,443.28,0.15,-105.72,-0.03,-8715.84,-17.43,12
244,Entry short,2025-10-21 09:30,JJ_S,25286.75,6,303441,439.56,0.14,7.44,443.28,0.15,-105.72,-0.03,-8715.84,-17.43,12
245,Exit long,2025-10-21 09:48,JJ_LX,25232.5,6,303096,-313.44,-0.10,7.44,38.28,0.01,-309.72,-0.10,-9029.28,-18.06,2
245,Entry long,2025-10-21 09:46,JJ_L,25258,6,303096,-313.44,-0.10,7.44,38.28,0.01,-309.72,-0.10,-9029.28,-18.06,2
246,Exit long,2025-10-21 09:57,JJ_LX,25215.25,6,302889,-313.44,-0.10,7.44,389.28,0.13,-309.72,-0.10,-9342.72,-18.69,8
246,Entry long,2025-10-21 09:49,JJ_L,25240.75,6,302889,-313.44,-0.10,7.44,389.28,0.13,-309.72,-0.10,-9342.72,-18.69,8
247,Exit long,2025-10-21 10:02,JJ_LX,25212.75,6,302859,-313.44,-0.10,7.44,44.28,0.01,-309.72,-0.10,-9656.16,-19.31,4
247,Entry long,2025-10-21 09:58,JJ_L,25238.25,6,302859,-313.44,-0.10,7.44,44.28,0.01,-309.72,-0.10,-9656.16,-19.31,4
248,Exit long,2025-10-21 10:20,JJ_LX,25277.25,6,302880,439.56,0.15,7.44,443.28,0.15,-261.72,-0.09,-9216.6,-18.43,15
248,Entry long,2025-10-21 10:05,JJ_L,25240,6,302880,439.56,0.15,7.44,443.28,0.15,-261.72,-0.09,-9216.6,-18.43,15
249,Exit short,2025-10-22 09:35,JJ_SX,25178.5,6,302589,439.56,0.15,7.44,443.28,0.15,-162.72,-0.05,-8777.04,-17.55,5
249,Entry short,2025-10-22 09:30,JJ_S,25215.75,6,302589,439.56,0.15,7.44,443.28,0.15,-162.72,-0.05,-8777.04,-17.55,5
250,Exit long,2025-10-22 10:42,JJ_LX,25079.5,3,150780,-306.72,-0.20,3.72,5.64,0.00,-304.86,-0.20,-9083.76,-18.17,6
250,Entry long,2025-10-22 10:36,JJ_L,25130,3,150780,-306.72,-0.20,3.72,5.64,0.00,-304.86,-0.20,-9083.76,-18.17,6
251,Exit long,2025-10-22 10:59,JJ_LX,25170.5,3,150574.5,444.78,0.30,3.72,446.64,0.30,-39.36,-0.03,-8638.98,-17.28,11
251,Entry long,2025-10-22 10:48,JJ_L,25095.75,3,150574.5,444.78,0.30,3.72,446.64,0.30,-39.36,-0.03,-8638.98,-17.28,11
252,Exit long,2025-10-23 09:41,JJ_LX,25081.75,6,300534,439.56,0.15,7.44,443.28,0.15,-81.72,-0.03,-8199.42,-16.40,6
252,Entry long,2025-10-23 09:35,JJ_L,25044.5,6,300534,439.56,0.15,7.44,443.28,0.15,-81.72,-0.03,-8199.42,-16.40,6
253,Exit long,2025-10-23 09:49,JJ_LX,25129.75,6,301110,439.56,0.15,7.44,443.28,0.15,-18.72,-0.01,-7759.86,-15.52,5
253,Entry long,2025-10-23 09:44,JJ_L,25092.5,6,301110,439.56,0.15,7.44,443.28,0.15,-18.72,-0.01,-7759.86,-15.52,5
254,Exit short,2025-10-23 10:10,JJ_SX,25117.5,6,301857,439.56,0.15,7.44,443.28,0.15,-261.72,-0.09,-7320.3,-14.64,13
254,Entry short,2025-10-23 09:57,JJ_S,25154.75,6,301857,439.56,0.15,7.44,443.28,0.15,-261.72,-0.09,-7320.3,-14.64,13
255,Exit short,2025-10-23 10:49,JJ_SX,25195.5,3,150870,-306.72,-0.20,3.72,68.64,0.05,-304.86,-0.20,-7627.02,-15.25,24
255,Entry short,2025-10-23 10:25,JJ_S,25145,3,150870,-306.72,-0.20,3.72,68.64,0.05,-304.86,-0.20,-7627.02,-15.25,24
256,Exit short,2025-10-23 11:00,JJ_SX,25192.25,6,302001,-313.44,-0.10,7.44,227.28,0.08,-309.72,-0.10,-7940.46,-15.88,8
256,Entry short,2025-10-23 10:52,JJ_S,25166.75,6,302001,-313.44,-0.10,7.44,227.28,0.08,-309.72,-0.10,-7940.46,-15.88,8
257,Exit short,2025-10-24 09:32,JJ_SX,25463,6,305250,-313.44,-0.10,7.44,86.28,0.03,-309.72,-0.10,-8253.9,-16.51,2
257,Entry short,2025-10-24 09:30,JJ_S,25437.5,6,305250,-313.44,-0.10,7.44,86.28,0.03,-309.72,-0.10,-8253.9,-16.51,2
258,Exit long,2025-10-24 09:37,JJ_LX,25527.75,6,305886,439.56,0.14,7.44,443.28,0.14,-45.72,-0.01,-7814.34,-15.63,3
258,Entry long,2025-10-24 09:34,JJ_L,25490.5,6,305886,439.56,0.14,7.44,443.28,0.14,-45.72,-0.01,-7814.34,-15.63,3
259,Exit long,2025-10-24 09:45,JJ_LX,25550.25,6,306156,439.56,0.14,7.44,443.28,0.14,-246.72,-0.08,-7374.78,-14.75,4
259,Entry long,2025-10-24 09:41,JJ_L,25513,6,306156,439.56,0.14,7.44,443.28,0.14,-246.72,-0.08,-7374.78,-14.75,4
260,Exit short,2025-10-24 09:59,JJ_SX,25519.25,6,305925,-313.44,-0.10,7.44,353.28,0.12,-309.72,-0.10,-7688.22,-15.38,12
260,Entry short,2025-10-24 09:47,JJ_S,25493.75,6,305925,-313.44,-0.10,7.44,353.28,0.12,-309.72,-0.10,-7688.22,-15.38,12
261,Exit short,2025-10-24 10:56,JJ_SX,25432.75,3,153045,444.78,0.29,3.72,446.64,0.29,-204.36,-0.13,-7243.44,-14.49,54
261,Entry short,2025-10-24 10:02,JJ_S,25507.5,3,153045,444.78,0.29,3.72,446.64,0.29,-204.36,-0.13,-7243.44,-14.49,54
262,Exit short,2025-10-27 09:44,JJ_SX,25839,6,309762,-313.44,-0.10,7.44,17.28,0.01,-309.72,-0.10,-7556.88,-15.11,3
262,Entry short,2025-10-27 09:41,JJ_S,25813.5,6,309762,-313.44,-0.10,7.44,17.28,0.01,-309.72,-0.10,-7556.88,-15.11,3
263,Exit long,2025-10-27 09:51,JJ_LX,25813,6,310062,-313.44,-0.10,7.44,134.28,0.04,-309.72,-0.10,-7870.32,-15.74,7
263,Entry long,2025-10-27 09:44,JJ_L,25838.5,6,310062,-313.44,-0.10,7.44,134.28,0.04,-309.72,-0.10,-7870.32,-15.74,7
264,Exit short,2025-10-27 10:20,JJ_SX,25828.25,6,310386,439.56,0.14,7.44,443.28,0.14,-105.72,-0.03,-7430.76,-14.86,13
264,Entry short,2025-10-27 10:07,JJ_S,25865.5,6,310386,439.56,0.14,7.44,443.28,0.14,-105.72,-0.03,-7430.76,-14.86,13
265,Exit short,2025-10-27 10:28,JJ_SX,25855.25,6,309957,-313.44,-0.10,7.44,71.28,0.02,-309.72,-0.10,-7744.2,-15.49,7
265,Entry short,2025-10-27 10:21,JJ_S,25829.75,6,309957,-313.44,-0.10,7.44,71.28,0.02,-309.72,-0.10,-7744.2,-15.49,7
266,Exit short,2025-10-27 11:34,JJ_SX,25904.25,6,310545,-313.44,-0.10,7.44,341.28,0.11,-309.72,-0.10,-8057.64,-16.12,54
266,Entry short,2025-10-27 10:40,JJ_S,25878.75,6,310545,-313.44,-0.10,7.44,341.28,0.11,-309.72,-0.10,-8057.64,-16.12,54
267,Exit long,2025-10-28 09:35,JJ_LX,26067,6,313110,-313.44,-0.10,7.44,14.28,0.00,-309.72,-0.10,-8371.08,-16.74,3
267,Entry long,2025-10-28 09:32,JJ_L,26092.5,6,313110,-313.44,-0.10,7.44,14.28,0.00,-309.72,-0.10,-8371.08,-16.74,3
268,Exit short,2025-10-28 09:39,JJ_SX,26070.25,6,312537,-313.44,-0.10,7.44,32.28,0.01,-309.72,-0.10,-8684.52,-17.37,4
268,Entry short,2025-10-28 09:35,JJ_S,26044.75,6,312537,-313.44,-0.10,7.44,32.28,0.01,-309.72,-0.10,-8684.52,-17.37,4
269,Exit long,2025-10-28 09:47,JJ_LX,26054.75,6,312963,-313.44,-0.10,7.44,8.28,0.00,-309.72,-0.10,-8997.96,-18.00,5
269,Entry long,2025-10-28 09:42,JJ_L,26080.25,6,312963,-313.44,-0.10,7.44,8.28,0.00,-309.72,-0.10,-8997.96,-18.00,5
270,Exit long,2025-10-28 09:56,JJ_LX,26079,6,312501,439.56,0.14,7.44,443.28,0.14,-156.72,-0.05,-8558.4,-17.12,3
270,Entry long,2025-10-28 09:53,JJ_L,26041.75,6,312501,439.56,0.14,7.44,443.28,0.14,-156.72,-0.05,-8558.4,-17.12,3
271,Exit short,2025-10-28 10:40,JJ_SX,26022.25,6,312714,439.56,0.14,7.44,443.28,0.14,-201.72,-0.06,-8118.84,-16.24,35
271,Entry short,2025-10-28 10:05,JJ_S,26059.5,6,312714,439.56,0.14,7.44,443.28,0.14,-201.72,-0.06,-8118.84,-16.24,35
272,Exit long,2025-10-29 09:37,JJ_LX,26262.5,6,315456,-313.44,-0.10,7.44,50.28,0.02,-309.72,-0.10,-8432.28,-16.86,5
272,Entry long,2025-10-29 09:32,JJ_L,26288,6,315456,-313.44,-0.10,7.44,50.28,0.02,-309.72,-0.10,-8432.28,-16.86,5
273,Exit short,2025-10-29 09:39,JJ_SX,26282.5,6,315084,-313.44,-0.10,7.44,29.28,0.01,-309.72,-0.10,-8745.72,-17.49,2
273,Entry short,2025-10-29 09:37,JJ_S,26257,6,315084,-313.44,-0.10,7.44,29.28,0.01,-309.72,-0.10,-8745.72,-17.49,2
274,Exit short,2025-10-29 09:56,JJ_SX,26314.5,6,315468,-313.44,-0.10,7.44,17.28,0.01,-309.72,-0.10,-9059.16,-18.12,3
274,Entry short,2025-10-29 09:53,JJ_S,26289,6,315468,-313.44,-0.10,7.44,17.28,0.01,-309.72,-0.10,-9059.16,-18.12,3
275,Exit short,2025-10-29 10:08,JJ_SX,26276,6,315759,439.56,0.14,7.44,443.28,0.14,-27.72,-0.01,-8619.6,-17.24,6
275,Entry short,2025-10-29 10:02,JJ_S,26313.25,6,315759,439.56,0.14,7.44,443.28,0.14,-27.72,-0.01,-8619.6,-17.24,6
276,Exit short,2025-10-29 10:31,JJ_SX,26304.75,6,315351,-313.44,-0.10,7.44,206.28,0.07,-309.72,-0.10,-8933.04,-17.87,20
276,Entry short,2025-10-29 10:11,JJ_S,26279.25,6,315351,-313.44,-0.10,7.44,206.28,0.07,-309.72,-0.10,-8933.04,-17.87,20
277,Exit short,2025-10-30 09:35,JJ_SX,26030.25,6,312810,439.56,0.14,7.44,443.28,0.14,-84.72,-0.03,-8493.48,-16.99,3
277,Entry short,2025-10-30 09:32,JJ_S,26067.5,6,312810,439.56,0.14,7.44,443.28,0.14,-84.72,-0.03,-8493.48,-16.99,3
278,Exit short,2025-10-30 09:36,JJ_SX,25986.25,6,312282,439.56,0.14,7.44,443.28,0.14,-18.72,-0.01,-8053.92,-16.11,1
278,Entry short,2025-10-30 09:35,JJ_S,26023.5,6,312282,439.56,0.14,7.44,443.28,0.14,-18.72,-0.01,-8053.92,-16.11,1
279,Exit short,2025-10-30 09:47,JJ_SX,26031.5,3,155886,-306.72,-0.20,3.72,235.14,0.15,-304.86,-0.20,-8360.64,-16.72,11
279,Entry short,2025-10-30 09:36,JJ_S,25981,3,155886,-306.72,-0.20,3.72,235.14,0.15,-304.86,-0.20,-8360.64,-16.72,11
280,Exit long,2025-10-30 09:54,JJ_LX,26130.75,3,156336,444.78,0.28,3.72,446.64,0.29,-18.36,-0.01,-7915.86,-15.83,6
280,Entry long,2025-10-30 09:48,JJ_L,26056,3,156336,444.78,0.28,3.72,446.64,0.29,-18.36,-0.01,-7915.86,-15.83,6
281,Exit long,2025-10-30 10:56,JJ_LX,25981.75,3,156193.5,-306.72,-0.20,3.72,395.64,0.25,-304.86,-0.20,-8222.58,-16.45,30
281,Entry long,2025-10-30 10:26,JJ_L,26032.25,3,156193.5,-306.72,-0.20,3.72,395.64,0.25,-304.86,-0.20,-8222.58,-16.45,30
282,Exit short,2025-10-31 09:39,JJ_SX,26141.5,6,314145,439.56,0.14,7.44,443.28,0.14,-150.72,-0.05,-7783.02,-15.57,9
282,Entry short,2025-10-31 09:30,JJ_S,26178.75,6,314145,439.56,0.14,7.44,443.28,0.14,-150.72,-0.05,-7783.02,-15.57,9
283,Exit short,2025-10-31 09:46,JJ_SX,26092.5,6,313557,439.56,0.14,7.44,443.28,0.14,-48.72,-0.02,-7343.46,-14.69,5
283,Entry short,2025-10-31 09:41,JJ_S,26129.75,6,313557,439.56,0.14,7.44,443.28,0.14,-48.72,-0.02,-7343.46,-14.69,5
284,Exit long,2025-10-31 09:54,JJ_LX,26084.5,6,313320,-313.44,-0.10,7.44,257.28,0.08,-309.72,-0.10,-7656.9,-15.31,8
284,Entry long,2025-10-31 09:46,JJ_L,26110,6,313320,-313.44,-0.10,7.44,257.28,0.08,-309.72,-0.10,-7656.9,-15.31,8
285,Exit long,2025-10-31 10:42,JJ_LX,26162.25,3,156525,444.78,0.28,3.72,446.64,0.29,-180.36,-0.12,-7212.12,-14.42,37
285,Entry long,2025-10-31 10:05,JJ_L,26087.5,3,156525,444.78,0.28,3.72,446.64,0.29,-180.36,-0.12,-7212.12,-14.42,37
286,Exit long,2025-10-31 11:27,JJ_LX,26137.75,6,313959,-313.44,-0.10,7.44,233.28,0.07,-309.72,-0.10,-7525.56,-15.05,44
286,Entry long,2025-10-31 10:43,JJ_L,26163.25,6,313959,-313.44,-0.10,7.44,233.28,0.07,-309.72,-0.10,-7525.56,-15.05,44
287,Exit short,2025-11-03 09:40,JJ_SX,26171.5,6,314505,439.56,0.14,7.44,443.28,0.14,-114.72,-0.04,-7086,-14.17,5
287,Entry short,2025-11-03 09:35,JJ_S,26208.75,6,314505,439.56,0.14,7.44,443.28,0.14,-114.72,-0.04,-7086,-14.17,5
288,Exit long,2025-11-03 09:49,JJ_LX,26154,6,314154,-313.44,-0.10,7.44,32.28,0.01,-309.72,-0.10,-7399.44,-14.80,4
288,Entry long,2025-11-03 09:45,JJ_L,26179.5,6,314154,-313.44,-0.10,7.44,32.28,0.01,-309.72,-0.10,-7399.44,-14.80,4
289,Exit long,2025-11-03 10:00,JJ_LX,26118.75,6,313731,-313.44,-0.10,7.44,149.28,0.05,-309.72,-0.10,-7712.88,-15.43,9
289,Entry long,2025-11-03 09:51,JJ_L,26144.25,6,313731,-313.44,-0.10,7.44,149.28,0.05,-309.72,-0.10,-7712.88,-15.43,9
290,Exit long,2025-11-03 10:16,JJ_LX,26099.5,6,313500,-313.44,-0.10,7.44,356.28,0.11,-309.72,-0.10,-8026.32,-16.05,8
290,Entry long,2025-11-03 10:08,JJ_L,26125,6,313500,-313.44,-0.10,7.44,356.28,0.11,-309.72,-0.10,-8026.32,-16.05,8
291,Exit long,2025-11-03 10:44,JJ_LX,26097.5,6,312723,439.56,0.14,7.44,443.28,0.14,-24.72,-0.01,-7586.76,-15.17,6
291,Entry long,2025-11-03 10:38,JJ_L,26060.25,6,312723,439.56,0.14,7.44,443.28,0.14,-24.72,-0.01,-7586.76,-15.17,6
292,Exit short,2025-11-04 09:33,JJ_SX,25676.75,6,308568,439.56,0.14,7.44,443.28,0.14,-51.72,-0.02,-7147.2,-14.29,1
292,Entry short,2025-11-04 09:32,JJ_S,25714,6,308568,439.56,0.14,7.44,443.28,0.14,-51.72,-0.02,-7147.2,-14.29,1
293,Exit short,2025-11-04 09:35,JJ_SX,25698.25,6,308073,-313.44,-0.10,7.44,113.28,0.04,-309.72,-0.10,-7460.64,-14.92,2
293,Entry short,2025-11-04 09:33,JJ_S,25672.75,6,308073,-313.44,-0.10,7.44,113.28,0.04,-309.72,-0.10,-7460.64,-14.92,2
294,Exit short,2025-11-04 09:41,JJ_SX,25745.75,3,154171.5,-306.72,-0.20,3.72,113.64,0.07,-304.86,-0.20,-7767.36,-15.53,4
294,Entry short,2025-11-04 09:37,JJ_S,25695.25,3,154171.5,-306.72,-0.20,3.72,113.64,0.07,-304.86,-0.20,-7767.36,-15.53,4
295,Exit long,2025-11-04 09:54,JJ_LX,25838,3,154579.5,444.78,0.29,3.72,446.64,0.29,-171.36,-0.11,-7322.58,-14.65,13
295,Entry long,2025-11-04 09:41,JJ_L,25763.25,3,154579.5,444.78,0.29,3.72,446.64,0.29,-171.36,-0.11,-7322.58,-14.65,13
296,Exit short,2025-11-04 10:55,JJ_SX,25792.25,3,155202,444.78,0.29,3.72,446.64,0.29,-162.36,-0.10,-6877.8,-13.76,52
296,Entry short,2025-11-04 10:03,JJ_S,25867,3,155202,444.78,0.29,3.72,446.64,0.29,-162.36,-0.10,-6877.8,-13.76,52
297,Exit short,2025-11-05 09:35,JJ_SX,25490,6,306327,439.56,0.14,7.44,443.28,0.14,-276.72,-0.09,-6438.24,-12.88,4
297,Entry short,2025-11-05 09:31,JJ_S,25527.25,6,306327,439.56,0.14,7.44,443.28,0.14,-276.72,-0.09,-6438.24,-12.88,4
298,Exit long,2025-11-05 09:50,JJ_LX,25626.25,3,153309,444.78,0.29,3.72,446.64,0.29,-258.36,-0.17,-5993.46,-11.99,12
298,Entry long,2025-11-05 09:38,JJ_L,25551.5,3,153309,444.78,0.29,3.72,446.64,0.29,-258.36,-0.17,-5993.46,-11.99,12
299,Exit short,2025-11-05 10:26,JJ_SX,25699.5,3,153894,-306.72,-0.20,3.72,181.14,0.12,-304.86,-0.20,-6300.18,-12.60,7
299,Entry short,2025-11-05 10:19,JJ_S,25649,3,153894,-306.72,-0.20,3.72,181.14,0.12,-304.86,-0.20,-6300.18,-12.60,7
300,Exit short,2025-11-05 11:29,JJ_SX,25746.25,3,154174.5,-306.72,-0.20,3.72,223.14,0.14,-304.86,-0.20,-6606.9,-13.21,55
300,Entry short,2025-11-05 10:34,JJ_S,25695.75,3,154174.5,-306.72,-0.20,3.72,223.14,0.14,-304.86,-0.20,-6606.9,-13.21,55
301,Exit short,2025-11-06 09:32,JJ_SX,25663,6,307650,-313.44,-0.10,7.44,59.28,0.02,-309.72,-0.10,-6920.34,-13.84,1
301,Entry short,2025-11-06 09:31,JJ_S,25637.5,6,307650,-313.44,-0.10,7.44,59.28,0.02,-309.72,-0.10,-6920.34,-13.84,1
302,Exit short,2025-11-06 09:34,JJ_SX,25657.75,6,307587,-313.44,-0.10,7.44,14.28,0.00,-309.72,-0.10,-7233.78,-14.47,1
302,Entry short,2025-11-06 09:33,JJ_S,25632.25,6,307587,-313.44,-0.10,7.44,14.28,0.00,-309.72,-0.10,-7233.78,-14.47,1
303,Exit short,2025-11-06 09:36,JJ_SX,25645.75,6,307443,-313.44,-0.10,7.44,5.28,0.00,-309.72,-0.10,-7547.22,-15.09,1
303,Entry short,2025-11-06 09:35,JJ_S,25620.25,6,307443,-313.44,-0.10,7.44,5.28,0.00,-309.72,-0.10,-7547.22,-15.09,1
304,Exit short,2025-11-06 09:51,JJ_SX,25570,3,153868.5,444.78,0.29,3.72,446.64,0.29,-171.36,-0.11,-7102.44,-14.20,12
304,Entry short,2025-11-06 09:39,JJ_S,25644.75,3,153868.5,444.78,0.29,3.72,446.64,0.29,-171.36,-0.11,-7102.44,-14.20,12
305,Exit long,2025-11-06 10:14,JJ_LX,25422,3,152835,-306.72,-0.20,3.72,103.14,0.07,-304.86,-0.20,-7409.16,-14.82,8
305,Entry long,2025-11-06 10:06,JJ_L,25472.5,3,152835,-306.72,-0.20,3.72,103.14,0.07,-304.86,-0.20,-7409.16,-14.82,8
306,Exit short,2025-11-07 09:31,JJ_SX,25071.5,6,300552,-313.44,-0.10,7.44,0,0.00,-309.72,-0.10,-7722.6,-15.45,1
306,Entry short,2025-11-07 09:30,JJ_S,25046,6,300552,-313.44,-0.10,7.44,0,0.00,-309.72,-0.10,-7722.6,-15.45,1
307,Exit short,2025-11-07 09:37,JJ_SX,24977,3,150310.5,444.78,0.30,3.72,446.64,0.30,-141.36,-0.09,-7277.82,-14.56,4
307,Entry short,2025-11-07 09:33,JJ_S,25051.75,3,150310.5,444.78,0.30,3.72,446.64,0.30,-141.36,-0.09,-7277.82,-14.56,4
308,Exit short,2025-11-07 09:52,JJ_SX,25001.25,3,149704.5,-306.72,-0.20,3.72,197.64,0.13,-304.86,-0.20,-7584.54,-15.17,15
308,Entry short,2025-11-07 09:37,JJ_S,24950.75,3,149704.5,-306.72,-0.20,3.72,197.64,0.13,-304.86,-0.20,-7584.54,-15.17,15
309,Exit long,2025-11-07 10:03,JJ_LX,24947.75,3,149989.5,-306.72,-0.20,3.72,281.64,0.19,-304.86,-0.20,-7891.26,-15.78,11
309,Entry long,2025-11-07 09:52,JJ_L,24998.25,3,149989.5,-306.72,-0.20,3.72,281.64,0.19,-304.86,-0.20,-7891.26,-15.78,11
310,Exit long,2025-11-07 10:11,JJ_LX,25006.75,3,149592,444.78,0.30,3.72,446.64,0.30,-84.36,-0.06,-7446.48,-14.89,3
310,Entry long,2025-11-07 10:08,JJ_L,24932,3,149592,444.78,0.30,3.72,446.64,0.30,-84.36,-0.06,-7446.48,-14.89,3
311,Exit long,2025-11-10 09:35,JJ_LX,25601.5,6,306771,439.56,0.14,7.44,443.28,0.14,-36.72,-0.01,-7006.92,-14.01,5
311,Entry long,2025-11-10 09:30,JJ_L,25564.25,6,306771,439.56,0.14,7.44,443.28,0.14,-36.72,-0.01,-7006.92,-14.01,5
312,Exit long,2025-11-10 09:44,JJ_LX,25637.75,6,307206,439.56,0.14,7.44,443.28,0.14,-174.72,-0.06,-6567.36,-13.13,9
312,Entry long,2025-11-10 09:35,JJ_L,25600.5,6,307206,439.56,0.14,7.44,443.28,0.14,-174.72,-0.06,-6567.36,-13.13,9
313,Exit short,2025-11-10 09:55,JJ_SX,25620,6,307134,-313.44,-0.10,7.44,68.28,0.02,-309.72,-0.10,-6880.8,-13.76,3
313,Entry short,2025-11-10 09:52,JJ_S,25594.5,6,307134,-313.44,-0.10,7.44,68.28,0.02,-309.72,-0.10,-6880.8,-13.76,3
314,Exit short,2025-11-10 10:25,JJ_SX,25663.5,6,307656,-313.44,-0.10,7.44,326.28,0.11,-309.72,-0.10,-7194.24,-14.39,26
314,Entry short,2025-11-10 09:59,JJ_S,25638,6,307656,-313.44,-0.10,7.44,326.28,0.11,-309.72,-0.10,-7194.24,-14.39,26
315,Exit short,2025-11-10 10:48,JJ_SX,25605.25,6,307710,439.56,0.14,7.44,443.28,0.14,-261.72,-0.09,-6754.68,-13.51,19
315,Entry short,2025-11-10 10:29,JJ_S,25642.5,6,307710,439.56,0.14,7.44,443.28,0.14,-261.72,-0.09,-6754.68,-13.51,19
316,Exit long,2025-11-11 09:38,JJ_LX,25605.25,6,307569,-313.44,-0.10,7.44,179.28,0.06,-309.72,-0.10,-7068.12,-14.14,2
316,Entry long,2025-11-11 09:36,JJ_L,25630.75,6,307569,-313.44,-0.10,7.44,179.28,0.06,-309.72,-0.10,-7068.12,-14.14,2
317,Exit short,2025-11-11 09:50,JJ_SX,25564,6,307215,439.56,0.14,7.44,443.28,0.14,-288.72,-0.09,-6628.56,-13.26,9
317,Entry short,2025-11-11 09:41,JJ_S,25601.25,6,307215,439.56,0.14,7.44,443.28,0.14,-288.72,-0.09,-6628.56,-13.26,9
318,Exit long,2025-11-11 09:57,JJ_LX,25622.25,6,307020,439.56,0.14,7.44,443.28,0.14,-18.72,-0.01,-6189,-12.38,2
318,Entry long,2025-11-11 09:55,JJ_L,25585,6,307020,439.56,0.14,7.44,443.28,0.14,-18.72,-0.01,-6189,-12.38,2
319,Exit long,2025-11-11 10:34,JJ_LX,25513.5,3,153384,-306.72,-0.20,3.72,200.64,0.13,-304.86,-0.20,-6495.72,-12.99,27
319,Entry long,2025-11-11 10:07,JJ_L,25564,3,153384,-306.72,-0.20,3.72,200.64,0.13,-304.86,-0.20,-6495.72,-12.99,27
320,Exit long,2025-11-11 10:51,JJ_LX,25497.25,6,306273,-313.44,-0.10,7.44,341.28,0.11,-309.72,-0.10,-6809.16,-13.62,12
320,Entry long,2025-11-11 10:39,JJ_L,25522.75,6,306273,-313.44,-0.10,7.44,341.28,0.11,-309.72,-0.10,-6809.16,-13.62,12
321,Exit short,2025-11-12 09:31,JJ_SX,25698.25,6,308826,439.56,0.14,7.44,443.28,0.14,-42.72,-0.01,-6369.6,-12.74,1
321,Entry short,2025-11-12 09:30,JJ_S,25735.5,6,308826,439.56,0.14,7.44,443.28,0.14,-42.72,-0.01,-6369.6,-12.74,1
322,Exit short,2025-11-12 09:46,JJ_SX,25626.5,6,307965,439.56,0.14,7.44,443.28,0.14,-72.72,-0.02,-5930.04,-11.86,6
322,Entry short,2025-11-12 09:40,JJ_S,25663.75,6,307965,439.56,0.14,7.44,443.28,0.14,-72.72,-0.02,-5930.04,-11.86,6
323,Exit long,2025-11-12 10:36,JJ_LX,25549.75,3,153601.5,-306.72,-0.20,3.72,355.14,0.23,-304.86,-0.20,-6236.76,-12.47,46
323,Entry long,2025-11-12 09:50,JJ_L,25600.25,3,153601.5,-306.72,-0.20,3.72,355.14,0.23,-304.86,-0.20,-6236.76,-12.47,46
324,Exit long,2025-11-12 11:10,JJ_LX,25512.5,3,153378,-306.72,-0.20,3.72,292.14,0.19,-304.86,-0.20,-6543.48,-13.09,33
324,Entry long,2025-11-12 10:37,JJ_L,25563,3,153378,-306.72,-0.20,3.72,292.14,0.19,-304.86,-0.20,-6543.48,-13.09,33
325,Exit short,2025-11-13 09:35,JJ_SX,25419.25,6,305478,439.56,0.14,7.44,443.28,0.15,-285.72,-0.09,-6103.92,-12.21,5
325,Entry short,2025-11-13 09:30,JJ_S,25456.5,6,305478,439.56,0.14,7.44,443.28,0.15,-285.72,-0.09,-6103.92,-12.21,5
326,Exit short,2025-11-13 09:44,JJ_SX,25291.5,3,152197.5,444.78,0.29,3.72,446.64,0.29,-123.36,-0.08,-5659.14,-11.32,8
326,Entry short,2025-11-13 09:36,JJ_S,25366.25,3,152197.5,444.78,0.29,3.72,446.64,0.29,-123.36,-0.08,-5659.14,-11.32,8
327,Exit long,2025-11-13 09:57,JJ_LX,25401.75,3,151962,444.78,0.29,3.72,446.64,0.29,-120.36,-0.08,-5214.36,-10.43,9
327,Entry long,2025-11-13 09:48,JJ_L,25327,3,151962,444.78,0.29,3.72,446.64,0.29,-120.36,-0.08,-5214.36,-10.43,9
328,Exit long,2025-11-13 10:08,JJ_LX,25434.5,3,152158.5,444.78,0.29,3.72,446.64,0.29,-217.86,-0.14,-4769.58,-9.54,5
328,Entry long,2025-11-13 10:03,JJ_L,25359.75,3,152158.5,444.78,0.29,3.72,446.64,0.29,-217.86,-0.14,-4769.58,-9.54,5
329,Exit long,2025-11-13 10:23,JJ_LX,25389.5,3,152640,-306.72,-0.20,3.72,340.14,0.22,-304.86,-0.20,-5076.3,-10.15,14
329,Entry long,2025-11-13 10:09,JJ_L,25440,3,152640,-306.72,-0.20,3.72,340.14,0.22,-304.86,-0.20,-5076.3,-10.15,14
330,Exit short,2025-11-14 09:32,JJ_SX,24660.5,6,296373,439.56,0.15,7.44,443.28,0.15,-219.72,-0.07,-4636.74,-9.27,2
330,Entry short,2025-11-14 09:30,JJ_S,24697.75,6,296373,439.56,0.15,7.44,443.28,0.15,-219.72,-0.07,-4636.74,-9.27,2
331,Exit short,2025-11-14 09:35,JJ_SX,24697,3,147879,-306.72,-0.21,3.72,121.14,0.08,-304.86,-0.21,-4943.46,-9.89,3
331,Entry short,2025-11-14 09:32,JJ_S,24646.5,3,147879,-306.72,-0.21,3.72,121.14,0.08,-304.86,-0.21,-4943.46,-9.89,3
332,Exit long,2025-11-14 09:45,JJ_LX,24850.25,3,148653,444.78,0.30,3.72,446.64,0.30,-90.36,-0.06,-4498.68,-9.00,9
332,Entry long,2025-11-14 09:36,JJ_L,24775.5,3,148653,444.78,0.30,3.72,446.64,0.30,-90.36,-0.06,-4498.68,-9.00,9
333,Exit short,2025-11-14 10:16,JJ_SX,24978.75,3,149569.5,-306.72,-0.21,3.72,392.64,0.26,-304.86,-0.20,-4805.4,-9.61,9
333,Entry short,2025-11-14 10:07,JJ_S,24928.25,3,149569.5,-306.72,-0.21,3.72,392.64,0.26,-304.86,-0.20,-4805.4,-9.61,9
334,Exit short,2025-11-14 10:26,JJ_SX,24957,3,149439,-306.72,-0.21,3.72,20.64,0.01,-304.86,-0.20,-5112.12,-10.22,1
334,Entry short,2025-11-14 10:25,JJ_S,24906.5,3,149439,-306.72,-0.21,3.72,20.64,0.01,-304.86,-0.20,-5112.12,-10.22,1
335,Exit long,2025-11-17 09:32,JJ_LX,25049.5,6,300147,439.56,0.15,7.44,443.28,0.15,-45.72,-0.02,-4672.56,-9.35,1
335,Entry long,2025-11-17 09:31,JJ_L,25012.25,6,300147,439.56,0.15,7.44,443.28,0.15,-45.72,-0.02,-4672.56,-9.35,1
336,Exit long,2025-11-17 09:37,JJ_LX,25143.5,3,150412.5,444.78,0.30,3.72,446.64,0.30,-66.36,-0.04,-4227.78,-8.46,5
336,Entry long,2025-11-17 09:32,JJ_L,25068.75,3,150412.5,444.78,0.30,3.72,446.64,0.30,-66.36,-0.04,-4227.78,-8.46,5
337,Exit long,2025-11-17 09:51,JJ_LX,25246,3,151027.5,444.78,0.29,3.72,446.64,0.30,-177.36,-0.12,-3783,-7.57,12
337,Entry long,2025-11-17 09:39,JJ_L,25171.25,3,151027.5,444.78,0.29,3.72,446.64,0.30,-177.36,-0.12,-3783,-7.57,12
338,Exit short,2025-11-17 10:09,JJ_SX,25067.5,3,150853.5,444.78,0.29,3.72,446.64,0.30,-102.36,-0.07,-3338.22,-6.68,6
338,Entry short,2025-11-17 10:03,JJ_S,25142.25,3,150853.5,444.78,0.29,3.72,446.64,0.30,-102.36,-0.07,-3338.22,-6.68,6
339,Exit short,2025-11-17 10:29,JJ_SX,25146.5,3,150576,-306.72,-0.20,3.72,238.14,0.16,-304.86,-0.20,-3644.94,-7.29,12
339,Entry short,2025-11-17 10:17,JJ_S,25096,3,150576,-306.72,-0.20,3.72,238.14,0.16,-304.86,-0.20,-3644.94,-7.29,12
340,Exit short,2025-11-18 09:32,JJ_SX,24720.25,3,148018.5,-306.72,-0.21,3.72,0,0.00,-304.86,-0.21,-3951.66,-7.90,1
340,Entry short,2025-11-18 09:31,JJ_S,24669.75,3,148018.5,-306.72,-0.21,3.72,0,0.00,-304.86,-0.21,-3951.66,-7.90,1
341,Exit long,2025-11-18 09:34,JJ_LX,24742.75,3,148759.5,-306.72,-0.21,3.72,230.64,0.16,-304.86,-0.20,-4258.38,-8.52,2
341,Entry long,2025-11-18 09:32,JJ_L,24793.25,3,148759.5,-306.72,-0.21,3.72,230.64,0.16,-304.86,-0.20,-4258.38,-8.52,2
342,Exit long,2025-11-18 09:40,JJ_LX,24714.25,3,148588.5,-306.72,-0.21,3.72,130.14,0.09,-304.86,-0.21,-4565.1,-9.13,4
342,Entry long,2025-11-18 09:36,JJ_L,24764.75,3,148588.5,-306.72,-0.21,3.72,130.14,0.09,-304.86,-0.21,-4565.1,-9.13,4
343,Exit short,2025-11-18 09:45,JJ_SX,24730.5,3,148080,-306.72,-0.21,3.72,235.14,0.16,-304.86,-0.21,-4871.82,-9.74,3
343,Entry short,2025-11-18 09:42,JJ_S,24680,3,148080,-306.72,-0.21,3.72,235.14,0.16,-304.86,-0.21,-4871.82,-9.74,3
344,Exit long,2025-11-18 09:49,JJ_LX,24618.75,3,148015.5,-306.72,-0.21,3.72,62.64,0.04,-304.86,-0.21,-5178.54,-10.36,1
344,Entry long,2025-11-18 09:48,JJ_L,24669.25,3,148015.5,-306.72,-0.21,3.72,62.64,0.04,-304.86,-0.21,-5178.54,-10.36,1
345,Exit long,2025-11-19 09:41,JJ_LX,24700,3,147751.5,444.78,0.30,3.72,446.64,0.30,-120.36,-0.08,-4733.76,-9.47,8
345,Entry long,2025-11-19 09:33,JJ_L,24625.25,3,147751.5,444.78,0.30,3.72,446.64,0.30,-120.36,-0.08,-4733.76,-9.47,8
346,Exit long,2025-11-19 09:49,JJ_LX,24774,3,148195.5,444.78,0.30,3.72,446.64,0.30,-6.36,0.00,-4288.98,-8.58,8
346,Entry long,2025-11-19 09:41,JJ_L,24699.25,3,148195.5,444.78,0.30,3.72,446.64,0.30,-6.36,0.00,-4288.98,-8.58,8
347,Exit short,2025-11-19 10:48,JJ_SX,24865.5,3,149641.5,444.78,0.30,3.72,446.64,0.30,-178.86,-0.12,-3844.2,-7.69,23
347,Entry short,2025-11-19 10:25,JJ_S,24940.25,3,149641.5,444.78,0.30,3.72,446.64,0.30,-178.86,-0.12,-3844.2,-7.69,23
348,Exit short,2025-11-19 10:55,JJ_SX,24788.75,3,149181,444.78,0.30,3.72,446.64,0.30,-4.86,0.00,-3399.42,-6.80,6
348,Entry short,2025-11-19 10:49,JJ_S,24863.5,3,149181,444.78,0.30,3.72,446.64,0.30,-4.86,0.00,-3399.42,-6.80,6
349,Exit short,2025-11-19 11:06,JJ_SX,24713,3,148726.5,444.78,0.30,3.72,446.64,0.30,-40.86,-0.03,-2954.64,-5.91,11
349,Entry short,2025-11-19 10:55,JJ_S,24787.75,3,148726.5,444.78,0.30,3.72,446.64,0.30,-40.86,-0.03,-2954.64,-5.91,11
350,Exit short,2025-11-20 09:43,JJ_SX,25231.75,3,151087.5,-306.72,-0.20,3.72,215.64,0.14,-304.86,-0.20,-3261.36,-6.52,3
350,Entry short,2025-11-20 09:40,JJ_S,25181.25,3,151087.5,-306.72,-0.20,3.72,215.64,0.14,-304.86,-0.20,-3261.36,-6.52,3
351,Exit long,2025-11-20 09:45,JJ_LX,25180.25,3,151384.5,-306.72,-0.20,3.72,19.14,0.01,-304.86,-0.20,-3568.08,-7.14,2
351,Entry long,2025-11-20 09:43,JJ_L,25230.75,3,151384.5,-306.72,-0.20,3.72,19.14,0.01,-304.86,-0.20,-3568.08,-7.14,2
352,Exit short,2025-11-20 10:54,JJ_SX,25194.25,3,151614,444.78,0.29,3.72,446.64,0.29,-67.86,-0.04,-3123.3,-6.25,8
352,Entry short,2025-11-20 10:46,JJ_S,25269,3,151614,444.78,0.29,3.72,446.64,0.29,-67.86,-0.04,-3123.3,-6.25,8
353,Exit short,2025-11-21 09:32,JJ_SX,24251.25,3,145204.5,-306.72,-0.21,3.72,97.14,0.07,-304.86,-0.21,-3430.02,-6.86,1
353,Entry short,2025-11-21 09:31,JJ_S,24200.75,3,145204.5,-306.72,-0.21,3.72,97.14,0.07,-304.86,-0.21,-3430.02,-6.86,1
354,Exit long,2025-11-21 09:38,JJ_LX,24203.25,3,145522.5,-306.72,-0.21,3.72,89.64,0.06,-304.86,-0.21,-3736.74,-7.47,2
354,Entry long,2025-11-21 09:36,JJ_L,24253.75,3,145522.5,-306.72,-0.21,3.72,89.64,0.06,-304.86,-0.21,-3736.74,-7.47,2
355,Exit short,2025-11-21 09:41,JJ_SX,24229,3,145071,-306.72,-0.21,3.72,152.64,0.11,-304.86,-0.21,-4043.46,-8.09,3
355,Entry short,2025-11-21 09:38,JJ_S,24178.5,3,145071,-306.72,-0.21,3.72,152.64,0.11,-304.86,-0.21,-4043.46,-8.09,3
356,Exit long,2025-11-21 09:42,JJ_LX,24199,3,145497,-306.72,-0.21,3.72,98.64,0.07,-304.86,-0.21,-4350.18,-8.70,1
356,Entry long,2025-11-21 09:41,JJ_L,24249.5,3,145497,-306.72,-0.21,3.72,98.64,0.07,-304.86,-0.21,-4350.18,-8.70,1
357,Exit long,2025-11-21 10:06,JJ_LX,24202.25,3,144765,444.78,0.31,3.72,446.64,0.31,-133.86,-0.09,-3905.4,-7.81,3
357,Entry long,2025-11-21 10:03,JJ_L,24127.5,3,144765,444.78,0.31,3.72,446.64,0.31,-133.86,-0.09,-3905.4,-7.81,3
358,Exit long,2025-11-24 09:32,JJ_LX,24625.5,6,295059,439.56,0.15,7.44,443.28,0.15,-39.72,-0.01,-3465.84,-6.93,1
358,Entry long,2025-11-24 09:31,JJ_L,24588.25,6,295059,439.56,0.15,7.44,443.28,0.15,-39.72,-0.01,-3465.84,-6.93,1
359,Exit long,2025-11-24 09:34,JJ_LX,24673.75,6,295638,439.56,0.15,7.44,443.28,0.15,-81.72,-0.03,-3026.28,-6.05,2
359,Entry long,2025-11-24 09:32,JJ_L,24636.5,6,295638,439.56,0.15,7.44,443.28,0.15,-81.72,-0.03,-3026.28,-6.05,2
360,Exit long,2025-11-24 09:40,JJ_LX,24632.25,3,148096.5,-306.72,-0.21,3.72,235.14,0.16,-304.86,-0.21,-3333,-6.67,6
360,Entry long,2025-11-24 09:34,JJ_L,24682.75,3,148096.5,-306.72,-0.21,3.72,235.14,0.16,-304.86,-0.21,-3333,-6.67,6
361,Exit long,2025-11-24 09:44,JJ_LX,24615.5,3,147996,-306.72,-0.21,3.72,142.14,0.10,-304.86,-0.21,-3639.72,-7.28,3
361,Entry long,2025-11-24 09:41,JJ_L,24666,3,147996,-306.72,-0.21,3.72,142.14,0.10,-304.86,-0.21,-3639.72,-7.28,3
362,Exit short,2025-11-24 09:53,JJ_SX,24668,3,147705,-306.72,-0.21,3.72,227.64,0.15,-304.86,-0.21,-3946.44,-7.89,4
362,Entry short,2025-11-24 09:49,JJ_S,24617.5,3,147705,-306.72,-0.21,3.72,227.64,0.15,-304.86,-0.21,-3946.44,-7.89,4
363,Exit long,2025-11-25 09:37,JJ_LX,24842,6,298410,-313.44,-0.11,7.44,131.28,0.04,-309.72,-0.10,-4259.88,-8.52,2
363,Entry long,2025-11-25 09:35,JJ_L,24867.5,6,298410,-313.44,-0.11,7.44,131.28,0.04,-309.72,-0.10,-4259.88,-8.52,2
364,Exit short,2025-11-25 09:43,JJ_SX,24762,3,149020.5,444.78,0.30,3.72,446.64,0.30,-6.36,0.00,-3815.1,-7.63,4
364,Entry short,2025-11-25 09:39,JJ_S,24836.75,3,149020.5,444.78,0.30,3.72,446.64,0.30,-6.36,0.00,-3815.1,-7.63,4
365,Exit short,2025-11-25 09:48,JJ_SX,24648.75,3,148341,444.78,0.30,3.72,446.64,0.30,-174.36,-0.12,-3370.32,-6.74,5
365,Entry short,2025-11-25 09:43,JJ_S,24723.5,3,148341,444.78,0.30,3.72,446.64,0.30,-174.36,-0.12,-3370.32,-6.74,5
366,Exit long,2025-11-25 09:52,JJ_LX,24727.5,3,147916.5,444.78,0.30,3.72,446.64,0.30,-28.86,-0.02,-2925.54,-5.85,2
366,Entry long,2025-11-25 09:50,JJ_L,24652.75,3,147916.5,444.78,0.30,3.72,446.64,0.30,-28.86,-0.02,-2925.54,-5.85,2
367,Exit long,2025-11-25 09:59,JJ_LX,24821.5,3,148480.5,444.78,0.30,3.72,446.64,0.30,-72.36,-0.05,-2480.76,-4.96,5
367,Entry long,2025-11-25 09:54,JJ_L,24746.75,3,148480.5,444.78,0.30,3.72,446.64,0.30,-72.36,-0.05,-2480.76,-4.96,5
368,Exit long,2025-11-26 09:38,JJ_LX,25217.75,6,302919,-313.44,-0.10,7.44,329.28,0.11,-309.72,-0.10,-2794.2,-5.59,8
368,Entry long,2025-11-26 09:30,JJ_L,25243.25,6,302919,-313.44,-0.10,7.44,329.28,0.11,-309.72,-0.10,-2794.2,-5.59,8
369,Exit long,2025-11-26 09:59,JJ_LX,25174.75,3,151351.5,-306.72,-0.20,3.72,335.64,0.22,-304.86,-0.20,-3100.92,-6.20,20
369,Entry long,2025-11-26 09:39,JJ_L,25225.25,3,151351.5,-306.72,-0.20,3.72,335.64,0.22,-304.86,-0.20,-3100.92,-6.20,20
370,Exit long,2025-11-26 10:58,JJ_LX,25258.25,3,151101,444.78,0.29,3.72,446.64,0.30,-249.36,-0.17,-2656.14,-5.31,51
370,Entry long,2025-11-26 10:07,JJ_L,25183.5,3,151101,444.78,0.29,3.72,446.64,0.30,-249.36,-0.17,-2656.14,-5.31,51
371,Exit long,2025-11-27 09:39,JJ_LX,25293.75,9,455593.5,-317.16,-0.07,11.16,124.92,0.03,-311.58,-0.07,-2973.3,-5.95,9
371,Entry long,2025-11-27 09:30,JJ_L,25310.75,9,455593.5,-317.16,-0.07,11.16,124.92,0.03,-311.58,-0.07,-2973.3,-5.95,9
372,Exit short,2025-11-27 18:00,JJ_SX,25312.25,9,455314.5,-317.16,-0.07,11.16,165.42,0.04,-311.58,-0.07,-3290.46,-6.58,197
372,Entry short,2025-11-27 09:43,JJ_S,25295.25,9,455314.5,-317.16,-0.07,11.16,165.42,0.04,-311.58,-0.07,-3290.46,-6.58,197
373,Exit long,2025-11-28 09:37,JJ_LX,25406.25,6,304428,439.56,0.14,7.44,443.28,0.15,-99.72,-0.03,-2850.9,-5.70,7
373,Entry long,2025-11-28 09:30,JJ_L,25369,6,304428,439.56,0.14,7.44,443.28,0.15,-99.72,-0.03,-2850.9,-5.70,7
374,Exit short,2025-11-28 09:48,JJ_SX,25378.25,6,304233,-313.44,-0.10,7.44,275.28,0.09,-309.72,-0.10,-3164.34,-6.33,8
374,Entry short,2025-11-28 09:40,JJ_S,25352.75,6,304233,-313.44,-0.10,7.44,275.28,0.09,-309.72,-0.10,-3164.34,-6.33,8
375,Exit short,2025-11-28 10:49,JJ_SX,25396.5,6,304452,-313.44,-0.10,7.44,170.28,0.06,-309.72,-0.10,-3477.78,-6.96,23
375,Entry short,2025-11-28 10:26,JJ_S,25371,6,304452,-313.44,-0.10,7.44,170.28,0.06,-309.72,-0.10,-3477.78,-6.96,23
376,Exit short,2025-12-01 09:33,JJ_SX,25276,6,303006,-313.44,-0.10,7.44,194.28,0.06,-309.72,-0.10,-3791.22,-7.58,2
376,Entry short,2025-12-01 09:31,JJ_S,25250.5,6,303006,-313.44,-0.10,7.44,194.28,0.06,-309.72,-0.10,-3791.22,-7.58,2
377,Exit long,2025-12-01 09:39,JJ_LX,25274.25,6,303597,-313.44,-0.10,7.44,236.28,0.08,-309.72,-0.10,-4104.66,-8.21,5
377,Entry long,2025-12-01 09:34,JJ_L,25299.75,6,303597,-313.44,-0.10,7.44,236.28,0.08,-309.72,-0.10,-4104.66,-8.21,5
378,Exit short,2025-12-01 09:45,JJ_SX,25267,3,151299,-306.72,-0.20,3.72,43.14,0.03,-304.86,-0.20,-4411.38,-8.82,2
378,Entry short,2025-12-01 09:43,JJ_S,25216.5,3,151299,-306.72,-0.20,3.72,43.14,0.03,-304.86,-0.20,-4411.38,-8.82,2
379,Exit short,2025-12-01 10:35,JJ_SX,25268,3,152056.5,444.78,0.29,3.72,446.64,0.29,-283.86,-0.19,-3966.6,-7.93,32
379,Entry short,2025-12-01 10:03,JJ_S,25342.75,3,152056.5,444.78,0.29,3.72,446.64,0.29,-283.86,-0.19,-3966.6,-7.93,32
380,Exit short,2025-12-01 10:40,JJ_SX,25356.25,3,151834.5,-306.72,-0.20,3.72,1.14,0.00,-304.86,-0.20,-4273.32,-8.55,3
380,Entry short,2025-12-01 10:37,JJ_S,25305.75,3,151834.5,-306.72,-0.20,3.72,1.14,0.00,-304.86,-0.20,-4273.32,-8.55,3
381,Exit long,2025-12-02 09:35,JJ_LX,25532.25,6,305940,439.56,0.14,7.44,443.28,0.14,-135.72,-0.04,-3833.76,-7.67,4
381,Entry long,2025-12-02 09:31,JJ_L,25495,6,305940,439.56,0.14,7.44,443.28,0.14,-135.72,-0.04,-3833.76,-7.67,4
382,Exit long,2025-12-02 09:36,JJ_LX,25579.25,6,306504,439.56,0.14,7.44,443.28,0.14,-45.72,-0.01,-3394.2,-6.79,1
382,Entry long,2025-12-02 09:35,JJ_L,25542,6,306504,439.56,0.14,7.44,443.28,0.14,-45.72,-0.01,-3394.2,-6.79,1
383,Exit long,2025-12-02 10:00,JJ_LX,25623.5,6,307035,439.56,0.14,7.44,443.28,0.14,-294.72,-0.10,-2954.64,-5.91,24
383,Entry long,2025-12-02 09:36,JJ_L,25586.25,6,307035,439.56,0.14,7.44,443.28,0.14,-294.72,-0.10,-2954.64,-5.91,24
384,Exit short,2025-12-02 10:28,JJ_SX,25600.5,6,307653,439.56,0.14,7.44,443.28,0.14,-117.72,-0.04,-2515.08,-5.03,19
384,Entry short,2025-12-02 10:09,JJ_S,25637.75,6,307653,439.56,0.14,7.44,443.28,0.14,-117.72,-0.04,-2515.08,-5.03,19
385,Exit short,2025-12-02 10:34,JJ_SX,25539.5,6,306921,439.56,0.14,7.44,443.28,0.14,-63.72,-0.02,-2075.52,-4.15,6
385,Entry short,2025-12-02 10:28,JJ_S,25576.75,6,306921,439.56,0.14,7.44,443.28,0.14,-63.72,-0.02,-2075.52,-4.15,6
386,Exit long,2025-12-03 09:34,JJ_LX,25474.25,3,153148.5,-306.72,-0.20,3.72,77.64,0.05,-304.86,-0.20,-2382.24,-4.76,2
386,Entry long,2025-12-03 09:32,JJ_L,25524.75,3,153148.5,-306.72,-0.20,3.72,77.64,0.05,-304.86,-0.20,-2382.24,-4.76,2
387,Exit short,2025-12-03 10:00,JJ_SX,25523.25,3,152836.5,-306.72,-0.20,3.72,254.64,0.17,-304.86,-0.20,-2688.96,-5.38,26
387,Entry short,2025-12-03 09:34,JJ_S,25472.75,3,152836.5,-306.72,-0.20,3.72,254.64,0.17,-304.86,-0.20,-2688.96,-5.38,26
388,Exit short,2025-12-03 10:46,JJ_SX,25605.25,3,153328.5,-306.72,-0.20,3.72,338.64,0.22,-304.86,-0.20,-2995.68,-5.99,41
388,Entry short,2025-12-03 10:05,JJ_S,25554.75,3,153328.5,-306.72,-0.20,3.72,338.64,0.22,-304.86,-0.20,-2995.68,-5.99,41
389,Exit short,2025-12-03 11:10,JJ_SX,25550.75,6,307056,439.56,0.14,7.44,443.28,0.14,-138.72,-0.05,-2556.12,-5.11,21
389,Entry short,2025-12-03 10:49,JJ_S,25588,6,307056,439.56,0.14,7.44,443.28,0.14,-138.72,-0.05,-2556.12,-5.11,21
390,Exit short,2025-12-04 09:33,JJ_SX,25632,6,308031,439.56,0.14,7.44,443.28,0.14,-117.72,-0.04,-2116.56,-4.23,3
390,Entry short,2025-12-04 09:30,JJ_S,25669.25,6,308031,439.56,0.14,7.44,443.28,0.14,-117.72,-0.04,-2116.56,-4.23,3
391,Exit short,2025-12-04 09:34,JJ_SX,25581.75,6,307428,439.56,0.14,7.44,443.28,0.14,-6.72,0.00,-1677,-3.35,1
391,Entry short,2025-12-04 09:33,JJ_S,25619,6,307428,439.56,0.14,7.44,443.28,0.14,-6.72,0.00,-1677,-3.35,1
392,Exit short,2025-12-04 09:36,JJ_SX,25617.25,3,153400.5,-306.72,-0.20,3.72,95.64,0.06,-304.86,-0.20,-1983.72,-3.97,2
392,Entry short,2025-12-04 09:34,JJ_S,25566.75,3,153400.5,-306.72,-0.20,3.72,95.64,0.06,-304.86,-0.20,-1983.72,-3.97,2
393,Exit short,2025-12-04 11:05,JJ_SX,25516.25,3,153546,444.78,0.29,3.72,446.64,0.29,-289.86,-0.19,-1538.94,-3.08,81
393,Entry short,2025-12-04 09:44,JJ_S,25591,3,153546,444.78,0.29,3.72,446.64,0.29,-289.86,-0.19,-1538.94,-3.08,81
394,Exit long,2025-12-05 09:39,JJ_LX,25734.25,6,309117,-313.44,-0.10,7.44,212.28,0.07,-309.72,-0.10,-1852.38,-3.70,3
394,Entry long,2025-12-05 09:36,JJ_L,25759.75,6,309117,-313.44,-0.10,7.44,212.28,0.07,-309.72,-0.10,-1852.38,-3.70,3
395,Exit long,2025-12-05 09:53,JJ_LX,25785,3,154261.5,444.78,0.29,3.72,446.64,0.29,-139.86,-0.09,-1407.6,-2.82,11
395,Entry long,2025-12-05 09:42,JJ_L,25710.25,3,154261.5,444.78,0.29,3.72,446.64,0.29,-139.86,-0.09,-1407.6,-2.82,11
396,Exit short,2025-12-05 10:44,JJ_SX,25809.5,6,310161,439.56,0.14,7.44,443.28,0.14,-183.72,-0.06,-968.04,-1.94,26
396,Entry short,2025-12-05 10:18,JJ_S,25846.75,6,310161,439.56,0.14,7.44,443.28,0.14,-183.72,-0.06,-968.04,-1.94,26
397,Exit short,2025-12-05 10:47,JJ_SX,25824.25,6,309585,-313.44,-0.10,7.44,56.28,0.02,-309.72,-0.10,-1281.48,-2.56,2
397,Entry short,2025-12-05 10:45,JJ_S,25798.75,6,309585,-313.44,-0.10,7.44,56.28,0.02,-309.72,-0.10,-1281.48,-2.56,2
398,Exit short,2025-12-05 10:51,JJ_SX,25784,6,309855,439.56,0.14,7.44,443.28,0.14,-9.72,0.00,-841.92,-1.68,2
398,Entry short,2025-12-05 10:49,JJ_S,25821.25,6,309855,439.56,0.14,7.44,443.28,0.14,-9.72,0.00,-841.92,-1.68,2
399,Exit long,2025-12-08 09:40,JJ_LX,25798.75,6,309891,-313.44,-0.10,7.44,434.28,0.14,-309.72,-0.10,-1155.36,-2.31,10
399,Entry long,2025-12-08 09:30,JJ_L,25824.25,6,309891,-313.44,-0.10,7.44,434.28,0.14,-309.72,-0.10,-1155.36,-2.31,10
400,Exit long,2025-12-08 10:22,JJ_LX,25714.5,6,308880,-313.44,-0.10,7.44,101.28,0.03,-309.72,-0.10,-1468.8,-2.94,6
400,Entry long,2025-12-08 10:16,JJ_L,25740,6,308880,-313.44,-0.10,7.44,101.28,0.03,-309.72,-0.10,-1468.8,-2.94,6
401,Exit long,2025-12-08 10:52,JJ_LX,25667.5,6,308316,-313.44,-0.10,7.44,371.28,0.12,-309.72,-0.10,-1782.24,-3.56,25
401,Entry long,2025-12-08 10:27,JJ_L,25693,6,308316,-313.44,-0.10,7.44,371.28,0.12,-309.72,-0.10,-1782.24,-3.56,25
402,Exit long,2025-12-08 11:00,JJ_LX,25655.5,6,308172,-313.44,-0.10,7.44,20.28,0.01,-309.72,-0.10,-2095.68,-4.19,3
402,Entry long,2025-12-08 10:57,JJ_L,25681,6,308172,-313.44,-0.10,7.44,20.28,0.01,-309.72,-0.10,-2095.68,-4.19,3
403,Exit short,2025-12-09 09:34,JJ_SX,25595.5,6,306840,-313.44,-0.10,7.44,116.28,0.04,-309.72,-0.10,-2409.12,-4.82,2
403,Entry short,2025-12-09 09:32,JJ_S,25570,6,306840,-313.44,-0.10,7.44,116.28,0.04,-309.72,-0.10,-2409.12,-4.82,2
404,Exit long,2025-12-09 09:48,JJ_LX,25599.75,6,307503,-313.44,-0.10,7.44,332.28,0.11,-309.72,-0.10,-2722.56,-5.45,11
404,Entry long,2025-12-09 09:37,JJ_L,25625.25,6,307503,-313.44,-0.10,7.44,332.28,0.11,-309.72,-0.10,-2722.56,-5.45,11
405,Exit short,2025-12-09 10:02,JJ_SX,25653.75,6,307539,-313.44,-0.10,7.44,32.28,0.01,-309.72,-0.10,-3036,-6.07,1
405,Entry short,2025-12-09 10:01,JJ_S,25628.25,6,307539,-313.44,-0.10,7.44,32.28,0.01,-309.72,-0.10,-3036,-6.07,1
406,Exit short,2025-12-09 11:02,JJ_SX,25700.5,3,153900,-306.72,-0.20,3.72,206.64,0.13,-304.86,-0.20,-3342.72,-6.69,59
406,Entry short,2025-12-09 10:03,JJ_S,25650,3,153900,-306.72,-0.20,3.72,206.64,0.13,-304.86,-0.20,-3342.72,-6.69,59
407,Exit short,2025-12-10 09:36,JJ_SX,25577.75,6,307380,439.56,0.14,7.44,443.28,0.14,-48.72,-0.02,-2903.16,-5.81,2
407,Entry short,2025-12-10 09:34,JJ_S,25615,6,307380,439.56,0.14,7.44,443.28,0.14,-48.72,-0.02,-2903.16,-5.81,2
408,Exit long,2025-12-10 10:34,JJ_LX,25614,6,307674,-313.44,-0.10,7.44,2.28,0.00,-309.72,-0.10,-3216.6,-6.43,3
408,Entry long,2025-12-10 10:31,JJ_L,25639.5,6,307674,-313.44,-0.10,7.44,2.28,0.00,-309.72,-0.10,-3216.6,-6.43,3
409,Exit long,2025-12-10 10:54,JJ_LX,25572,6,307170,-313.44,-0.10,7.44,350.28,0.11,-309.72,-0.10,-3530.04,-7.06,12
409,Entry long,2025-12-10 10:42,JJ_L,25597.5,6,307170,-313.44,-0.10,7.44,350.28,0.11,-309.72,-0.10,-3530.04,-7.06,12
410,Exit long,2025-12-10 11:00,JJ_LX,25549.5,6,306900,-313.44,-0.10,7.44,35.28,0.01,-309.72,-0.10,-3843.48,-7.69,3
410,Entry long,2025-12-10 10:57,JJ_L,25575,6,306900,-313.44,-0.10,7.44,35.28,0.01,-309.72,-0.10,-3843.48,-7.69,3
411,Exit short,2025-12-11 09:32,JJ_SX,25618.25,6,307113,-313.44,-0.10,7.44,197.28,0.06,-309.72,-0.10,-4156.92,-8.31,2
411,Entry short,2025-12-11 09:30,JJ_S,25592.75,6,307113,-313.44,-0.10,7.44,197.28,0.06,-309.72,-0.10,-4156.92,-8.31,2
412,Exit short,2025-12-11 09:35,JJ_SX,25607.75,6,306987,-313.44,-0.10,7.44,224.28,0.07,-309.72,-0.10,-4470.36,-8.94,2
412,Entry short,2025-12-11 09:33,JJ_S,25582.25,6,306987,-313.44,-0.10,7.44,224.28,0.07,-309.72,-0.10,-4470.36,-8.94,2
413,Exit short,2025-12-11 09:49,JJ_SX,25510.75,3,153513,444.78,0.29,3.72,446.64,0.29,-118.86,-0.08,-4025.58,-8.05,10
413,Entry short,2025-12-11 09:39,JJ_S,25585.5,3,153513,444.78,0.29,3.72,446.64,0.29,-118.86,-0.08,-4025.58,-8.05,10
414,Exit long,2025-12-11 09:55,JJ_LX,25429.25,3,152878.5,-306.72,-0.20,3.72,133.14,0.09,-304.86,-0.20,-4332.3,-8.66,4
414,Entry long,2025-12-11 09:51,JJ_L,25479.75,3,152878.5,-306.72,-0.20,3.72,133.14,0.09,-304.86,-0.20,-4332.3,-8.66,4
415,Exit long,2025-12-11 10:07,JJ_LX,25492.75,3,152508,444.78,0.29,3.72,446.64,0.29,-168.36,-0.11,-3887.52,-7.78,10
415,Entry long,2025-12-11 09:57,JJ_L,25418,3,152508,444.78,0.29,3.72,446.64,0.29,-168.36,-0.11,-3887.52,-7.78,10
416,Exit long,2025-12-12 09:39,JJ_LX,25614.75,6,306930,439.56,0.14,7.44,443.28,0.14,-183.72,-0.06,-3447.96,-6.90,6
416,Entry long,2025-12-12 09:33,JJ_L,25577.5,6,306930,439.56,0.14,7.44,443.28,0.14,-183.72,-0.06,-3447.96,-6.90,6
417,Exit short,2025-12-12 10:04,JJ_SX,25481.25,3,153336,444.78,0.29,3.72,446.64,0.29,-94.86,-0.06,-3003.18,-6.01,21
417,Entry short,2025-12-12 09:43,JJ_S,25556,3,153336,444.78,0.29,3.72,446.64,0.29,-94.86,-0.06,-3003.18,-6.01,21
418,Exit long,2025-12-12 10:24,JJ_LX,25371.25,3,152530.5,-306.72,-0.20,3.72,17.64,0.01,-304.86,-0.20,-3309.9,-6.62,2
418,Entry long,2025-12-12 10:22,JJ_L,25421.75,3,152530.5,-306.72,-0.20,3.72,17.64,0.01,-304.86,-0.20,-3309.9,-6.62,2
419,Exit long,2025-12-12 10:58,JJ_LX,25293.75,3,152065.5,-306.72,-0.20,3.72,341.64,0.22,-304.86,-0.20,-3616.62,-7.23,27
419,Entry long,2025-12-12 10:31,JJ_L,25344.25,3,152065.5,-306.72,-0.20,3.72,341.64,0.22,-304.86,-0.20,-3616.62,-7.23,27
420,Exit short,2025-12-15 09:33,JJ_SX,25341.25,6,304542,439.56,0.14,7.44,443.28,0.15,-18.72,-0.01,-3177.06,-6.35,1
420,Entry short,2025-12-15 09:32,JJ_S,25378.5,6,304542,439.56,0.14,7.44,443.28,0.15,-18.72,-0.01,-3177.06,-6.35,1
421,Exit short,2025-12-15 09:36,JJ_SX,25368.25,6,304113,-313.44,-0.10,7.44,335.28,0.11,-309.72,-0.10,-3490.5,-6.98,3
421,Entry short,2025-12-15 09:33,JJ_S,25342.75,6,304113,-313.44,-0.10,7.44,335.28,0.11,-309.72,-0.10,-3490.5,-6.98,3
422,Exit short,2025-12-15 09:52,JJ_SX,25250.5,3,151951.5,444.78,0.29,3.72,446.64,0.29,-70.86,-0.05,-3045.72,-6.09,14
422,Entry short,2025-12-15 09:38,JJ_S,25325.25,3,151951.5,444.78,0.29,3.72,446.64,0.29,-70.86,-0.05,-3045.72,-6.09,14
423,Exit long,2025-12-15 10:11,JJ_LX,25178.5,3,151374,-306.72,-0.20,3.72,40.14,0.03,-304.86,-0.20,-3352.44,-6.70,6
423,Entry long,2025-12-15 10:05,JJ_L,25229,3,151374,-306.72,-0.20,3.72,40.14,0.03,-304.86,-0.20,-3352.44,-6.70,6
424,Exit long,2025-12-15 10:19,JJ_LX,25130.25,3,151084.5,-306.72,-0.20,3.72,26.64,0.02,-304.86,-0.20,-3659.16,-7.32,6
424,Entry long,2025-12-15 10:13,JJ_L,25180.75,3,151084.5,-306.72,-0.20,3.72,26.64,0.02,-304.86,-0.20,-3659.16,-7.32,6
425,Exit long,2025-12-16 09:42,JJ_LX,25241.75,3,151753.5,-306.72,-0.20,3.72,350.64,0.23,-304.86,-0.20,-3965.88,-7.93,12
425,Entry long,2025-12-16 09:30,JJ_L,25292.25,3,151753.5,-306.72,-0.20,3.72,350.64,0.23,-304.86,-0.20,-3965.88,-7.93,12
426,Exit short,2025-12-16 10:15,JJ_SX,25290.25,3,152190,444.78,0.29,3.72,446.64,0.29,-262.86,-0.17,-3521.1,-7.04,24
426,Entry short,2025-12-16 09:51,JJ_S,25365,3,152190,444.78,0.29,3.72,446.64,0.29,-262.86,-0.17,-3521.1,-7.04,24
427,Exit short,2025-12-16 10:25,JJ_SX,25220.5,3,151771.5,444.78,0.29,3.72,446.64,0.29,-66.36,-0.04,-3076.32,-6.15,10
427,Entry short,2025-12-16 10:15,JJ_S,25295.25,3,151771.5,444.78,0.29,3.72,446.64,0.29,-66.36,-0.04,-3076.32,-6.15,10
428,Exit long,2025-12-16 10:46,JJ_LX,25290.5,3,151294.5,444.78,0.29,3.72,446.64,0.30,-132.36,-0.09,-2631.54,-5.26,18
428,Entry long,2025-12-16 10:28,JJ_L,25215.75,3,151294.5,444.78,0.29,3.72,446.64,0.30,-132.36,-0.09,-2631.54,-5.26,18
429,Exit short,2025-12-16 11:17,JJ_SX,25231,3,151834.5,444.78,0.29,3.72,446.64,0.29,-231.36,-0.15,-2186.76,-4.37,20
429,Entry short,2025-12-16 10:57,JJ_S,25305.75,3,151834.5,444.78,0.29,3.72,446.64,0.29,-231.36,-0.15,-2186.76,-4.37,20
430,Exit short,2025-12-17 09:36,JJ_SX,25341.75,6,304548,439.56,0.14,7.44,443.28,0.15,-21.72,-0.01,-1747.2,-3.49,1
430,Entry short,2025-12-17 09:35,JJ_S,25379,6,304548,439.56,0.14,7.44,443.28,0.15,-21.72,-0.01,-1747.2,-3.49,1
431,Exit short,2025-12-17 10:35,JJ_SX,25234.75,3,151857,444.78,0.29,3.72,446.64,0.29,-240.36,-0.16,-1302.42,-2.60,54
431,Entry short,2025-12-17 09:41,JJ_S,25309.5,3,151857,444.78,0.29,3.72,446.64,0.29,-240.36,-0.16,-1302.42,-2.60,54
432,Exit long,2025-12-17 10:50,JJ_LX,25107.25,3,150946.5,-306.72,-0.20,3.72,7.14,0.00,-304.86,-0.20,-1609.14,-3.22,2
432,Entry long,2025-12-17 10:48,JJ_L,25157.75,3,150946.5,-306.72,-0.20,3.72,7.14,0.00,-304.86,-0.20,-1609.14,-3.22,2
433,Exit long,2025-12-17 10:58,JJ_LX,25033.75,3,150505.5,-306.72,-0.20,3.72,52.14,0.03,-304.86,-0.20,-1915.86,-3.83,4
433,Entry long,2025-12-17 10:54,JJ_L,25084.25,3,150505.5,-306.72,-0.20,3.72,52.14,0.03,-304.86,-0.20,-1915.86,-3.83,4
434,Exit short,2025-12-18 09:38,JJ_SX,25237,6,303291,439.56,0.14,7.44,443.28,0.15,-102.72,-0.03,-1476.3,-2.95,5
434,Entry short,2025-12-18 09:33,JJ_S,25274.25,6,303291,439.56,0.14,7.44,443.28,0.15,-102.72,-0.03,-1476.3,-2.95,5
435,Exit short,2025-12-18 09:57,JJ_SX,25270.75,3,151321.5,-306.72,-0.20,3.72,355.14,0.23,-304.86,-0.20,-1783.02,-3.57,19
435,Entry short,2025-12-18 09:38,JJ_S,25220.25,3,151321.5,-306.72,-0.20,3.72,355.14,0.23,-304.86,-0.20,-1783.02,-3.57,19
436,Exit long,2025-12-18 10:26,JJ_LX,25297.25,3,151335,444.78,0.29,3.72,446.64,0.30,-10.86,-0.01,-1338.24,-2.68,5
436,Entry long,2025-12-18 10:21,JJ_L,25222.5,3,151335,444.78,0.29,3.72,446.64,0.30,-10.86,-0.01,-1338.24,-2.68,5
437,Exit short,2025-12-18 12:06,JJ_SX,25314.5,3,152335.5,444.78,0.29,3.72,446.64,0.29,-168.36,-0.11,-893.46,-1.79,87
437,Entry short,2025-12-18 10:39,JJ_S,25389.25,3,152335.5,444.78,0.29,3.72,446.64,0.29,-168.36,-0.11,-893.46,-1.79,87
438,Exit long,2025-12-19 09:33,JJ_LX,25460,6,305073,439.56,0.14,7.44,443.28,0.15,-81.72,-0.03,-453.9,-0.91,2
438,Entry long,2025-12-19 09:31,JJ_L,25422.75,6,305073,439.56,0.14,7.44,443.28,0.15,-81.72,-0.03,-453.9,-0.91,2
439,Exit long,2025-12-19 09:44,JJ_LX,25529,3,152725.5,444.78,0.29,3.72,446.64,0.29,-270.36,-0.18,-9.12,-0.02,10
439,Entry long,2025-12-19 09:34,JJ_L,25454.25,3,152725.5,444.78,0.29,3.72,446.64,0.29,-270.36,-0.18,-9.12,-0.02,10
440,Exit long,2025-12-19 10:26,JJ_LX,25497,3,153285,-306.72,-0.20,3.72,319.14,0.21,-304.86,-0.20,-315.84,-0.63,42
440,Entry long,2025-12-19 09:44,JJ_L,25547.5,3,153285,-306.72,-0.20,3.72,319.14,0.21,-304.86,-0.20,-315.84,-0.63,42
441,Exit short,2025-12-19 10:28,JJ_SX,25501,6,305706,-313.44,-0.10,7.44,119.28,0.04,-309.72,-0.10,-629.28,-1.26,2
441,Entry short,2025-12-19 10:26,JJ_S,25475.5,6,305706,-313.44,-0.10,7.44,119.28,0.04,-309.72,-0.10,-629.28,-1.26,2
442,Exit short,2025-12-19 10:33,JJ_SX,25534.5,3,152904,-306.72,-0.20,3.72,11.64,0.01,-304.86,-0.20,-936,-1.87,3
442,Entry short,2025-12-19 10:30,JJ_S,25484,3,152904,-306.72,-0.20,3.72,11.64,0.01,-304.86,-0.20,-936,-1.87,3
443,Exit long,2025-12-22 09:32,JJ_LX,25766.75,6,309507,-313.44,-0.10,7.44,23.28,0.01,-309.72,-0.10,-1249.44,-2.50,1
443,Entry long,2025-12-22 09:31,JJ_L,25792.25,6,309507,-313.44,-0.10,7.44,23.28,0.01,-309.72,-0.10,-1249.44,-2.50,1
444,Exit short,2025-12-22 09:33,JJ_SX,25728,6,309183,439.56,0.14,7.44,443.28,0.14,-18.72,-0.01,-809.88,-1.62,1
444,Entry short,2025-12-22 09:32,JJ_S,25765.25,6,309183,439.56,0.14,7.44,443.28,0.14,-18.72,-0.01,-809.88,-1.62,1
445,Exit short,2025-12-22 09:40,JJ_SX,25721,6,308346,-313.44,-0.10,7.44,209.28,0.07,-309.72,-0.10,-1123.32,-2.25,5
445,Entry short,2025-12-22 09:35,JJ_S,25695.5,6,308346,-313.44,-0.10,7.44,209.28,0.07,-309.72,-0.10,-1123.32,-2.25,5
446,Exit long,2025-12-22 10:35,JJ_LX,25659.5,3,154260,-306.72,-0.20,3.72,289.14,0.19,-304.86,-0.20,-1430.04,-2.86,49
446,Entry long,2025-12-22 09:46,JJ_L,25710,3,154260,-306.72,-0.20,3.72,289.14,0.19,-304.86,-0.20,-1430.04,-2.86,49
447,Exit long,2025-12-22 11:15,JJ_LX,25710,6,308073,439.56,0.14,7.44,443.28,0.14,-168.72,-0.05,-990.48,-1.98,33
447,Entry long,2025-12-22 10:42,JJ_L,25672.75,6,308073,439.56,0.14,7.44,443.28,0.14,-168.72,-0.05,-990.48,-1.98,33
448,Exit long,2025-12-23 09:33,JJ_LX,25693.75,6,308631,-313.44,-0.10,7.44,215.28,0.07,-309.72,-0.10,-1303.92,-2.61,3
448,Entry long,2025-12-23 09:30,JJ_L,25719.25,6,308631,-313.44,-0.10,7.44,215.28,0.07,-309.72,-0.10,-1303.92,-2.61,3
449,Exit long,2025-12-23 09:48,JJ_LX,25749.75,6,308550,439.56,0.14,7.44,443.28,0.14,-93.72,-0.03,-864.36,-1.73,7
449,Entry long,2025-12-23 09:41,JJ_L,25712.5,6,308550,439.56,0.14,7.44,443.28,0.14,-93.72,-0.03,-864.36,-1.73,7
450,Exit short,2025-12-23 09:55,JJ_SX,25696.25,6,308802,439.56,0.14,7.44,443.28,0.14,-117.72,-0.04,-424.8,-0.85,6
450,Entry short,2025-12-23 09:49,JJ_S,25733.5,6,308802,439.56,0.14,7.44,443.28,0.14,-117.72,-0.04,-424.8,-0.85,6
451,Exit short,2025-12-23 10:03,JJ_SX,25646,6,308199,439.56,0.14,7.44,443.28,0.14,-204.72,-0.07,14.76,0.03,7
451,Entry short,2025-12-23 09:56,JJ_S,25683.25,6,308199,439.56,0.14,7.44,443.28,0.14,-204.72,-0.07,14.76,0.03,7
452,Exit short,2025-12-23 10:35,JJ_SX,25694,6,308022,-313.44,-0.10,7.44,110.28,0.04,-309.72,-0.10,-298.68,-0.60,17
452,Entry short,2025-12-23 10:18,JJ_S,25668.5,6,308022,-313.44,-0.10,7.44,110.28,0.04,-309.72,-0.10,-298.68,-0.60,17
453,Exit long,2025-12-24 09:38,JJ_LX,25793.5,6,309828,-313.44,-0.10,7.44,41.28,0.01,-309.72,-0.10,-612.12,-1.22,4
453,Entry long,2025-12-24 09:34,JJ_L,25819,6,309828,-313.44,-0.10,7.44,41.28,0.01,-309.72,-0.10,-612.12,-1.22,4
454,Exit short,2025-12-24 09:43,JJ_SX,25816.75,6,309495,-313.44,-0.10,7.44,47.28,0.02,-309.72,-0.10,-925.56,-1.85,4
454,Entry short,2025-12-24 09:39,JJ_S,25791.25,6,309495,-313.44,-0.10,7.44,47.28,0.02,-309.72,-0.10,-925.56,-1.85,4
455,Exit short,2025-12-24 10:17,JJ_SX,25840.5,6,309780,-313.44,-0.10,7.44,44.28,0.01,-309.72,-0.10,-1239,-2.48,11
455,Entry short,2025-12-24 10:06,JJ_S,25815,6,309780,-313.44,-0.10,7.44,44.28,0.01,-309.72,-0.10,-1239,-2.48,11
456,Exit short,2025-12-24 11:09,JJ_SX,25842.75,6,309807,-313.44,-0.10,7.44,155.28,0.05,-309.72,-0.10,-1552.44,-3.10,47
456,Entry short,2025-12-24 10:22,JJ_S,25817.25,6,309807,-313.44,-0.10,7.44,155.28,0.05,-309.72,-0.10,-1552.44,-3.10,47
457,Exit short,2025-12-26 09:33,JJ_SX,25901.25,6,310509,-313.44,-0.10,7.44,131.28,0.04,-309.72,-0.10,-1865.88,-3.73,3
457,Entry short,2025-12-26 09:30,JJ_S,25875.75,6,310509,-313.44,-0.10,7.44,131.28,0.04,-309.72,-0.10,-1865.88,-3.73,3
458,Exit long,2025-12-26 09:51,JJ_LX,25883,6,310902,-313.44,-0.10,7.44,314.28,0.10,-309.72,-0.10,-2179.32,-4.36,18
458,Entry long,2025-12-26 09:33,JJ_L,25908.5,6,310902,-313.44,-0.10,7.44,314.28,0.10,-309.72,-0.10,-2179.32,-4.36,18
459,Exit long,2025-12-26 10:31,JJ_LX,25893.75,6,310278,439.56,0.14,7.44,443.28,0.14,-270.72,-0.09,-1739.76,-3.48,18
459,Entry long,2025-12-26 10:13,JJ_L,25856.5,6,310278,439.56,0.14,7.44,443.28,0.14,-270.72,-0.09,-1739.76,-3.48,18
460,Exit long,2025-12-26 11:14,JJ_LX,25862.5,6,310656,-313.44,-0.10,7.44,272.28,0.09,-309.72,-0.10,-2053.2,-4.11,41
460,Entry long,2025-12-26 10:33,JJ_L,25888,6,310656,-313.44,-0.10,7.44,272.28,0.09,-309.72,-0.10,-2053.2,-4.11,41
461,Exit long,2025-12-29 09:36,JJ_LX,25771.5,6,308811,439.56,0.14,7.44,443.28,0.14,-12.72,0.00,-1613.64,-3.23,1
461,Entry long,2025-12-29 09:35,JJ_L,25734.25,6,308811,439.56,0.14,7.44,443.28,0.14,-12.72,0.00,-1613.64,-3.23,1
462,Exit long,2025-12-29 09:45,JJ_LX,25772.25,6,309573,-313.44,-0.10,7.44,248.28,0.08,-309.72,-0.10,-1927.08,-3.85,9
462,Entry long,2025-12-29 09:36,JJ_L,25797.75,6,309573,-313.44,-0.10,7.44,248.28,0.08,-309.72,-0.10,-1927.08,-3.85,9
463,Exit short,2025-12-29 10:10,JJ_SX,25673.5,3,154489.5,444.78,0.29,3.72,446.64,0.29,-168.36,-0.11,-1482.3,-2.96,25
463,Entry short,2025-12-29 09:45,JJ_S,25748.25,3,154489.5,444.78,0.29,3.72,446.64,0.29,-168.36,-0.11,-1482.3,-2.96,25
464,Exit long,2025-12-29 10:14,JJ_LX,25664.75,6,308283,-313.44,-0.10,7.44,26.28,0.01,-309.72,-0.10,-1795.74,-3.59,4
464,Entry long,2025-12-29 10:10,JJ_L,25690.25,6,308283,-313.44,-0.10,7.44,26.28,0.01,-309.72,-0.10,-1795.74,-3.59,4
465,Exit short,2025-12-29 10:27,JJ_SX,25750,6,308694,-313.44,-0.10,7.44,2.28,0.00,-309.72,-0.10,-2109.18,-4.22,4
465,Entry short,2025-12-29 10:23,JJ_S,25724.5,6,308694,-313.44,-0.10,7.44,2.28,0.00,-309.72,-0.10,-2109.18,-4.22,4
466,Exit short,2025-12-30 09:48,JJ_SX,25716.5,6,308292,-313.44,-0.10,7.44,206.28,0.07,-309.72,-0.10,-2422.62,-4.85,12
466,Entry short,2025-12-30 09:36,JJ_S,25691,6,308292,-313.44,-0.10,7.44,206.28,0.07,-309.72,-0.10,-2422.62,-4.85,12
467,Exit short,2025-12-30 10:11,JJ_SX,25705,6,308907,439.56,0.14,7.44,443.28,0.14,-75.72,-0.02,-1983.06,-3.97,11
467,Entry short,2025-12-30 10:00,JJ_S,25742.25,6,308907,439.56,0.14,7.44,443.28,0.14,-75.72,-0.02,-1983.06,-3.97,11
468,Exit short,2025-12-30 10:52,JJ_SX,25731.75,6,308475,-313.44,-0.10,7.44,332.28,0.11,-309.72,-0.10,-2296.5,-4.59,41
468,Entry short,2025-12-30 10:11,JJ_S,25706.25,6,308475,-313.44,-0.10,7.44,332.28,0.11,-309.72,-0.10,-2296.5,-4.59,41
469,Exit short,2025-12-31 09:37,JJ_SX,25624.25,6,307938,439.56,0.14,7.44,443.28,0.14,-267.72,-0.09,-1856.94,-3.71,5
469,Entry short,2025-12-31 09:32,JJ_S,25661.5,6,307938,439.56,0.14,7.44,443.28,0.14,-267.72,-0.09,-1856.94,-3.71,5
470,Exit short,2025-12-31 10:18,JJ_SX,25576.75,6,307368,439.56,0.14,7.44,443.28,0.14,-261.72,-0.09,-1417.38,-2.83,35
470,Entry short,2025-12-31 09:43,JJ_S,25614,6,307368,439.56,0.14,7.44,443.28,0.14,-261.72,-0.09,-1417.38,-2.83,35
471,Exit long,2025-12-31 10:55,JJ_LX,25553.75,6,306951,-313.44,-0.10,7.44,365.28,0.12,-309.72,-0.10,-1730.82,-3.46,36
471,Entry long,2025-12-31 10:19,JJ_L,25579.25,6,306951,-313.44,-0.10,7.44,365.28,0.12,-309.72,-0.10,-1730.82,-3.46,36
472,Exit long,2025-12-31 11:29,JJ_LX,25593.25,6,306672,439.56,0.14,7.44,443.28,0.14,-75.72,-0.02,-1291.26,-2.58,31
472,Entry long,2025-12-31 10:58,JJ_L,25556,6,306672,439.56,0.14,7.44,443.28,0.14,-75.72,-0.02,-1291.26,-2.58,31
473,Exit long,2026-01-02 09:32,JJ_LX,25696.25,6,308661,-313.44,-0.10,7.44,137.28,0.04,-309.72,-0.10,-1604.7,-3.21,2
473,Entry long,2026-01-02 09:30,JJ_L,25721.75,6,308661,-313.44,-0.10,7.44,137.28,0.04,-309.72,-0.10,-1604.7,-3.21,2
474,Exit short,2026-01-02 09:36,JJ_SX,25681.75,6,307875,-313.44,-0.10,7.44,68.28,0.02,-309.72,-0.10,-1918.14,-3.84,1
474,Entry short,2026-01-02 09:35,JJ_S,25656.25,6,307875,-313.44,-0.10,7.44,68.28,0.02,-309.72,-0.10,-1918.14,-3.84,1
475,Exit long,2026-01-02 09:40,JJ_LX,25647.25,3,154186.5,-306.72,-0.20,3.72,41.64,0.03,-304.86,-0.20,-2224.86,-4.45,4
475,Entry long,2026-01-02 09:36,JJ_L,25697.75,3,154186.5,-306.72,-0.20,3.72,41.64,0.03,-304.86,-0.20,-2224.86,-4.45,4
476,Exit short,2026-01-02 10:11,JJ_SX,25677,3,154510.5,444.78,0.29,3.72,446.64,0.29,-171.36,-0.11,-1780.08,-3.56,19
476,Entry short,2026-01-02 09:52,JJ_S,25751.75,3,154510.5,444.78,0.29,3.72,446.64,0.29,-171.36,-0.11,-1780.08,-3.56,19
477,Exit long,2026-01-02 10:21,JJ_LX,25526.75,3,153463.5,-306.72,-0.20,3.72,8.64,0.01,-304.86,-0.20,-2086.8,-4.17,2
477,Entry long,2026-01-02 10:19,JJ_L,25577.25,3,153463.5,-306.72,-0.20,3.72,8.64,0.01,-304.86,-0.20,-2086.8,-4.17,2
478,Exit short,2026-01-05 09:45,JJ_SX,25623.25,3,153436.5,-306.72,-0.20,3.72,203.64,0.13,-304.86,-0.20,-2393.52,-4.79,10
478,Entry short,2026-01-05 09:35,JJ_S,25572.75,3,153436.5,-306.72,-0.20,3.72,203.64,0.13,-304.86,-0.20,-2393.52,-4.79,10
479,Exit long,2026-01-05 10:28,JJ_LX,25671.25,3,153579,444.78,0.29,3.72,446.64,0.29,-187.86,-0.12,-1948.74,-3.90,39
479,Entry long,2026-01-05 09:49,JJ_L,25596.5,3,153579,444.78,0.29,3.72,446.64,0.29,-187.86,-0.12,-1948.74,-3.90,39
480,Exit short,2026-01-05 11:08,JJ_SX,25685.75,6,307923,-313.44,-0.10,7.44,278.28,0.09,-309.72,-0.10,-2262.18,-4.52,31
480,Entry short,2026-01-05 10:37,JJ_S,25660.25,6,307923,-313.44,-0.10,7.44,278.28,0.09,-309.72,-0.10,-2262.18,-4.52,31
481,Exit long,2026-01-06 09:31,JJ_LX,25644.75,6,308043,-313.44,-0.10,7.44,11.28,0.00,-309.72,-0.10,-2575.62,-5.15,1
481,Entry long,2026-01-06 09:30,JJ_L,25670.25,6,308043,-313.44,-0.10,7.44,11.28,0.00,-309.72,-0.10,-2575.62,-5.15,1
482,Exit long,2026-01-06 09:51,JJ_LX,25741.25,3,153999,444.78,0.29,3.72,446.64,0.29,-30.36,-0.02,-2130.84,-4.26,7
482,Entry long,2026-01-06 09:44,JJ_L,25666.5,3,153999,444.78,0.29,3.72,446.64,0.29,-30.36,-0.02,-2130.84,-4.26,7
483,Exit short,2026-01-06 10:16,JJ_SX,25766,6,308886,-313.44,-0.10,7.44,167.28,0.05,-309.72,-0.10,-2444.28,-4.89,8
483,Entry short,2026-01-06 10:08,JJ_S,25740.5,6,308886,-313.44,-0.10,7.44,167.28,0.05,-309.72,-0.10,-2444.28,-4.89,8
484,Exit short,2026-01-06 10:44,JJ_SX,25717.25,6,309054,439.56,0.14,7.44,443.28,0.14,-294.72,-0.10,-2004.72,-4.01,26
484,Entry short,2026-01-06 10:18,JJ_S,25754.5,6,309054,439.56,0.14,7.44,443.28,0.14,-294.72,-0.10,-2004.72,-4.01,26
485,Exit short,2026-01-06 11:06,JJ_SX,25658.5,6,308349,439.56,0.14,7.44,443.28,0.14,-84.72,-0.03,-1565.16,-3.13,13
485,Entry short,2026-01-06 10:53,JJ_S,25695.75,6,308349,439.56,0.14,7.44,443.28,0.14,-84.72,-0.03,-1565.16,-3.13,13
486,Exit short,2026-01-07 09:33,JJ_SX,25802.5,6,309324,-313.44,-0.10,7.44,71.28,0.02,-309.72,-0.10,-1878.6,-3.76,3
486,Entry short,2026-01-07 09:30,JJ_S,25777,6,309324,-313.44,-0.10,7.44,71.28,0.02,-309.72,-0.10,-1878.6,-3.76,3
487,Exit long,2026-01-07 09:41,JJ_LX,25859.5,6,309867,439.56,0.14,7.44,443.28,0.14,-303.72,-0.10,-1439.04,-2.88,7
487,Entry long,2026-01-07 09:34,JJ_L,25822.25,6,309867,439.56,0.14,7.44,443.28,0.14,-303.72,-0.10,-1439.04,-2.88,7
488,Exit long,2026-01-07 10:00,JJ_LX,25836.25,6,310341,-313.44,-0.10,7.44,215.28,0.07,-309.72,-0.10,-1752.48,-3.50,19
488,Entry long,2026-01-07 09:41,JJ_L,25861.75,6,310341,-313.44,-0.10,7.44,215.28,0.07,-309.72,-0.10,-1752.48,-3.50,19
489,Exit short,2026-01-07 10:04,JJ_SX,25839.5,6,309768,-313.44,-0.10,7.44,20.28,0.01,-309.72,-0.10,-2065.92,-4.13,3
489,Entry short,2026-01-07 10:01,JJ_S,25814,6,309768,-313.44,-0.10,7.44,20.28,0.01,-309.72,-0.10,-2065.92,-4.13,3
490,Exit short,2026-01-07 10:32,JJ_SX,25881.5,6,310272,-313.44,-0.10,7.44,401.28,0.13,-309.72,-0.10,-2379.36,-4.76,19
490,Entry short,2026-01-07 10:13,JJ_S,25856,6,310272,-313.44,-0.10,7.44,401.28,0.13,-309.72,-0.10,-2379.36,-4.76,19
491,Exit short,2026-01-08 09:45,JJ_SX,25603.25,3,154068,444.78,0.29,3.72,446.64,0.29,-36.36,-0.02,-1934.58,-3.87,4
491,Entry short,2026-01-08 09:41,JJ_S,25678,3,154068,444.78,0.29,3.72,446.64,0.29,-36.36,-0.02,-1934.58,-3.87,4
492,Exit long,2026-01-08 09:57,JJ_LX,25604,3,153927,-306.72,-0.20,3.72,128.64,0.08,-304.86,-0.20,-2241.3,-4.48,11
492,Entry long,2026-01-08 09:46,JJ_L,25654.5,3,153927,-306.72,-0.20,3.72,128.64,0.08,-304.86,-0.20,-2241.3,-4.48,11
493,Exit long,2026-01-08 11:35,JJ_LX,25602,3,153915,-306.72,-0.20,3.72,364.14,0.24,-304.86,-0.20,-2548.02,-5.10,88
493,Entry long,2026-01-08 10:07,JJ_L,25652.5,3,153915,-306.72,-0.20,3.72,364.14,0.24,-304.86,-0.20,-2548.02,-5.10,88
494,Exit long,2026-01-09 09:48,JJ_LX,25711.25,3,154570.5,-306.72,-0.20,3.72,173.64,0.11,-304.86,-0.20,-2854.74,-5.71,11
494,Entry long,2026-01-09 09:37,JJ_L,25761.75,3,154570.5,-306.72,-0.20,3.72,173.64,0.11,-304.86,-0.20,-2854.74,-5.71,11
495,Exit long,2026-01-09 10:13,JJ_LX,25742,3,154003.5,444.78,0.29,3.72,446.64,0.29,-31.86,-0.02,-2409.96,-4.82,3
495,Entry long,2026-01-09 10:10,JJ_L,25667.25,3,154003.5,444.78,0.29,3.72,446.64,0.29,-31.86,-0.02,-2409.96,-4.82,3
496,Exit short,2026-01-09 10:45,JJ_SX,25769,3,155062.5,444.78,0.29,3.72,446.64,0.29,-69.36,-0.04,-1965.18,-3.93,8
496,Entry short,2026-01-09 10:37,JJ_S,25843.75,3,155062.5,444.78,0.29,3.72,446.64,0.29,-69.36,-0.04,-1965.18,-3.93,8
497,Exit short,2026-01-09 11:00,JJ_SX,25818.25,3,154606.5,-306.72,-0.20,3.72,23.64,0.02,-304.86,-0.20,-2271.9,-4.54,12
497,Entry short,2026-01-09 10:48,JJ_S,25767.75,3,154606.5,-306.72,-0.20,3.72,23.64,0.02,-304.86,-0.20,-2271.9,-4.54,12
498,Exit long,2026-01-12 09:31,JJ_LX,25830,6,309513,439.56,0.14,7.44,443.28,0.14,-117.72,-0.04,-1832.34,-3.66,1
498,Entry long,2026-01-12 09:30,JJ_L,25792.75,6,309513,439.56,0.14,7.44,443.28,0.14,-117.72,-0.04,-1832.34,-3.66,1
499,Exit long,2026-01-12 09:35,JJ_LX,25863,6,309909,439.56,0.14,7.44,443.28,0.14,-75.72,-0.02,-1392.78,-2.79,4
499,Entry long,2026-01-12 09:31,JJ_L,25825.75,6,309909,439.56,0.14,7.44,443.28,0.14,-75.72,-0.02,-1392.78,-2.79,4
500,Exit long,2026-01-12 09:41,JJ_LX,25853,6,310542,-313.44,-0.10,7.44,128.28,0.04,-309.72,-0.10,-1706.22,-3.41,3
500,Entry long,2026-01-12 09:38,JJ_L,25878.5,6,310542,-313.44,-0.10,7.44,128.28,0.04,-309.72,-0.10,-1706.22,-3.41,3
501,Exit short,2026-01-12 11:15,JJ_SX,25949,3,155391,-306.72,-0.20,3.72,208.14,0.13,-304.86,-0.20,-2012.94,-4.03,83
501,Entry short,2026-01-12 09:52,JJ_S,25898.5,3,155391,-306.72,-0.20,3.72,208.14,0.13,-304.86,-0.20,-2012.94,-4.03,83
502,Exit long,2026-01-13 09:40,JJ_LX,26021.5,6,311811,439.56,0.14,7.44,443.28,0.14,-297.72,-0.10,-1573.38,-3.15,6
502,Entry long,2026-01-13 09:34,JJ_L,25984.25,6,311811,439.56,0.14,7.44,443.28,0.14,-297.72,-0.10,-1573.38,-3.15,6
503,Exit long,2026-01-13 09:43,JJ_LX,25990.5,3,156246,-306.72,-0.20,3.72,10.14,0.01,-304.86,-0.20,-1880.1,-3.76,2
503,Entry long,2026-01-13 09:41,JJ_L,26041,3,156246,-306.72,-0.20,3.72,10.14,0.01,-304.86,-0.20,-1880.1,-3.76,2
504,Exit short,2026-01-13 10:02,JJ_SX,25902.75,3,155865,444.78,0.29,3.72,446.64,0.29,-154.86,-0.10,-1435.32,-2.87,17
504,Entry short,2026-01-13 09:45,JJ_S,25977.5,3,155865,444.78,0.29,3.72,446.64,0.29,-154.86,-0.10,-1435.32,-2.87,17
505,Exit long,2026-01-13 10:18,JJ_LX,25864,3,155487,-306.72,-0.20,3.72,0,0.00,-304.86,-0.20,-1742.04,-3.48,4
505,Entry long,2026-01-13 10:14,JJ_L,25914.5,3,155487,-306.72,-0.20,3.72,0,0.00,-304.86,-0.20,-1742.04,-3.48,4
506,Exit long,2026-01-13 10:24,JJ_LX,25832.5,3,155298,-306.72,-0.20,3.72,7.14,0.00,-304.86,-0.20,-2048.76,-4.10,5
506,Entry long,2026-01-13 10:19,JJ_L,25883,3,155298,-306.72,-0.20,3.72,7.14,0.00,-304.86,-0.20,-2048.76,-4.10,5
507,Exit short,2026-01-14 09:33,JJ_SX,25710,6,308214,-313.44,-0.10,7.44,194.28,0.06,-309.72,-0.10,-2362.2,-4.72,2
507,Entry short,2026-01-14 09:31,JJ_S,25684.5,6,308214,-313.44,-0.10,7.44,194.28,0.06,-309.72,-0.10,-2362.2,-4.72,2
508,Exit long,2026-01-14 09:34,JJ_LX,25783,6,308949,439.56,0.14,7.44,443.28,0.14,-15.72,-0.01,-1922.64,-3.85,1
508,Entry long,2026-01-14 09:33,JJ_L,25745.75,6,308949,439.56,0.14,7.44,443.28,0.14,-15.72,-0.01,-1922.64,-3.85,1
509,Exit short,2026-01-14 09:44,JJ_SX,25626,3,154204.5,444.78,0.29,3.72,446.64,0.29,-150.36,-0.10,-1477.86,-2.96,8
509,Entry short,2026-01-14 09:36,JJ_S,25700.75,3,154204.5,444.78,0.29,3.72,446.64,0.29,-150.36,-0.10,-1477.86,-2.96,8
510,Exit long,2026-01-14 09:55,JJ_LX,25602.25,3,153916.5,-306.72,-0.20,3.72,127.14,0.08,-304.86,-0.20,-1784.58,-3.57,9
510,Entry long,2026-01-14 09:46,JJ_L,25652.75,3,153916.5,-306.72,-0.20,3.72,127.14,0.08,-304.86,-0.20,-1784.58,-3.57,9
511,Exit long,2026-01-14 10:12,JJ_LX,25655.25,3,153483,444.78,0.29,3.72,446.64,0.29,-172.86,-0.11,-1339.8,-2.68,7
511,Entry long,2026-01-14 10:05,JJ_L,25580.5,3,153483,444.78,0.29,3.72,446.64,0.29,-172.86,-0.11,-1339.8,-2.68,7
512,Exit short,2026-01-15 09:37,JJ_SX,25864.25,6,310818,439.56,0.14,7.44,443.28,0.14,-108.72,-0.03,-900.24,-1.80,4
512,Entry short,2026-01-15 09:33,JJ_S,25901.5,6,310818,439.56,0.14,7.44,443.28,0.14,-108.72,-0.03,-900.24,-1.80,4
513,Exit short,2026-01-15 09:40,JJ_SX,25906.75,3,155137.5,-306.72,-0.20,3.72,17.64,0.01,-304.86,-0.20,-1206.96,-2.41,2
513,Entry short,2026-01-15 09:38,JJ_S,25856.25,3,155137.5,-306.72,-0.20,3.72,17.64,0.01,-304.86,-0.20,-1206.96,-2.41,2
514,Exit short,2026-01-15 09:44,JJ_SX,25920.75,3,155221.5,-306.72,-0.20,3.72,58.14,0.04,-304.86,-0.20,-1513.68,-3.03,4
514,Entry short,2026-01-15 09:40,JJ_S,25870.25,3,155221.5,-306.72,-0.20,3.72,58.14,0.04,-304.86,-0.20,-1513.68,-3.03,4
515,Exit long,2026-01-15 10:46,JJ_LX,25831.75,3,155293.5,-306.72,-0.20,3.72,259.14,0.17,-304.86,-0.20,-1820.4,-3.64,53
515,Entry long,2026-01-15 09:53,JJ_L,25882.25,3,155293.5,-306.72,-0.20,3.72,259.14,0.17,-304.86,-0.20,-1820.4,-3.64,53
516,Exit long,2026-01-15 11:21,JJ_LX,25921.75,3,155082,444.78,0.29,3.72,446.64,0.29,-262.86,-0.17,-1375.62,-2.75,34
516,Entry long,2026-01-15 10:47,JJ_L,25847,3,155082,444.78,0.29,3.72,446.64,0.29,-262.86,-0.17,-1375.62,-2.75,34
517,Exit short,2026-01-16 09:34,JJ_SX,25870.25,6,310137,-313.44,-0.10,7.44,122.28,0.04,-309.72,-0.10,-1689.06,-3.38,2
517,Entry short,2026-01-16 09:32,JJ_S,25844.75,6,310137,-313.44,-0.10,7.44,122.28,0.04,-309.72,-0.10,-1689.06,-3.38,2
518,Exit long,2026-01-16 09:41,JJ_LX,25845.25,6,310449,-313.44,-0.10,7.44,92.28,0.03,-309.72,-0.10,-2002.5,-4.00,3
518,Entry long,2026-01-16 09:38,JJ_L,25870.75,6,310449,-313.44,-0.10,7.44,92.28,0.03,-309.72,-0.10,-2002.5,-4.00,3
519,Exit short,2026-01-16 09:45,JJ_SX,25845.5,6,309840,-313.44,-0.10,7.44,80.28,0.03,-309.72,-0.10,-2315.94,-4.63,1
519,Entry short,2026-01-16 09:44,JJ_S,25820,6,309840,-313.44,-0.10,7.44,80.28,0.03,-309.72,-0.10,-2315.94,-4.63,1
520,Exit long,2026-01-16 10:14,JJ_LX,25722,6,308970,-313.44,-0.10,7.44,212.28,0.07,-309.72,-0.10,-2629.38,-5.26,11
520,Entry long,2026-01-16 10:03,JJ_L,25747.5,6,308970,-313.44,-0.10,7.44,212.28,0.07,-309.72,-0.10,-2629.38,-5.26,11
521,Exit long,2026-01-16 10:24,JJ_LX,25723.75,6,308238,439.56,0.14,7.44,443.28,0.14,-126.72,-0.04,-2189.82,-4.38,4
521,Entry long,2026-01-16 10:20,JJ_L,25686.5,6,308238,439.56,0.14,7.44,443.28,0.14,-126.72,-0.04,-2189.82,-4.38,4
522,Exit short,2026-01-19 09:42,JJ_SX,25243,6,303363,439.56,0.14,7.44,443.28,0.15,-120.72,-0.04,-1750.26,-3.50,12
522,Entry short,2026-01-19 09:30,JJ_S,25280.25,6,303363,439.56,0.14,7.44,443.28,0.15,-120.72,-0.04,-1750.26,-3.50,12
523,Exit long,2026-01-19 09:54,JJ_LX,25291.75,6,303054,439.56,0.15,7.44,443.28,0.15,-33.72,-0.01,-1310.7,-2.62,7
523,Entry long,2026-01-19 09:47,JJ_L,25254.5,6,303054,439.56,0.15,7.44,443.28,0.15,-33.72,-0.01,-1310.7,-2.62,7
524,Exit short,2026-01-19 11:04,JJ_SX,25346,6,303846,-313.44,-0.10,7.44,389.28,0.13,-309.72,-0.10,-1624.14,-3.25,54
524,Entry short,2026-01-19 10:10,JJ_S,25320.5,6,303846,-313.44,-0.10,7.44,389.28,0.13,-309.72,-0.10,-1624.14,-3.25,54
525,Exit long,2026-01-20 09:40,JJ_LX,25264.75,3,151891.5,-306.72,-0.20,3.72,250.14,0.16,-304.86,-0.20,-1930.86,-3.86,7
525,Entry long,2026-01-20 09:33,JJ_L,25315.25,3,151891.5,-306.72,-0.20,3.72,250.14,0.16,-304.86,-0.20,-1930.86,-3.86,7
526,Exit long,2026-01-20 09:51,JJ_LX,25359.25,3,151707,444.78,0.29,3.72,446.64,0.29,-103.86,-0.07,-1486.08,-2.97,10
526,Entry long,2026-01-20 09:41,JJ_L,25284.5,3,151707,444.78,0.29,3.72,446.64,0.29,-103.86,-0.07,-1486.08,-2.97,10
527,Exit short,2026-01-21 09:38,JJ_SX,25207.5,3,150942,-306.72,-0.20,3.72,92.64,0.06,-304.86,-0.20,-1792.8,-3.59,6
527,Entry short,2026-01-21 09:32,JJ_S,25157,3,150942,-306.72,-0.20,3.72,92.64,0.06,-304.86,-0.20,-1792.8,-3.59,6
528,Exit short,2026-01-21 09:43,JJ_SX,25185.5,3,150810,-306.72,-0.20,3.72,37.14,0.02,-304.86,-0.20,-2099.52,-4.20,3
528,Entry short,2026-01-21 09:40,JJ_S,25135,3,150810,-306.72,-0.20,3.72,37.14,0.02,-304.86,-0.20,-2099.52,-4.20,3
529,Exit short,2026-01-21 09:52,JJ_SX,25265.25,3,151288.5,-306.72,-0.20,3.72,38.64,0.03,-304.86,-0.20,-2406.24,-4.81,4
529,Entry short,2026-01-21 09:48,JJ_S,25214.75,3,151288.5,-306.72,-0.20,3.72,38.64,0.03,-304.86,-0.20,-2406.24,-4.81,4
530,Exit short,2026-01-21 10:16,JJ_SX,25368.5,3,151908,-306.72,-0.20,3.72,148.14,0.10,-304.86,-0.20,-2712.96,-5.43,12
530,Entry short,2026-01-21 10:04,JJ_S,25318,3,151908,-306.72,-0.20,3.72,148.14,0.10,-304.86,-0.20,-2712.96,-5.43,12
531,Exit short,2026-01-21 10:32,JJ_SX,25402,3,152109,-306.72,-0.20,3.72,197.64,0.13,-304.86,-0.20,-3019.68,-6.04,15
531,Entry short,2026-01-21 10:17,JJ_S,25351.5,3,152109,-306.72,-0.20,3.72,197.64,0.13,-304.86,-0.20,-3019.68,-6.04,15
532,Exit short,2026-01-22 09:35,JJ_SX,25645,6,308187,439.56,0.14,7.44,443.28,0.14,-282.72,-0.09,-2580.12,-5.16,5
532,Entry short,2026-01-22 09:30,JJ_S,25682.25,6,308187,439.56,0.14,7.44,443.28,0.14,-282.72,-0.09,-2580.12,-5.16,5
533,Exit short,2026-01-22 09:37,JJ_SX,25666,6,307686,-313.44,-0.10,7.44,59.28,0.02,-309.72,-0.10,-2893.56,-5.79,1
533,Entry short,2026-01-22 09:36,JJ_S,25640.5,6,307686,-313.44,-0.10,7.44,59.28,0.02,-309.72,-0.10,-2893.56,-5.79,1
534,Exit short,2026-01-22 09:48,JJ_SX,25575.5,3,153901.5,444.78,0.29,3.72,446.64,0.29,-64.86,-0.04,-2448.78,-4.90,6
534,Entry short,2026-01-22 09:42,JJ_S,25650.25,3,153901.5,444.78,0.29,3.72,446.64,0.29,-64.86,-0.04,-2448.78,-4.90,6
535,Exit long,2026-01-22 10:42,JJ_LX,25639.5,3,153388.5,444.78,0.29,3.72,446.64,0.29,-165.36,-0.11,-2004,-4.01,34
535,Entry long,2026-01-22 10:08,JJ_L,25564.75,3,153388.5,444.78,0.29,3.72,446.64,0.29,-165.36,-0.11,-2004,-4.01,34
536,Exit long,2026-01-22 10:50,JJ_LX,25614.5,6,307680,-313.44,-0.10,7.44,221.28,0.07,-309.72,-0.10,-2317.44,-4.63,8
536,Entry long,2026-01-22 10:42,JJ_L,25640,6,307680,-313.44,-0.10,7.44,221.28,0.07,-309.72,-0.10,-2317.44,-4.63,8
537,Exit long,2026-01-23 09:32,JJ_LX,25621.5,6,307764,-313.44,-0.10,7.44,11.28,0.00,-309.72,-0.10,-2630.88,-5.26,1
537,Entry long,2026-01-23 09:31,JJ_L,25647,6,307764,-313.44,-0.10,7.44,11.28,0.00,-309.72,-0.10,-2630.88,-5.26,1
538,Exit short,2026-01-23 09:42,JJ_SX,25624.5,6,307188,-313.44,-0.10,7.44,434.28,0.14,-309.72,-0.10,-2944.32,-5.89,10
538,Entry short,2026-01-23 09:32,JJ_S,25599,6,307188,-313.44,-0.10,7.44,434.28,0.14,-309.72,-0.10,-2944.32,-5.89,10
539,Exit short,2026-01-23 10:21,JJ_SX,25727.5,6,308424,-313.44,-0.10,7.44,362.28,0.12,-309.72,-0.10,-3257.76,-6.52,10
539,Entry short,2026-01-23 10:11,JJ_S,25702,6,308424,-313.44,-0.10,7.44,362.28,0.12,-309.72,-0.10,-3257.76,-6.52,10
540,Exit long,2026-01-26 09:36,JJ_LX,25793.75,6,309078,439.56,0.14,7.44,443.28,0.14,-291.72,-0.09,-2818.2,-5.64,5
540,Entry long,2026-01-26 09:31,JJ_L,25756.5,6,309078,439.56,0.14,7.44,443.28,0.14,-291.72,-0.09,-2818.2,-5.64,5
541,Exit long,2026-01-26 09:40,JJ_LX,25770.5,6,309552,-313.44,-0.10,7.44,5.28,0.00,-309.72,-0.10,-3131.64,-6.26,4
541,Entry long,2026-01-26 09:36,JJ_L,25796,6,309552,-313.44,-0.10,7.44,5.28,0.00,-309.72,-0.10,-3131.64,-6.26,4
542,Exit long,2026-01-26 09:45,JJ_LX,25834.25,6,309564,439.56,0.14,7.44,443.28,0.14,-213.72,-0.07,-2692.08,-5.38,5
542,Entry long,2026-01-26 09:40,JJ_L,25797,6,309564,439.56,0.14,7.44,443.28,0.14,-213.72,-0.07,-2692.08,-5.38,5
543,Exit short,2026-01-26 10:17,JJ_SX,25852.5,6,309924,-313.44,-0.10,7.44,284.28,0.09,-309.72,-0.10,-3005.52,-6.01,16
543,Entry short,2026-01-26 10:01,JJ_S,25827,6,309924,-313.44,-0.10,7.44,284.28,0.09,-309.72,-0.10,-3005.52,-6.01,16
544,Exit short,2026-01-26 10:33,JJ_SX,25867.5,6,310104,-313.44,-0.10,7.44,50.28,0.02,-309.72,-0.10,-3318.96,-6.64,5
544,Entry short,2026-01-26 10:28,JJ_S,25842,6,310104,-313.44,-0.10,7.44,50.28,0.02,-309.72,-0.10,-3318.96,-6.64,5
545,Exit short,2026-01-27 09:36,JJ_SX,25938.25,6,311706,439.56,0.14,7.44,443.28,0.14,-45.72,-0.01,-2879.4,-5.76,3
545,Entry short,2026-01-27 09:33,JJ_S,25975.5,6,311706,439.56,0.14,7.44,443.28,0.14,-45.72,-0.01,-2879.4,-5.76,3
546,Exit short,2026-01-27 09:40,JJ_SX,25945.25,6,311037,-313.44,-0.10,7.44,26.28,0.01,-309.72,-0.10,-3192.84,-6.39,3
546,Entry short,2026-01-27 09:37,JJ_S,25919.75,6,311037,-313.44,-0.10,7.44,26.28,0.01,-309.72,-0.10,-3192.84,-6.39,3
547,Exit short,2026-01-27 10:09,JJ_SX,26070.5,6,312540,-313.44,-0.10,7.44,272.28,0.09,-309.72,-0.10,-3506.28,-7.01,12
547,Entry short,2026-01-27 09:57,JJ_S,26045,6,312540,-313.44,-0.10,7.44,272.28,0.09,-309.72,-0.10,-3506.28,-7.01,12
548,Exit short,2026-01-27 10:38,JJ_SX,26085.5,6,312720,-313.44,-0.10,7.44,263.28,0.08,-309.72,-0.10,-3819.72,-7.64,27
548,Entry short,2026-01-27 10:11,JJ_S,26060,6,312720,-313.44,-0.10,7.44,263.28,0.08,-309.72,-0.10,-3819.72,-7.64,27
549,Exit short,2026-01-27 11:19,JJ_SX,26106.25,6,312969,-313.44,-0.10,7.44,206.28,0.07,-309.72,-0.10,-4133.16,-8.27,40
549,Entry short,2026-01-27 10:39,JJ_S,26080.75,6,312969,-313.44,-0.10,7.44,206.28,0.07,-309.72,-0.10,-4133.16,-8.27,40
550,Exit long,2026-01-28 09:33,JJ_LX,26256.75,6,315387,-313.44,-0.10,7.44,77.28,0.02,-309.72,-0.10,-4446.6,-8.89,1
550,Entry long,2026-01-28 09:32,JJ_L,26282.25,6,315387,-313.44,-0.10,7.44,77.28,0.02,-309.72,-0.10,-4446.6,-8.89,1
551,Exit short,2026-01-28 09:40,JJ_SX,26260.5,6,314820,-313.44,-0.10,7.44,254.28,0.08,-309.72,-0.10,-4760.04,-9.52,5
551,Entry short,2026-01-28 09:35,JJ_S,26235,6,314820,-313.44,-0.10,7.44,254.28,0.08,-309.72,-0.10,-4760.04,-9.52,5
552,Exit short,2026-01-28 10:10,JJ_SX,26229.5,6,315201,439.56,0.14,7.44,443.28,0.14,-294.72,-0.09,-4320.48,-8.64,24
552,Entry short,2026-01-28 09:46,JJ_S,26266.75,6,315201,439.56,0.14,7.44,443.28,0.14,-294.72,-0.09,-4320.48,-8.64,24
553,Exit long,2026-01-28 10:35,JJ_LX,26193.5,6,314628,-313.44,-0.10,7.44,59.28,0.02,-309.72,-0.10,-4633.92,-9.27,2
553,Entry long,2026-01-28 10:33,JJ_L,26219,6,314628,-313.44,-0.10,7.44,59.28,0.02,-309.72,-0.10,-4633.92,-9.27,2
554,Exit long,2026-01-28 10:42,JJ_LX,26190.25,6,314589,-313.44,-0.10,7.44,146.28,0.05,-309.72,-0.10,-4947.36,-9.89,6
554,Entry long,2026-01-28 10:36,JJ_L,26215.75,6,314589,-313.44,-0.10,7.44,146.28,0.05,-309.72,-0.10,-4947.36,-9.89,6
555,Exit short,2026-01-29 09:42,JJ_SX,25988.75,3,156381,444.78,0.28,3.72,446.64,0.29,-33.36,-0.02,-4502.58,-9.01,7
555,Entry short,2026-01-29 09:35,JJ_S,26063.5,3,156381,444.78,0.28,3.72,446.64,0.29,-33.36,-0.02,-4502.58,-9.01,7
556,Exit long,2026-01-29 09:53,JJ_LX,25922.5,3,155838,-306.72,-0.20,3.72,208.14,0.13,-304.86,-0.20,-4809.3,-9.62,6
556,Entry long,2026-01-29 09:47,JJ_L,25973,3,155838,-306.72,-0.20,3.72,208.14,0.13,-304.86,-0.20,-4809.3,-9.62,6
557,Exit long,2026-01-29 09:58,JJ_LX,25901.5,3,155712,-306.72,-0.20,3.72,1.14,0.00,-304.86,-0.20,-5116.02,-10.23,3
557,Entry long,2026-01-29 09:55,JJ_L,25952,3,155712,-306.72,-0.20,3.72,1.14,0.00,-304.86,-0.20,-5116.02,-10.23,3
558,Exit long,2026-01-29 10:14,JJ_LX,25746.75,3,154783.5,-306.72,-0.20,3.72,170.64,0.11,-304.86,-0.20,-5422.74,-10.85,10
558,Entry long,2026-01-29 10:04,JJ_L,25797.25,3,154783.5,-306.72,-0.20,3.72,170.64,0.11,-304.86,-0.20,-5422.74,-10.85,10
559,Exit long,2026-01-29 10:32,JJ_LX,25699,3,154497,-306.72,-0.20,3.72,433.14,0.28,-304.86,-0.20,-5729.46,-11.46,17
559,Entry long,2026-01-29 10:15,JJ_L,25749.5,3,154497,-306.72,-0.20,3.72,433.14,0.28,-304.86,-0.20,-5729.46,-11.46,17
560,Exit short,2026-01-30 09:34,JJ_SX,25883,3,154995,-306.72,-0.20,3.72,115.14,0.07,-304.86,-0.20,-6036.18,-12.07,3
560,Entry short,2026-01-30 09:31,JJ_S,25832.5,3,154995,-306.72,-0.20,3.72,115.14,0.07,-304.86,-0.20,-6036.18,-12.07,3
561,Exit long,2026-01-30 09:44,JJ_LX,25868.25,3,155512.5,-306.72,-0.20,3.72,121.14,0.08,-304.86,-0.20,-6342.9,-12.69,5
561,Entry long,2026-01-30 09:39,JJ_L,25918.75,3,155512.5,-306.72,-0.20,3.72,121.14,0.08,-304.86,-0.20,-6342.9,-12.69,5
562,Exit short,2026-01-30 09:50,JJ_SX,25908.25,3,155146.5,-306.72,-0.20,3.72,115.14,0.07,-304.86,-0.20,-6649.62,-13.30,5
562,Entry short,2026-01-30 09:45,JJ_S,25857.75,3,155146.5,-306.72,-0.20,3.72,115.14,0.07,-304.86,-0.20,-6649.62,-13.30,5
563,Exit short,2026-01-30 09:59,JJ_SX,25812.5,3,155323.5,444.78,0.29,3.72,446.64,0.29,-127.86,-0.08,-6204.84,-12.41,7
563,Entry short,2026-01-30 09:52,JJ_S,25887.25,3,155323.5,444.78,0.29,3.72,446.64,0.29,-127.86,-0.08,-6204.84,-12.41,7
564,Exit short,2026-01-30 10:26,JJ_SX,25827.5,3,155413.5,444.78,0.29,3.72,446.64,0.29,-103.86,-0.07,-5760.06,-11.52,14
564,Entry short,2026-01-30 10:12,JJ_S,25902.25,3,155413.5,444.78,0.29,3.72,446.64,0.29,-103.86,-0.07,-5760.06,-11.52,14
565,Exit long,2026-02-02 09:31,JJ_LX,25598.25,6,307485,-313.44,-0.10,7.44,137.28,0.04,-309.72,-0.10,-6073.5,-12.15,1
565,Entry long,2026-02-02 09:30,JJ_L,25623.75,6,307485,-313.44,-0.10,7.44,137.28,0.04,-309.72,-0.10,-6073.5,-12.15,1
566,Exit long,2026-02-02 09:36,JJ_LX,25713,3,153829.5,444.78,0.29,3.72,446.64,0.29,-117.36,-0.08,-5628.72,-11.26,2
566,Entry long,2026-02-02 09:34,JJ_L,25638.25,3,153829.5,444.78,0.29,3.72,446.64,0.29,-117.36,-0.08,-5628.72,-11.26,2
567,Exit long,2026-02-02 09:50,JJ_LX,25784.75,3,154260,444.78,0.29,3.72,446.64,0.29,-135.36,-0.09,-5183.94,-10.37,10
567,Entry long,2026-02-02 09:40,JJ_L,25710,3,154260,444.78,0.29,3.72,446.64,0.29,-135.36,-0.09,-5183.94,-10.37,10
568,Exit short,2026-02-02 09:59,JJ_SX,25782.75,3,154393.5,-306.72,-0.20,3.72,31.14,0.02,-304.86,-0.20,-5490.66,-10.98,1
568,Entry short,2026-02-02 09:58,JJ_S,25732.25,3,154393.5,-306.72,-0.20,3.72,31.14,0.02,-304.86,-0.20,-5490.66,-10.98,1
569,Exit short,2026-02-02 10:57,JJ_SX,25816.75,3,155349,444.78,0.29,3.72,446.64,0.29,-96.36,-0.06,-5045.88,-10.09,37
569,Entry short,2026-02-02 10:20,JJ_S,25891.5,3,155349,444.78,0.29,3.72,446.64,0.29,-96.36,-0.06,-5045.88,-10.09,37
570,Exit short,2026-02-03 09:34,JJ_SX,25853.25,6,310686,439.56,0.14,7.44,443.28,0.14,-153.72,-0.05,-4606.32,-9.21,3
570,Entry short,2026-02-03 09:31,JJ_S,25890.5,6,310686,439.56,0.14,7.44,443.28,0.14,-153.72,-0.05,-4606.32,-9.21,3
571,Exit long,2026-02-03 09:54,JJ_LX,25728.5,3,154674,-306.72,-0.20,3.72,7.14,0.00,-304.86,-0.20,-4913.04,-9.83,2
571,Entry long,2026-02-03 09:52,JJ_L,25779,3,154674,-306.72,-0.20,3.72,7.14,0.00,-304.86,-0.20,-4913.04,-9.83,2
572,Exit long,2026-02-03 10:07,JJ_LX,25575,3,153753,-306.72,-0.20,3.72,112.14,0.07,-304.86,-0.20,-5219.76,-10.44,4
572,Entry long,2026-02-03 10:03,JJ_L,25625.5,3,153753,-306.72,-0.20,3.72,112.14,0.07,-304.86,-0.20,-5219.76,-10.44,4
573,Exit long,2026-02-03 10:14,JJ_LX,25532.25,3,153496.5,-306.72,-0.20,3.72,172.14,0.11,-304.86,-0.20,-5526.48,-11.05,6
573,Entry long,2026-02-03 10:08,JJ_L,25582.75,3,153496.5,-306.72,-0.20,3.72,172.14,0.11,-304.86,-0.20,-5526.48,-11.05,6
574,Exit long,2026-02-03 10:22,JJ_LX,25549,3,153597,-306.72,-0.20,3.72,29.64,0.02,-304.86,-0.20,-5833.2,-11.67,2
574,Entry long,2026-02-03 10:20,JJ_L,25599.5,3,153597,-306.72,-0.20,3.72,29.64,0.02,-304.86,-0.20,-5833.2,-11.67,2
575,Exit short,2026-02-04 09:31,JJ_SX,25272.25,6,303714,439.56,0.14,7.44,443.28,0.15,-6.72,0.00,-5393.64,-10.79,1
575,Entry short,2026-02-04 09:30,JJ_S,25309.5,6,303714,439.56,0.14,7.44,443.28,0.15,-6.72,0.00,-5393.64,-10.79,1
576,Exit short,2026-02-04 09:41,JJ_SX,25354.5,3,151824,-306.72,-0.20,3.72,52.14,0.03,-304.86,-0.20,-5700.36,-11.40,1
576,Entry short,2026-02-04 09:40,JJ_S,25304,3,151824,-306.72,-0.20,3.72,52.14,0.03,-304.86,-0.20,-5700.36,-11.40,1
577,Exit short,2026-02-04 09:52,JJ_SX,25271.5,3,152077.5,444.78,0.29,3.72,446.64,0.29,-154.86,-0.10,-5255.58,-10.51,9
577,Entry short,2026-02-04 09:43,JJ_S,25346.25,3,152077.5,444.78,0.29,3.72,446.64,0.29,-154.86,-0.10,-5255.58,-10.51,9
578,Exit long,2026-02-04 09:56,JJ_LX,25253,3,151821,-306.72,-0.20,3.72,50.64,0.03,-304.86,-0.20,-5562.3,-11.12,2
578,Entry long,2026-02-04 09:54,JJ_L,25303.5,3,151821,-306.72,-0.20,3.72,50.64,0.03,-304.86,-0.20,-5562.3,-11.12,2
579,Exit long,2026-02-04 10:23,JJ_LX,25191,3,151449,-306.72,-0.20,3.72,34.14,0.02,-304.86,-0.20,-5869.02,-11.74,2
579,Entry long,2026-02-04 10:21,JJ_L,25241.5,3,151449,-306.72,-0.20,3.72,34.14,0.02,-304.86,-0.20,-5869.02,-11.74,2
580,Exit short,2026-02-05 09:32,JJ_SX,24730,3,148077,-306.72,-0.21,3.72,164.64,0.11,-304.86,-0.21,-6175.74,-12.35,1
580,Entry short,2026-02-05 09:31,JJ_S,24679.5,3,148077,-306.72,-0.21,3.72,164.64,0.11,-304.86,-0.21,-6175.74,-12.35,1
581,Exit long,2026-02-05 09:37,JJ_LX,24762.75,3,148879.5,-306.72,-0.21,3.72,206.64,0.14,-304.86,-0.20,-6482.46,-12.96,3
581,Entry long,2026-02-05 09:34,JJ_L,24813.25,3,148879.5,-306.72,-0.21,3.72,206.64,0.14,-304.86,-0.20,-6482.46,-12.96,3
582,Exit long,2026-02-05 09:41,JJ_LX,24925.25,3,149103,444.78,0.30,3.72,446.64,0.30,-33.36,-0.02,-6037.68,-12.08,4
582,Entry long,2026-02-05 09:37,JJ_L,24850.5,3,149103,444.78,0.30,3.72,446.64,0.30,-33.36,-0.02,-6037.68,-12.08,4
583,Exit short,2026-02-05 09:49,JJ_SX,24925.75,3,149251.5,-306.72,-0.21,3.72,14.64,0.01,-304.86,-0.20,-6344.4,-12.69,1
583,Entry short,2026-02-05 09:48,JJ_S,24875.25,3,149251.5,-306.72,-0.21,3.72,14.64,0.01,-304.86,-0.20,-6344.4,-12.69,1
584,Exit short,2026-02-05 09:56,JJ_SX,24810.5,3,149311.5,444.78,0.30,3.72,446.64,0.30,-240.36,-0.16,-5899.62,-11.80,5
584,Entry short,2026-02-05 09:51,JJ_S,24885.25,3,149311.5,444.78,0.30,3.72,446.64,0.30,-240.36,-0.16,-5899.62,-11.80,5
585,Exit long,2026-02-06 09:38,JJ_LX,24907.75,3,148998,444.78,0.30,3.72,446.64,0.30,-91.86,-0.06,-5454.84,-10.91,6
585,Entry long,2026-02-06 09:32,JJ_L,24833,3,148998,444.78,0.30,3.72,446.64,0.30,-91.86,-0.06,-5454.84,-10.91,6
586,Exit long,2026-02-06 09:51,JJ_LX,24970,3,149371.5,444.78,0.30,3.72,446.64,0.30,-66.36,-0.04,-5010.06,-10.02,8
586,Entry long,2026-02-06 09:43,JJ_L,24895.25,3,149371.5,444.78,0.30,3.72,446.64,0.30,-66.36,-0.04,-5010.06,-10.02,8
587,Exit short,2026-02-06 09:56,JJ_SX,24857.25,3,149592,444.78,0.30,3.72,446.64,0.30,-66.36,-0.04,-4565.28,-9.13,3
587,Entry short,2026-02-06 09:53,JJ_S,24932,3,149592,444.78,0.30,3.72,446.64,0.30,-66.36,-0.04,-4565.28,-9.13,3
588,Exit short,2026-02-06 10:04,JJ_SX,24785.25,3,149160,444.78,0.30,3.72,446.64,0.30,-222.36,-0.15,-4120.5,-8.24,8
588,Entry short,2026-02-06 09:56,JJ_S,24860,3,149160,444.78,0.30,3.72,446.64,0.30,-222.36,-0.15,-4120.5,-8.24,8
589,Exit short,2026-02-06 10:18,JJ_SX,24846.75,3,148777.5,-306.72,-0.21,3.72,323.64,0.22,-304.86,-0.20,-4427.22,-8.85,6
589,Entry short,2026-02-06 10:12,JJ_S,24796.25,3,148777.5,-306.72,-0.21,3.72,323.64,0.22,-304.86,-0.20,-4427.22,-8.85,6
590,Exit long,2026-02-09 09:45,JJ_LX,25163,3,150529.5,444.78,0.30,3.72,446.64,0.30,-135.36,-0.09,-3982.44,-7.96,8
590,Entry long,2026-02-09 09:37,JJ_L,25088.25,3,150529.5,444.78,0.30,3.72,446.64,0.30,-135.36,-0.09,-3982.44,-7.96,8
591,Exit short,2026-02-09 10:04,JJ_SX,25154.5,3,150624,-306.72,-0.20,3.72,68.64,0.05,-304.86,-0.20,-4289.16,-8.58,12
591,Entry short,2026-02-09 09:52,JJ_S,25104,3,150624,-306.72,-0.20,3.72,68.64,0.05,-304.86,-0.20,-4289.16,-8.58,12
592,Exit short,2026-02-09 10:20,JJ_SX,25248.5,3,151188,-306.72,-0.20,3.72,142.14,0.09,-304.86,-0.20,-4595.88,-9.19,9
592,Entry short,2026-02-09 10:11,JJ_S,25198,3,151188,-306.72,-0.20,3.72,142.14,0.09,-304.86,-0.20,-4595.88,-9.19,9
593,Exit short,2026-02-09 10:49,JJ_SX,25289.5,3,151434,-306.72,-0.20,3.72,436.14,0.29,-304.86,-0.20,-4902.6,-9.81,28
593,Entry short,2026-02-09 10:21,JJ_S,25239,3,151434,-306.72,-0.20,3.72,436.14,0.29,-304.86,-0.20,-4902.6,-9.81,28
594,Exit short,2026-02-09 11:15,JJ_SX,25337.5,6,303744,-313.44,-0.10,7.44,74.28,0.02,-309.72,-0.10,-5216.04,-10.43,16
594,Entry short,2026-02-09 10:59,JJ_S,25312,6,303744,-313.44,-0.10,7.44,74.28,0.02,-309.72,-0.10,-5216.04,-10.43,16
595,Exit short,2026-02-10 09:35,JJ_SX,25376.75,6,304215,-313.44,-0.10,7.44,56.28,0.02,-309.72,-0.10,-5529.48,-11.06,2
595,Entry short,2026-02-10 09:33,JJ_S,25351.25,6,304215,-313.44,-0.10,7.44,56.28,0.02,-309.72,-0.10,-5529.48,-11.06,2
596,Exit short,2026-02-10 09:54,JJ_SX,25355.25,3,151828.5,-306.72,-0.20,3.72,319.14,0.21,-304.86,-0.20,-5836.2,-11.67,17
596,Entry short,2026-02-10 09:37,JJ_S,25304.75,3,151828.5,-306.72,-0.20,3.72,319.14,0.21,-304.86,-0.20,-5836.2,-11.67,17
597,Exit short,2026-02-10 10:06,JJ_SX,25442,3,152349,-306.72,-0.20,3.72,67.14,0.04,-304.86,-0.20,-6142.92,-12.29,7
597,Entry short,2026-02-10 09:59,JJ_S,25391.5,3,152349,-306.72,-0.20,3.72,67.14,0.04,-304.86,-0.20,-6142.92,-12.29,7
598,Exit short,2026-02-10 11:34,JJ_SX,25331,3,152434.5,444.78,0.29,3.72,446.64,0.29,-142.86,-0.09,-5698.14,-11.40,60
598,Entry short,2026-02-10 10:34,JJ_S,25405.75,3,152434.5,444.78,0.29,3.72,446.64,0.29,-142.86,-0.09,-5698.14,-11.40,60
599,Exit long,2026-02-11 09:31,JJ_LX,25434.5,6,305520,-313.44,-0.10,7.44,62.28,0.02,-309.72,-0.10,-6011.58,-12.02,1
599,Entry long,2026-02-11 09:30,JJ_L,25460,6,305520,-313.44,-0.10,7.44,62.28,0.02,-309.72,-0.10,-6011.58,-12.02,1
600,Exit short,2026-02-11 09:45,JJ_SX,25412.25,3,152170.5,-306.72,-0.20,3.72,134.64,0.09,-304.86,-0.20,-6318.3,-12.64,9
600,Entry short,2026-02-11 09:36,JJ_S,25361.75,3,152170.5,-306.72,-0.20,3.72,134.64,0.09,-304.86,-0.20,-6318.3,-12.64,9
601,Exit long,2026-02-11 10:18,JJ_LX,25137.75,3,151129.5,-306.72,-0.20,3.72,38.64,0.03,-304.86,-0.20,-6625.02,-13.25,4
601,Entry long,2026-02-11 10:14,JJ_L,25188.25,3,151129.5,-306.72,-0.20,3.72,38.64,0.03,-304.86,-0.20,-6625.02,-13.25,4
602,Exit long,2026-02-11 10:40,JJ_LX,25175.75,3,150606,444.78,0.30,3.72,446.64,0.30,-60.36,-0.04,-6180.24,-12.36,10
602,Entry long,2026-02-11 10:30,JJ_L,25101,3,150606,444.78,0.30,3.72,446.64,0.30,-60.36,-0.04,-6180.24,-12.36,10
603,Exit long,2026-02-11 10:54,JJ_LX,25261.5,3,151120.5,444.78,0.29,3.72,446.64,0.30,-4.86,0.00,-5735.46,-11.47,3
603,Entry long,2026-02-11 10:51,JJ_L,25186.75,3,151120.5,444.78,0.29,3.72,446.64,0.30,-4.86,0.00,-5735.46,-11.47,3
604,Exit long,2026-02-12 09:34,JJ_LX,25345,6,304446,-313.44,-0.10,7.44,80.28,0.03,-309.72,-0.10,-6048.9,-12.10,2
604,Entry long,2026-02-12 09:32,JJ_L,25370.5,6,304446,-313.44,-0.10,7.44,80.28,0.03,-309.72,-0.10,-6048.9,-12.10,2
605,Exit short,2026-02-12 09:56,JJ_SX,25234.25,3,151854,444.78,0.29,3.72,446.64,0.29,-93.36,-0.06,-5604.12,-11.21,12
605,Entry short,2026-02-12 09:44,JJ_S,25309,3,151854,444.78,0.29,3.72,446.64,0.29,-93.36,-0.06,-5604.12,-11.21,12
606,Exit long,2026-02-12 10:08,JJ_LX,25186,3,151419,-306.72,-0.20,3.72,89.64,0.06,-304.86,-0.20,-5910.84,-11.82,7
606,Entry long,2026-02-12 10:01,JJ_L,25236.5,3,151419,-306.72,-0.20,3.72,89.64,0.06,-304.86,-0.20,-5910.84,-11.82,7
607,Exit long,2026-02-12 10:38,JJ_LX,25144.25,3,151168.5,-306.72,-0.20,3.72,391.14,0.26,-304.86,-0.20,-6217.56,-12.44,29
607,Entry long,2026-02-12 10:09,JJ_L,25194.75,3,151168.5,-306.72,-0.20,3.72,391.14,0.26,-304.86,-0.20,-6217.56,-12.44,29
608,Exit long,2026-02-12 10:54,JJ_LX,25056.75,3,150643.5,-306.72,-0.20,3.72,82.14,0.05,-304.86,-0.20,-6524.28,-13.05,9
608,Entry long,2026-02-12 10:45,JJ_L,25107.25,3,150643.5,-306.72,-0.20,3.72,82.14,0.05,-304.86,-0.20,-6524.28,-13.05,9
609,Exit long,2026-02-13 09:33,JJ_LX,24736.5,3,148722,-306.72,-0.21,3.72,76.14,0.05,-304.86,-0.20,-6831,-13.66,1
609,Entry long,2026-02-13 09:32,JJ_L,24787,3,148722,-306.72,-0.21,3.72,76.14,0.05,-304.86,-0.20,-6831,-13.66,1
610,Exit short,2026-02-13 09:40,JJ_SX,24662,3,148420.5,444.78,0.30,3.72,446.64,0.30,-249.36,-0.17,-6386.22,-12.77,7
610,Entry short,2026-02-13 09:33,JJ_S,24736.75,3,148420.5,444.78,0.30,3.72,446.64,0.30,-249.36,-0.17,-6386.22,-12.77,7
611,Exit short,2026-02-13 09:43,JJ_SX,24671.25,3,147724.5,-306.72,-0.21,3.72,250.14,0.17,-304.86,-0.21,-6692.94,-13.39,3
611,Entry short,2026-02-13 09:40,JJ_S,24620.75,3,147724.5,-306.72,-0.21,3.72,250.14,0.17,-304.86,-0.21,-6692.94,-13.39,3
612,Exit short,2026-02-13 09:50,JJ_SX,24700.5,3,148651.5,444.78,0.30,3.72,446.64,0.30,-16.86,-0.01,-6248.16,-12.50,1
612,Entry short,2026-02-13 09:49,JJ_S,24775.25,3,148651.5,444.78,0.30,3.72,446.64,0.30,-16.86,-0.01,-6248.16,-12.50,1
613,Exit short,2026-02-13 10:17,JJ_SX,24719,3,148762.5,444.78,0.30,3.72,446.64,0.30,-175.86,-0.12,-5803.38,-11.61,5
613,Entry short,2026-02-13 10:12,JJ_S,24793.75,3,148762.5,444.78,0.30,3.72,446.64,0.30,-175.86,-0.12,-5803.38,-11.61,5
614,Exit short,2026-02-16 09:45,JJ_SX,24700,6,296847,439.56,0.15,7.44,443.28,0.15,-228.72,-0.08,-5363.82,-10.73,9
614,Entry short,2026-02-16 09:36,JJ_S,24737.25,6,296847,439.56,0.15,7.44,443.28,0.15,-228.72,-0.08,-5363.82,-10.73,9
615,Exit long,2026-02-16 09:55,JJ_LX,24764.5,6,296727,439.56,0.15,7.44,443.28,0.15,-39.72,-0.01,-4924.26,-9.85,7
615,Entry long,2026-02-16 09:48,JJ_L,24727.25,6,296727,439.56,0.15,7.44,443.28,0.15,-39.72,-0.01,-4924.26,-9.85,7
616,Exit short,2026-02-16 10:21,JJ_SX,24738.25,6,297306,439.56,0.15,7.44,443.28,0.15,-267.72,-0.09,-4484.7,-8.97,20
616,Entry short,2026-02-16 10:01,JJ_S,24775.5,6,297306,439.56,0.15,7.44,443.28,0.15,-267.72,-0.09,-4484.7,-8.97,20
617,Exit long,2026-02-16 11:09,JJ_LX,24736.5,6,296391,439.56,0.15,7.44,443.28,0.15,-261.72,-0.09,-4045.14,-8.09,30
617,Entry long,2026-02-16 10:39,JJ_L,24699.25,6,296391,439.56,0.15,7.44,443.28,0.15,-261.72,-0.09,-4045.14,-8.09,30
618,Exit short,2026-02-17 09:31,JJ_SX,24650.75,6,295503,-313.44,-0.11,7.44,230.28,0.08,-309.72,-0.10,-4358.58,-8.72,1
618,Entry short,2026-02-17 09:30,JJ_S,24625.25,6,295503,-313.44,-0.11,7.44,230.28,0.08,-309.72,-0.10,-4358.58,-8.72,1
619,Exit short,2026-02-18 09:38,JJ_SX,24818.75,3,148609.5,-306.72,-0.21,3.72,74.64,0.05,-304.86,-0.21,-4665.3,-9.33,4
619,Entry short,2026-02-18 09:34,JJ_S,24768.25,3,148609.5,-306.72,-0.21,3.72,74.64,0.05,-304.86,-0.21,-4665.3,-9.33,4
620,Exit long,2026-02-18 09:55,JJ_LX,24901.75,3,148962,444.78,0.30,3.72,446.64,0.30,-298.86,-0.20,-4220.52,-8.44,17
620,Entry long,2026-02-18 09:38,JJ_L,24827,3,148962,444.78,0.30,3.72,446.64,0.30,-298.86,-0.20,-4220.52,-8.44,17
621,Exit short,2026-02-18 10:40,JJ_SX,25077.5,3,150162,-306.72,-0.20,3.72,179.64,0.12,-304.86,-0.20,-4527.24,-9.05,34
621,Entry short,2026-02-18 10:06,JJ_S,25027,3,150162,-306.72,-0.20,3.72,179.64,0.12,-304.86,-0.20,-4527.24,-9.05,34
622,Exit short,2026-02-18 10:48,JJ_SX,25083.5,6,300696,-313.44,-0.10,7.44,107.28,0.04,-309.72,-0.10,-4840.68,-9.68,6
622,Entry short,2026-02-18 10:42,JJ_S,25058,6,300696,-313.44,-0.10,7.44,107.28,0.04,-309.72,-0.10,-4840.68,-9.68,6
623,Exit short,2026-02-18 10:55,JJ_SX,25097.25,6,300861,-313.44,-0.10,7.44,239.28,0.08,-309.72,-0.10,-5154.12,-10.31,6
623,Entry short,2026-02-18 10:49,JJ_S,25071.75,6,300861,-313.44,-0.10,7.44,239.28,0.08,-309.72,-0.10,-5154.12,-10.31,6
624,Exit short,2026-02-19 09:44,JJ_SX,24831,3,148683,-306.72,-0.21,3.72,40.14,0.03,-304.86,-0.21,-5460.84,-10.92,3
624,Entry short,2026-02-19 09:41,JJ_S,24780.5,3,148683,-306.72,-0.21,3.72,40.14,0.03,-304.86,-0.21,-5460.84,-10.92,3
625,Exit short,2026-02-19 09:56,JJ_SX,24912.25,3,149170.5,-306.72,-0.21,3.72,10.14,0.01,-304.86,-0.20,-5767.56,-11.54,2
625,Entry short,2026-02-19 09:54,JJ_S,24861.75,3,149170.5,-306.72,-0.21,3.72,10.14,0.01,-304.86,-0.20,-5767.56,-11.54,2
626,Exit short,2026-02-19 11:20,JJ_SX,24958.5,3,149448,-306.72,-0.21,3.72,349.14,0.23,-304.86,-0.20,-6074.28,-12.15,75
626,Entry short,2026-02-19 10:05,JJ_S,24908,3,149448,-306.72,-0.21,3.72,349.14,0.23,-304.86,-0.20,-6074.28,-12.15,75
627,Exit long,2026-02-20 09:36,JJ_LX,24855.5,3,148684.5,444.78,0.30,3.72,446.64,0.30,-45.36,-0.03,-5629.5,-11.26,4
627,Entry long,2026-02-20 09:32,JJ_L,24780.75,3,148684.5,444.78,0.30,3.72,446.64,0.30,-45.36,-0.03,-5629.5,-11.26,4
628,Exit long,2026-02-20 09:46,JJ_LX,24951,3,149257.5,444.78,0.30,3.72,446.64,0.30,-33.36,-0.02,-5184.72,-10.37,5
628,Entry long,2026-02-20 09:41,JJ_L,24876.25,3,149257.5,444.78,0.30,3.72,446.64,0.30,-33.36,-0.02,-5184.72,-10.37,5
629,Exit short,2026-02-20 10:01,JJ_SX,24965.25,3,149488.5,-306.72,-0.21,3.72,413.64,0.28,-304.86,-0.20,-5491.44,-10.98,14
629,Entry short,2026-02-20 09:47,JJ_S,24914.75,3,149488.5,-306.72,-0.21,3.72,413.64,0.28,-304.86,-0.20,-5491.44,-10.98,14
630,Exit short,2026-02-20 10:08,JJ_SX,24944.75,3,149365.5,-306.72,-0.21,3.72,214.14,0.14,-304.86,-0.20,-5798.16,-11.60,3
630,Entry short,2026-02-20 10:05,JJ_S,24894.25,3,149365.5,-306.72,-0.21,3.72,214.14,0.14,-304.86,-0.20,-5798.16,-11.60,3
631,Exit short,2026-02-20 10:15,JJ_SX,24909.5,3,149905.5,444.78,0.30,3.72,446.64,0.30,-81.36,-0.05,-5353.38,-10.71,4
631,Entry short,2026-02-20 10:11,JJ_S,24984.25,3,149905.5,444.78,0.30,3.72,446.64,0.30,-81.36,-0.05,-5353.38,-10.71,4
632,Exit short,2026-02-23 09:32,JJ_SX,25001.75,6,299715,-313.44,-0.10,7.44,11.28,0.00,-309.72,-0.10,-5666.82,-11.33,1
632,Entry short,2026-02-23 09:31,JJ_S,24976.25,6,299715,-313.44,-0.10,7.44,11.28,0.00,-309.72,-0.10,-5666.82,-11.33,1
633,Exit short,2026-02-23 10:05,JJ_SX,24853.75,3,149571,444.78,0.30,3.72,446.64,0.30,-223.86,-0.15,-5222.04,-10.44,25
633,Entry short,2026-02-23 09:40,JJ_S,24928.5,3,149571,444.78,0.30,3.72,446.64,0.30,-223.86,-0.15,-5222.04,-10.44,25
634,Exit long,2026-02-23 10:36,JJ_LX,24833,3,149301,-306.72,-0.21,3.72,275.64,0.18,-304.86,-0.20,-5528.76,-11.06,30
634,Entry long,2026-02-23 10:06,JJ_L,24883.5,3,149301,-306.72,-0.21,3.72,275.64,0.18,-304.86,-0.20,-5528.76,-11.06,30
635,Exit long,2026-02-23 10:52,JJ_LX,24797,3,149085,-306.72,-0.21,3.72,143.64,0.10,-304.86,-0.20,-5835.48,-11.67,16
635,Entry long,2026-02-23 10:36,JJ_L,24847.5,3,149085,-306.72,-0.21,3.72,143.64,0.10,-304.86,-0.20,-5835.48,-11.67,16
636,Exit long,2026-02-23 10:59,JJ_LX,24746.25,3,148780.5,-306.72,-0.21,3.72,0,0.00,-304.86,-0.20,-6142.2,-12.28,6
636,Entry long,2026-02-23 10:53,JJ_L,24796.75,3,148780.5,-306.72,-0.21,3.72,0,0.00,-304.86,-0.20,-6142.2,-12.28,6
637,Exit short,2026-02-24 09:34,JJ_SX,24747,6,296658,-313.44,-0.11,7.44,149.28,0.05,-309.72,-0.10,-6455.64,-12.91,1
637,Entry short,2026-02-24 09:33,JJ_S,24721.5,6,296658,-313.44,-0.11,7.44,149.28,0.05,-309.72,-0.10,-6455.64,-12.91,1
638,Exit long,2026-02-24 09:45,JJ_LX,24913.25,3,149031,444.78,0.30,3.72,446.64,0.30,-13.86,-0.01,-6010.86,-12.02,5
638,Entry long,2026-02-24 09:40,JJ_L,24838.5,3,149031,444.78,0.30,3.72,446.64,0.30,-13.86,-0.01,-6010.86,-12.02,5
639,Exit short,2026-02-24 10:21,JJ_SX,24931.75,3,149287.5,-306.72,-0.21,3.72,368.64,0.25,-304.86,-0.20,-6317.58,-12.64,26
639,Entry short,2026-02-24 09:55,JJ_S,24881.25,3,149287.5,-306.72,-0.21,3.72,368.64,0.25,-304.86,-0.20,-6317.58,-12.64,26
640,Exit short,2026-02-24 12:09,JJ_SX,25048.25,3,149986.5,-306.72,-0.20,3.72,182.64,0.12,-304.86,-0.20,-6624.3,-13.25,84
640,Entry short,2026-02-24 10:45,JJ_S,24997.75,3,149986.5,-306.72,-0.20,3.72,182.64,0.12,-304.86,-0.20,-6624.3,-13.25,84
641,Exit long,2026-02-25 09:36,JJ_LX,25249,6,302541,439.56,0.15,7.44,443.28,0.15,-36.72,-0.01,-6184.74,-12.37,6
641,Entry long,2026-02-25 09:30,JJ_L,25211.75,6,302541,439.56,0.15,7.44,443.28,0.15,-36.72,-0.01,-6184.74,-12.37,6
642,Exit long,2026-02-25 09:46,JJ_LX,25310.75,6,303282,439.56,0.14,7.44,443.28,0.15,-99.72,-0.03,-5745.18,-11.49,3
642,Entry long,2026-02-25 09:43,JJ_L,25273.5,6,303282,439.56,0.14,7.44,443.28,0.15,-99.72,-0.03,-5745.18,-11.49,3
643,Exit short,2026-02-25 14:18,JJ_SX,25375.75,3,151951.5,-306.72,-0.20,3.72,361.14,0.24,-304.86,-0.20,-6051.9,-12.10,266
643,Entry short,2026-02-25 09:52,JJ_S,25325.25,3,151951.5,-306.72,-0.20,3.72,361.14,0.24,-304.86,-0.20,-6051.9,-12.10,266
644,Exit short,2026-02-26 09:31,JJ_SX,25319,6,303522,-313.44,-0.10,7.44,155.28,0.05,-309.72,-0.10,-6365.34,-12.73,1
644,Entry short,2026-02-26 09:30,JJ_S,25293.5,6,303522,-313.44,-0.10,7.44,155.28,0.05,-309.72,-0.10,-6365.34,-12.73,1
645,Exit short,2026-02-26 09:36,JJ_SX,25245,6,303387,439.56,0.14,7.44,443.28,0.15,-111.72,-0.04,-5925.78,-11.85,4
645,Entry short,2026-02-26 09:32,JJ_S,25282.25,6,303387,439.56,0.14,7.44,443.28,0.15,-111.72,-0.04,-5925.78,-11.85,4
646,Exit short,2026-02-26 10:00,JJ_SX,25177,3,151510.5,444.78,0.29,3.72,446.64,0.29,-255.36,-0.17,-5481,-10.96,20
646,Entry short,2026-02-26 09:40,JJ_S,25251.75,3,151510.5,444.78,0.29,3.72,446.64,0.29,-255.36,-0.17,-5481,-10.96,20
647,Exit long,2026-02-26 10:12,JJ_LX,25107.75,3,150949.5,-306.72,-0.20,3.72,188.64,0.12,-304.86,-0.20,-5787.72,-11.58,10
647,Entry long,2026-02-26 10:02,JJ_L,25158.25,3,150949.5,-306.72,-0.20,3.72,188.64,0.12,-304.86,-0.20,-5787.72,-11.58,10
648,Exit long,2026-02-26 10:27,JJ_LX,24913.25,3,149782.5,-306.72,-0.20,3.72,10.14,0.01,-304.86,-0.20,-6094.44,-12.19,1
648,Entry long,2026-02-26 10:26,JJ_L,24963.75,3,149782.5,-306.72,-0.20,3.72,10.14,0.01,-304.86,-0.20,-6094.44,-12.19,1
649,Exit long,2026-02-27 09:42,JJ_LX,24830.5,3,149286,-306.72,-0.21,3.72,172.14,0.12,-304.86,-0.20,-6401.16,-12.80,10
649,Entry long,2026-02-27 09:32,JJ_L,24881,3,149286,-306.72,-0.21,3.72,172.14,0.12,-304.86,-0.20,-6401.16,-12.80,10
650,Exit short,2026-02-27 10:01,JJ_SX,24916,3,149193,-306.72,-0.21,3.72,91.14,0.06,-304.86,-0.20,-6707.88,-13.42,6
650,Entry short,2026-02-27 09:55,JJ_S,24865.5,3,149193,-306.72,-0.21,3.72,91.14,0.06,-304.86,-0.20,-6707.88,-13.42,6
651,Exit short,2026-02-27 10:44,JJ_SX,25006,3,149733,-306.72,-0.20,3.72,205.14,0.14,-304.86,-0.20,-7014.6,-14.03,35
651,Entry short,2026-02-27 10:09,JJ_S,24955.5,3,149733,-306.72,-0.20,3.72,205.14,0.14,-304.86,-0.20,-7014.6,-14.03,35
652,Exit short,2026-02-27 11:01,JJ_SX,24994.25,3,149662.5,-306.72,-0.20,3.72,121.14,0.08,-304.86,-0.20,-7321.32,-14.64,10
652,Entry short,2026-02-27 10:51,JJ_S,24943.75,3,149662.5,-306.72,-0.20,3.72,121.14,0.08,-304.86,-0.20,-7321.32,-14.64,10
653,Exit long,2026-03-02 09:31,JJ_LX,24720.25,6,296196,439.56,0.15,7.44,443.28,0.15,-6.72,0.00,-6881.76,-13.76,1
653,Entry long,2026-03-02 09:30,JJ_L,24683,6,296196,439.56,0.15,7.44,443.28,0.15,-6.72,0.00,-6881.76,-13.76,1
654,Exit long,2026-03-02 09:34,JJ_LX,24820,3,148471.5,444.78,0.30,3.72,446.64,0.30,-114.36,-0.08,-6436.98,-12.87,3
654,Entry long,2026-03-02 09:31,JJ_L,24745.25,3,148471.5,444.78,0.30,3.72,446.64,0.30,-114.36,-0.08,-6436.98,-12.87,3
655,Exit short,2026-03-02 10:04,JJ_SX,24905.25,3,149128.5,-306.72,-0.21,3.72,308.64,0.21,-304.86,-0.20,-6743.7,-13.49,13
655,Entry short,2026-03-02 09:51,JJ_S,24854.75,3,149128.5,-306.72,-0.21,3.72,308.64,0.21,-304.86,-0.20,-6743.7,-13.49,13
656,Exit short,2026-03-02 10:32,JJ_SX,24845.5,3,149521.5,444.78,0.30,3.72,446.64,0.30,-52.86,-0.04,-6298.92,-12.60,15
656,Entry short,2026-03-02 10:17,JJ_S,24920.25,3,149521.5,444.78,0.30,3.72,446.64,0.30,-52.86,-0.04,-6298.92,-12.60,15
657,Exit short,2026-03-02 10:38,JJ_SX,24899,3,149091,-306.72,-0.21,3.72,37.14,0.02,-304.86,-0.20,-6605.64,-13.21,6
657,Entry short,2026-03-02 10:32,JJ_S,24848.5,3,149091,-306.72,-0.21,3.72,37.14,0.02,-304.86,-0.20,-6605.64,-13.21,6
658,Exit long,2026-03-03 09:34,JJ_LX,24560.25,3,147664.5,-306.72,-0.21,3.72,95.64,0.06,-304.86,-0.21,-6912.36,-13.82,4
658,Entry long,2026-03-03 09:30,JJ_L,24610.75,3,147664.5,-306.72,-0.21,3.72,95.64,0.06,-304.86,-0.21,-6912.36,-13.82,4
659,Exit short,2026-03-03 09:36,JJ_SX,24578,3,147165,-306.72,-0.21,3.72,149.64,0.10,-304.86,-0.21,-7219.08,-14.44,2
659,Entry short,2026-03-03 09:34,JJ_S,24527.5,3,147165,-306.72,-0.21,3.72,149.64,0.10,-304.86,-0.21,-7219.08,-14.44,2
660,Exit long,2026-03-03 09:39,JJ_LX,24592,3,147855,-306.72,-0.21,3.72,109.14,0.07,-304.86,-0.21,-7525.8,-15.05,2
660,Entry long,2026-03-03 09:37,JJ_L,24642.5,3,147855,-306.72,-0.21,3.72,109.14,0.07,-304.86,-0.21,-7525.8,-15.05,2
661,Exit long,2026-03-03 10:54,JJ_LX,24377.5,3,146568,-306.72,-0.21,3.72,263.64,0.18,-304.86,-0.21,-7832.52,-15.67,23
661,Entry long,2026-03-03 10:31,JJ_L,24428,3,146568,-306.72,-0.21,3.72,263.64,0.18,-304.86,-0.21,-7832.52,-15.67,23
662,Exit long,2026-03-03 11:04,JJ_LX,24496,3,146527.5,444.78,0.30,3.72,446.64,0.30,-9.36,-0.01,-7387.74,-14.78,7
662,Entry long,2026-03-03 10:57,JJ_L,24421.25,3,146527.5,444.78,0.30,3.72,446.64,0.30,-9.36,-0.01,-7387.74,-14.78,7
663,Exit long,2026-03-04 09:35,JJ_LX,24897.5,3,149688,-306.72,-0.20,3.72,133.14,0.09,-304.86,-0.20,-7694.46,-15.39,2
663,Entry long,2026-03-04 09:33,JJ_L,24948,3,149688,-306.72,-0.20,3.72,133.14,0.09,-304.86,-0.20,-7694.46,-15.39,2
664,Exit short,2026-03-04 10:00,JJ_SX,24957,3,149439,-306.72,-0.21,3.72,157.14,0.11,-304.86,-0.20,-8001.18,-16.00,5
664,Entry short,2026-03-04 09:55,JJ_S,24906.5,3,149439,-306.72,-0.21,3.72,157.14,0.11,-304.86,-0.20,-8001.18,-16.00,5
665,Exit short,2026-03-04 10:05,JJ_SX,24951.25,3,149404.5,-306.72,-0.21,3.72,61.14,0.04,-304.86,-0.20,-8307.9,-16.62,2
665,Entry short,2026-03-04 10:03,JJ_S,24900.75,3,149404.5,-306.72,-0.21,3.72,61.14,0.04,-304.86,-0.20,-8307.9,-16.62,2
666,Exit short,2026-03-04 10:45,JJ_SX,25050.25,3,150750,444.78,0.30,3.72,446.64,0.30,-100.86,-0.07,-7863.12,-15.73,15
666,Entry short,2026-03-04 10:30,JJ_S,25125,3,150750,444.78,0.30,3.72,446.64,0.30,-100.86,-0.07,-7863.12,-15.73,15
667,Exit short,2026-03-04 10:55,JJ_SX,25097,3,150279,-306.72,-0.20,3.72,2.64,0.00,-304.86,-0.20,-8169.84,-16.34,3
667,Entry short,2026-03-04 10:52,JJ_S,25046.5,3,150279,-306.72,-0.20,3.72,2.64,0.00,-304.86,-0.20,-8169.84,-16.34,3
668,Exit long,2026-03-05 09:51,JJ_LX,25140.5,3,150394.5,444.78,0.30,3.72,446.64,0.30,-184.86,-0.12,-7725.06,-15.45,19
668,Entry long,2026-03-05 09:32,JJ_L,25065.75,3,150394.5,444.78,0.30,3.72,446.64,0.30,-184.86,-0.12,-7725.06,-15.45,19
669,Exit short,2026-03-05 09:58,JJ_SX,25174.5,3,150744,-306.72,-0.20,3.72,110.64,0.07,-304.86,-0.20,-8031.78,-16.06,6
669,Entry short,2026-03-05 09:52,JJ_S,25124,3,150744,-306.72,-0.20,3.72,110.64,0.07,-304.86,-0.20,-8031.78,-16.06,6
670,Exit short,2026-03-05 10:17,JJ_SX,25108.5,3,151099.5,444.78,0.29,3.72,446.64,0.30,-84.36,-0.06,-7587,-15.17,16
670,Entry short,2026-03-05 10:01,JJ_S,25183.25,3,151099.5,444.78,0.29,3.72,446.64,0.30,-84.36,-0.06,-7587,-15.17,16
671,Exit short,2026-03-05 10:24,JJ_SX,25032.25,3,150642,444.78,0.30,3.72,446.64,0.30,-10.86,-0.01,-7142.22,-14.28,5
671,Entry short,2026-03-05 10:19,JJ_S,25107,3,150642,444.78,0.30,3.72,446.64,0.30,-10.86,-0.01,-7142.22,-14.28,5
672,Exit short,2026-03-05 10:30,JJ_SX,24948.5,3,150139.5,444.78,0.30,3.72,446.64,0.30,-61.86,-0.04,-6697.44,-13.39,6
672,Entry short,2026-03-05 10:24,JJ_S,25023.25,3,150139.5,444.78,0.30,3.72,446.64,0.30,-61.86,-0.04,-6697.44,-13.39,6
673,Exit long,2026-03-06 09:35,JJ_LX,24655,3,148233,-306.72,-0.21,3.72,158.64,0.11,-304.86,-0.21,-7004.16,-14.01,3
673,Entry long,2026-03-06 09:32,JJ_L,24705.5,3,148233,-306.72,-0.21,3.72,158.64,0.11,-304.86,-0.21,-7004.16,-14.01,3
674,Exit short,2026-03-06 09:39,JJ_SX,24700.75,3,147901.5,-306.72,-0.21,3.72,229.14,0.15,-304.86,-0.21,-7310.88,-14.62,4
674,Entry short,2026-03-06 09:35,JJ_S,24650.25,3,147901.5,-306.72,-0.21,3.72,229.14,0.15,-304.86,-0.21,-7310.88,-14.62,4
675,Exit long,2026-03-06 09:47,JJ_LX,24654.75,3,148231.5,-306.72,-0.21,3.72,149.64,0.10,-304.86,-0.21,-7617.6,-15.24,6
675,Entry long,2026-03-06 09:41,JJ_L,24705.25,3,148231.5,-306.72,-0.21,3.72,149.64,0.10,-304.86,-0.21,-7617.6,-15.24,6
676,Exit short,2026-03-06 10:13,JJ_SX,24783.25,3,148396.5,-306.72,-0.21,3.72,409.14,0.28,-304.86,-0.21,-7924.32,-15.85,6
676,Entry short,2026-03-06 10:07,JJ_S,24732.75,3,148396.5,-306.72,-0.21,3.72,409.14,0.28,-304.86,-0.21,-7924.32,-15.85,6
677,Exit short,2026-03-06 10:23,JJ_SX,24816.5,3,148596,-306.72,-0.21,3.72,34.14,0.02,-304.86,-0.21,-8231.04,-16.46,7
677,Entry short,2026-03-06 10:16,JJ_S,24766,3,148596,-306.72,-0.21,3.72,34.14,0.02,-304.86,-0.21,-8231.04,-16.46,7
678,Exit long,2026-03-09 09:33,JJ_LX,24461.25,3,147070.5,-306.72,-0.21,3.72,83.64,0.06,-304.86,-0.21,-8537.76,-17.08,3
678,Entry long,2026-03-09 09:30,JJ_L,24511.75,3,147070.5,-306.72,-0.21,3.72,83.64,0.06,-304.86,-0.21,-8537.76,-17.08,3
679,Exit short,2026-03-09 09:45,JJ_SX,24354.5,3,146575.5,444.78,0.30,3.72,446.64,0.30,-111.36,-0.08,-8092.98,-16.19,9
679,Entry short,2026-03-09 09:36,JJ_S,24429.25,3,146575.5,444.78,0.30,3.72,446.64,0.30,-111.36,-0.08,-8092.98,-16.19,9
680,Exit long,2026-03-09 10:04,JJ_LX,24453.75,3,146274,444.78,0.30,3.72,446.64,0.31,-169.86,-0.12,-7648.2,-15.30,9
680,Entry long,2026-03-09 09:55,JJ_L,24379,3,146274,444.78,0.30,3.72,446.64,0.31,-169.86,-0.12,-7648.2,-15.30,9
681,Exit long,2026-03-09 10:11,JJ_LX,24335.75,3,146317.5,-306.72,-0.21,3.72,25.14,0.02,-304.86,-0.21,-7954.92,-15.91,2
681,Entry long,2026-03-09 10:09,JJ_L,24386.25,3,146317.5,-306.72,-0.21,3.72,25.14,0.02,-304.86,-0.21,-7954.92,-15.91,2
682,Exit long,2026-03-09 10:25,JJ_LX,24468.5,3,146362.5,444.78,0.30,3.72,446.64,0.31,-243.36,-0.17,-7510.14,-15.02,8
682,Entry long,2026-03-09 10:17,JJ_L,24393.75,3,146362.5,444.78,0.30,3.72,446.64,0.31,-243.36,-0.17,-7510.14,-15.02,8
683,Exit short,2026-03-10 09:44,JJ_SX,25013.75,3,149779.5,-306.72,-0.20,3.72,20.64,0.01,-304.86,-0.20,-7816.86,-15.63,1
683,Entry short,2026-03-10 09:43,JJ_S,24963.25,3,149779.5,-306.72,-0.20,3.72,20.64,0.01,-304.86,-0.20,-7816.86,-15.63,1
684,Exit long,2026-03-10 09:55,JJ_LX,24980.25,3,150184.5,-306.72,-0.20,3.72,154.14,0.10,-304.86,-0.20,-8123.58,-16.25,11
684,Entry long,2026-03-10 09:44,JJ_L,25030.75,3,150184.5,-306.72,-0.20,3.72,154.14,0.10,-304.86,-0.20,-8123.58,-16.25,11
685,Exit long,2026-03-10 10:09,JJ_LX,24904,3,149727,-306.72,-0.20,3.72,263.64,0.18,-304.86,-0.20,-8430.3,-16.86,8
685,Entry long,2026-03-10 10:01,JJ_L,24954.5,3,149727,-306.72,-0.20,3.72,263.64,0.18,-304.86,-0.20,-8430.3,-16.86,8
686,Exit long,2026-03-10 10:30,JJ_LX,25027.5,3,149716.5,444.78,0.30,3.72,446.64,0.30,-54.36,-0.04,-7985.52,-15.97,11
686,Entry long,2026-03-10 10:19,JJ_L,24952.75,3,149716.5,444.78,0.30,3.72,446.64,0.30,-54.36,-0.04,-7985.52,-15.97,11
687,Exit short,2026-03-10 10:56,JJ_SX,25137.5,3,150522,-306.72,-0.20,3.72,7.14,0.00,-304.86,-0.20,-8292.24,-16.58,9
687,Entry short,2026-03-10 10:47,JJ_S,25087,3,150522,-306.72,-0.20,3.72,7.14,0.00,-304.86,-0.20,-8292.24,-16.58,9
688,Exit long,2026-03-11 09:31,JJ_LX,25059,6,301014,-313.44,-0.10,7.44,29.28,0.01,-309.72,-0.10,-8605.68,-17.21,1
688,Entry long,2026-03-11 09:30,JJ_L,25084.5,6,301014,-313.44,-0.10,7.44,29.28,0.01,-309.72,-0.10,-8605.68,-17.21,1
689,Exit long,2026-03-11 09:46,JJ_LX,25055,3,150633,-306.72,-0.20,3.72,58.14,0.04,-304.86,-0.20,-8912.4,-17.82,9
689,Entry long,2026-03-11 09:37,JJ_L,25105.5,3,150633,-306.72,-0.20,3.72,58.14,0.04,-304.86,-0.20,-8912.4,-17.82,9
690,Exit short,2026-03-11 09:58,JJ_SX,25106.5,3,150336,-306.72,-0.20,3.72,245.64,0.16,-304.86,-0.20,-9219.12,-18.44,11
690,Entry short,2026-03-11 09:47,JJ_S,25056,3,150336,-306.72,-0.20,3.72,245.64,0.16,-304.86,-0.20,-9219.12,-18.44,11
691,Exit short,2026-03-11 10:23,JJ_SX,25026.75,3,150609,444.78,0.30,3.72,446.64,0.30,-100.86,-0.07,-8774.34,-17.55,17
691,Entry short,2026-03-11 10:06,JJ_S,25101.5,3,150609,444.78,0.30,3.72,446.64,0.30,-100.86,-0.07,-8774.34,-17.55,17
692,Exit long,2026-03-11 10:58,JJ_LX,25072,3,149983.5,444.78,0.30,3.72,446.64,0.30,-234.36,-0.16,-8329.56,-16.66,30
692,Entry long,2026-03-11 10:28,JJ_L,24997.25,3,149983.5,444.78,0.30,3.72,446.64,0.30,-234.36,-0.16,-8329.56,-16.66,30
693,Exit short,2026-03-12 09:33,JJ_SX,24796.5,3,148476,-306.72,-0.21,3.72,20.64,0.01,-304.86,-0.21,-8636.28,-17.27,2
693,Entry short,2026-03-12 09:31,JJ_S,24746,3,148476,-306.72,-0.21,3.72,20.64,0.01,-304.86,-0.21,-8636.28,-17.27,2
694,Exit long,2026-03-12 09:45,JJ_LX,24744,3,148767,-306.72,-0.21,3.72,239.64,0.16,-304.86,-0.20,-8943,-17.89,12
694,Entry long,2026-03-12 09:33,JJ_L,24794.5,3,148767,-306.72,-0.21,3.72,239.64,0.16,-304.86,-0.20,-8943,-17.89,12
695,Exit long,2026-03-12 09:53,JJ_LX,24686.25,3,148420.5,-306.72,-0.21,3.72,179.64,0.12,-304.86,-0.21,-9249.72,-18.50,4
695,Entry long,2026-03-12 09:49,JJ_L,24736.75,3,148420.5,-306.72,-0.21,3.72,179.64,0.12,-304.86,-0.21,-9249.72,-18.50,4
696,Exit long,2026-03-12 10:28,JJ_LX,24648.75,3,148195.5,-306.72,-0.21,3.72,302.64,0.20,-304.86,-0.21,-9556.44,-19.11,28
696,Entry long,2026-03-12 10:00,JJ_L,24699.25,3,148195.5,-306.72,-0.21,3.72,302.64,0.20,-304.86,-0.21,-9556.44,-19.11,28
697,Exit long,2026-03-12 10:46,JJ_LX,24680.5,3,147634.5,444.78,0.30,3.72,446.64,0.30,-201.36,-0.14,-9111.66,-18.22,12
697,Entry long,2026-03-12 10:34,JJ_L,24605.75,3,147634.5,444.78,0.30,3.72,446.64,0.30,-201.36,-0.14,-9111.66,-18.22,12
698,Exit long,2026-03-13 09:43,JJ_LX,24733.75,3,147954,444.78,0.30,3.72,446.64,0.30,-90.36,-0.06,-8666.88,-17.33,6
698,Entry long,2026-03-13 09:37,JJ_L,24659,3,147954,444.78,0.30,3.72,446.64,0.30,-90.36,-0.06,-8666.88,-17.33,6
699,Exit long,2026-03-13 10:02,JJ_LX,24704,3,148527,-306.72,-0.21,3.72,301.14,0.20,-304.86,-0.21,-8973.6,-17.95,19
699,Entry long,2026-03-13 09:43,JJ_L,24754.5,3,148527,-306.72,-0.21,3.72,301.14,0.20,-304.86,-0.21,-8973.6,-17.95,19
700,Exit short,2026-03-13 10:41,JJ_SX,24623,3,148186.5,444.78,0.30,3.72,446.64,0.30,-225.36,-0.15,-8528.82,-17.06,39
700,Entry short,2026-03-13 10:02,JJ_S,24697.75,3,148186.5,444.78,0.30,3.72,446.64,0.30,-225.36,-0.15,-8528.82,-17.06,39
701,Exit long,2026-03-16 09:37,JJ_LX,24681,6,296478,-313.44,-0.11,7.44,122.28,0.04,-309.72,-0.10,-8842.26,-17.68,4
701,Entry long,2026-03-16 09:33,JJ_L,24706.5,6,296478,-313.44,-0.11,7.44,122.28,0.04,-309.72,-0.10,-8842.26,-17.68,4
702,Exit short,2026-03-16 10:10,JJ_SX,24752.25,3,148210.5,-306.72,-0.21,3.72,125.64,0.08,-304.86,-0.21,-9148.98,-18.30,22
702,Entry short,2026-03-16 09:48,JJ_S,24701.75,3,148210.5,-306.72,-0.21,3.72,125.64,0.08,-304.86,-0.21,-9148.98,-18.30,22
703,Exit short,2026-03-16 10:38,JJ_SX,24652.25,3,148362,444.78,0.30,3.72,446.64,0.30,-234.36,-0.16,-8704.2,-17.41,26
703,Entry short,2026-03-16 10:12,JJ_S,24727,3,148362,444.78,0.30,3.72,446.64,0.30,-234.36,-0.16,-8704.2,-17.41,26
704,Exit long,2026-03-17 09:32,JJ_LX,25055.25,6,300216,439.56,0.15,7.44,443.28,0.15,-90.72,-0.03,-8264.64,-16.53,1
704,Entry long,2026-03-17 09:31,JJ_L,25018,6,300216,439.56,0.15,7.44,443.28,0.15,-90.72,-0.03,-8264.64,-16.53,1
705,Exit long,2026-03-17 09:46,JJ_LX,25096,6,300705,439.56,0.15,7.44,443.28,0.15,-174.72,-0.06,-7825.08,-15.65,14
705,Entry long,2026-03-17 09:32,JJ_L,25058.75,6,300705,439.56,0.15,7.44,443.28,0.15,-174.72,-0.06,-7825.08,-15.65,14
706,Exit short,2026-03-17 10:03,JJ_SX,25060.75,6,301176,439.56,0.15,7.44,443.28,0.15,-117.72,-0.04,-7385.52,-14.77,13
706,Entry short,2026-03-17 09:50,JJ_S,25098,6,301176,439.56,0.15,7.44,443.28,0.15,-117.72,-0.04,-7385.52,-14.77,13
707,Exit short,2026-03-17 10:14,JJ_SX,25028.75,6,300792,439.56,0.15,7.44,443.28,0.15,-189.72,-0.06,-6945.96,-13.89,7
707,Entry short,2026-03-17 10:07,JJ_S,25066,6,300792,439.56,0.15,7.44,443.28,0.15,-189.72,-0.06,-6945.96,-13.89,7
708,Exit short,2026-03-17 10:19,JJ_SX,25050.75,6,300303,-313.44,-0.10,7.44,347.28,0.12,-309.72,-0.10,-7259.4,-14.52,5
708,Entry short,2026-03-17 10:14,JJ_S,25025.25,6,300303,-313.44,-0.10,7.44,347.28,0.12,-309.72,-0.10,-7259.4,-14.52,5
709,Exit long,2026-03-18 09:44,JJ_LX,24931.75,6,299487,-313.44,-0.10,7.44,395.28,0.13,-309.72,-0.10,-7572.84,-15.15,9
709,Entry long,2026-03-18 09:35,JJ_L,24957.25,6,299487,-313.44,-0.10,7.44,395.28,0.13,-309.72,-0.10,-7572.84,-15.15,9
710,Exit long,2026-03-18 10:13,JJ_LX,24902.75,3,149719.5,-306.72,-0.20,3.72,272.64,0.18,-304.86,-0.20,-7879.56,-15.76,29
710,Entry long,2026-03-18 09:44,JJ_L,24953.25,3,149719.5,-306.72,-0.20,3.72,272.64,0.18,-304.86,-0.20,-7879.56,-15.76,29
711,Exit long,2026-03-18 11:06,JJ_LX,24911.25,3,149019,444.78,0.30,3.72,446.64,0.30,-105.36,-0.07,-7434.78,-14.87,36
711,Entry long,2026-03-18 10:30,JJ_L,24836.5,3,149019,444.78,0.30,3.72,446.64,0.30,-105.36,-0.07,-7434.78,-14.87,36
712,Exit short,2026-03-19 09:38,JJ_SX,24397.5,3,146082,-306.72,-0.21,3.72,134.64,0.09,-304.86,-0.21,-7741.5,-15.48,6
712,Entry short,2026-03-19 09:32,JJ_S,24347,3,146082,-306.72,-0.21,3.72,134.64,0.09,-304.86,-0.21,-7741.5,-15.48,6
713,Exit long,2026-03-19 09:46,JJ_LX,24396.75,3,146683.5,-306.72,-0.21,3.72,32.64,0.02,-304.86,-0.21,-8048.22,-16.10,5
713,Entry long,2026-03-19 09:41,JJ_L,24447.25,3,146683.5,-306.72,-0.21,3.72,32.64,0.02,-304.86,-0.21,-8048.22,-16.10,5
714,Exit short,2026-03-19 10:11,JJ_SX,24531.25,3,146884.5,-306.72,-0.21,3.72,106.14,0.07,-304.86,-0.21,-8354.94,-16.71,16
714,Entry short,2026-03-19 09:55,JJ_S,24480.75,3,146884.5,-306.72,-0.21,3.72,106.14,0.07,-304.86,-0.21,-8354.94,-16.71,16
715,Exit short,2026-03-19 10:27,JJ_SX,24423.75,3,146991,444.78,0.30,3.72,446.64,0.30,-99.36,-0.07,-7910.16,-15.82,14
715,Entry short,2026-03-19 10:13,JJ_S,24498.5,3,146991,444.78,0.30,3.72,446.64,0.30,-99.36,-0.07,-7910.16,-15.82,14
716,Exit short,2026-03-19 11:05,JJ_SX,24545,3,146967,-306.72,-0.21,3.72,274.14,0.19,-304.86,-0.21,-8216.88,-16.43,28
716,Entry short,2026-03-19 10:37,JJ_S,24494.5,3,146967,-306.72,-0.21,3.72,274.14,0.19,-304.86,-0.21,-8216.88,-16.43,28
717,Exit short,2026-03-20 09:33,JJ_SX,24387.5,6,293097,439.56,0.15,7.44,443.28,0.15,-303.72,-0.10,-7777.32,-15.55,3
717,Entry short,2026-03-20 09:30,JJ_S,24424.75,6,293097,439.56,0.15,7.44,443.28,0.15,-303.72,-0.10,-7777.32,-15.55,3
718,Exit short,2026-03-20 09:43,JJ_SX,24445.5,3,146370,-306.72,-0.21,3.72,92.64,0.06,-304.86,-0.21,-8084.04,-16.17,6
718,Entry short,2026-03-20 09:37,JJ_S,24395,3,146370,-306.72,-0.21,3.72,92.64,0.06,-304.86,-0.21,-8084.04,-16.17,6
719,Exit long,2026-03-20 09:50,JJ_LX,24382.75,3,146599.5,-306.72,-0.21,3.72,50.64,0.03,-304.86,-0.21,-8390.76,-16.78,3
719,Entry long,2026-03-20 09:47,JJ_L,24433.25,3,146599.5,-306.72,-0.21,3.72,50.64,0.03,-304.86,-0.21,-8390.76,-16.78,3
720,Exit long,2026-03-20 10:54,JJ_LX,24236.25,3,145720.5,-306.72,-0.21,3.72,250.14,0.17,-304.86,-0.21,-8697.48,-17.39,52
720,Entry long,2026-03-20 10:02,JJ_L,24286.75,3,145720.5,-306.72,-0.21,3.72,250.14,0.17,-304.86,-0.21,-8697.48,-17.39,52
721,Exit long,2026-03-20 11:08,JJ_LX,24237.25,3,145726.5,-306.72,-0.21,3.72,184.14,0.13,-304.86,-0.21,-9004.2,-18.01,13
721,Entry long,2026-03-20 10:55,JJ_L,24287.75,3,145726.5,-306.72,-0.21,3.72,184.14,0.13,-304.86,-0.21,-9004.2,-18.01,13
722,Exit long,2026-03-23 09:35,JJ_LX,24445,3,146973,-306.72,-0.21,3.72,0,0.00,-304.86,-0.21,-9310.92,-18.62,2
722,Entry long,2026-03-23 09:33,JJ_L,24495.5,3,146973,-306.72,-0.21,3.72,0,0.00,-304.86,-0.21,-9310.92,-18.62,2
723,Exit long,2026-03-23 09:41,JJ_LX,24489.25,3,147238.5,-306.72,-0.21,3.72,29.64,0.02,-304.86,-0.21,-9617.64,-19.24,2
723,Entry long,2026-03-23 09:39,JJ_L,24539.75,3,147238.5,-306.72,-0.21,3.72,29.64,0.02,-304.86,-0.21,-9617.64,-19.24,2
724,Exit short,2026-03-23 10:15,JJ_SX,24630.25,3,147478.5,-306.72,-0.21,3.72,314.64,0.21,-304.86,-0.21,-9924.36,-19.85,21
724,Entry short,2026-03-23 09:54,JJ_S,24579.75,3,147478.5,-306.72,-0.21,3.72,314.64,0.21,-304.86,-0.21,-9924.36,-19.85,21
725,Exit short,2026-03-23 11:02,JJ_SX,24663.25,3,147676.5,-306.72,-0.21,3.72,202.14,0.14,-304.86,-0.21,-10231.08,-20.46,32
725,Entry short,2026-03-23 10:30,JJ_S,24612.75,3,147676.5,-306.72,-0.21,3.72,202.14,0.14,-304.86,-0.21,-10231.08,-20.46,32
726,Exit long,2026-03-24 09:35,JJ_LX,24262.25,3,145876.5,-306.72,-0.21,3.72,5.64,0.00,-304.86,-0.21,-10537.8,-21.08,4
726,Entry long,2026-03-24 09:31,JJ_L,24312.75,3,145876.5,-306.72,-0.21,3.72,5.64,0.00,-304.86,-0.21,-10537.8,-21.08,4
727,Exit short,2026-03-24 10:07,JJ_SX,24259,3,145251,-306.72,-0.21,3.72,440.64,0.30,-304.86,-0.21,-10844.52,-21.69,28
727,Entry short,2026-03-24 09:39,JJ_S,24208.5,3,145251,-306.72,-0.21,3.72,440.64,0.30,-304.86,-0.21,-10844.52,-21.69,28
728,Exit long,2026-03-24 10:51,JJ_LX,24296.5,3,145330.5,444.78,0.31,3.72,446.64,0.31,-246.36,-0.17,-10399.74,-20.80,37
728,Entry long,2026-03-24 10:14,JJ_L,24221.75,3,145330.5,444.78,0.31,3.72,446.64,0.31,-246.36,-0.17,-10399.74,-20.80,37
729,Exit short,2026-03-24 10:56,JJ_SX,24331,3,145683,-306.72,-0.21,3.72,85.14,0.06,-304.86,-0.21,-10706.46,-21.41,2
729,Entry short,2026-03-24 10:54,JJ_S,24280.5,3,145683,-306.72,-0.21,3.72,85.14,0.06,-304.86,-0.21,-10706.46,-21.41,2
730,Exit long,2026-03-25 09:36,JJ_LX,24503.5,6,293595,439.56,0.15,7.44,443.28,0.15,-123.72,-0.04,-10266.9,-20.53,2
730,Entry long,2026-03-25 09:34,JJ_L,24466.25,6,293595,439.56,0.15,7.44,443.28,0.15,-123.72,-0.04,-10266.9,-20.53,2
731,Exit long,2026-03-25 09:44,JJ_LX,24464.5,3,147090,-306.72,-0.21,3.72,64.14,0.04,-304.86,-0.21,-10573.62,-21.15,8
731,Entry long,2026-03-25 09:36,JJ_L,24515,3,147090,-306.72,-0.21,3.72,64.14,0.04,-304.86,-0.21,-10573.62,-21.15,8
732,Exit short,2026-03-25 09:52,JJ_SX,24368.75,3,146661,444.78,0.30,3.72,446.64,0.30,-72.36,-0.05,-10128.84,-20.26,6
732,Entry short,2026-03-25 09:46,JJ_S,24443.5,3,146661,444.78,0.30,3.72,446.64,0.30,-72.36,-0.05,-10128.84,-20.26,6
733,Exit long,2026-03-25 10:00,JJ_LX,24334.25,3,146308.5,-306.72,-0.21,3.72,154.14,0.11,-304.86,-0.21,-10435.56,-20.87,5
733,Entry long,2026-03-25 09:55,JJ_L,24384.75,3,146308.5,-306.72,-0.21,3.72,154.14,0.11,-304.86,-0.21,-10435.56,-20.87,5
734,Exit short,2026-03-25 11:09,JJ_SX,24416.25,3,146946,444.78,0.30,3.72,446.64,0.30,-171.36,-0.12,-9990.78,-19.98,25
734,Entry short,2026-03-25 10:44,JJ_S,24491,3,146946,444.78,0.30,3.72,446.64,0.30,-171.36,-0.12,-9990.78,-19.98,25
735,Exit short,2026-03-26 09:37,JJ_SX,24121.75,6,289155,-313.44,-0.11,7.44,35.28,0.01,-309.72,-0.11,-10304.22,-20.61,2
735,Entry short,2026-03-26 09:35,JJ_S,24096.25,6,289155,-313.44,-0.11,7.44,35.28,0.01,-309.72,-0.11,-10304.22,-20.61,2
736,Exit short,2026-03-26 09:43,JJ_SX,24119,3,144411,-306.72,-0.21,3.72,13.14,0.01,-304.86,-0.21,-10610.94,-21.22,4
736,Entry short,2026-03-26 09:39,JJ_S,24068.5,3,144411,-306.72,-0.21,3.72,13.14,0.01,-304.86,-0.21,-10610.94,-21.22,4
737,Exit long,2026-03-26 09:54,JJ_LX,24231.5,3,144940.5,444.78,0.31,3.72,446.64,0.31,-82.86,-0.06,-10166.16,-20.33,10
737,Entry long,2026-03-26 09:44,JJ_L,24156.75,3,144940.5,444.78,0.31,3.72,446.64,0.31,-82.86,-0.06,-10166.16,-20.33,10
738,Exit short,2026-03-26 10:15,JJ_SX,24230,3,145077,-306.72,-0.21,3.72,65.64,0.05,-304.86,-0.21,-10472.88,-20.95,7
738,Entry short,2026-03-26 10:08,JJ_S,24179.5,3,145077,-306.72,-0.21,3.72,65.64,0.05,-304.86,-0.21,-10472.88,-20.95,7
739,Exit short,2026-03-26 10:43,JJ_SX,24131.5,3,145237.5,444.78,0.31,3.72,446.64,0.31,-141.36,-0.10,-10028.1,-20.06,25
739,Entry short,2026-03-26 10:18,JJ_S,24206.25,3,145237.5,444.78,0.31,3.72,446.64,0.31,-141.36,-0.10,-10028.1,-20.06,25
740,Exit short,2026-03-27 09:34,JJ_SX,23576,6,283359,439.56,0.16,7.44,443.28,0.16,-54.72,-0.02,-9588.54,-19.18,3
740,Entry short,2026-03-27 09:31,JJ_S,23613.25,6,283359,439.56,0.16,7.44,443.28,0.16,-54.72,-0.02,-9588.54,-19.18,3
741,Exit long,2026-03-27 10:38,JJ_LX,23464,3,141087,-306.72,-0.22,3.72,263.64,0.19,-304.86,-0.22,-9895.26,-19.79,36
741,Entry long,2026-03-27 10:02,JJ_L,23514.5,3,141087,-306.72,-0.22,3.72,263.64,0.19,-304.86,-0.22,-9895.26,-19.79,36
742,Exit long,2026-03-27 11:06,JJ_LX,23543.25,3,140811,444.78,0.32,3.72,446.64,0.32,-180.36,-0.13,-9450.48,-18.90,22
742,Entry long,2026-03-27 10:44,JJ_L,23468.5,3,140811,444.78,0.32,3.72,446.64,0.32,-180.36,-0.13,-9450.48,-18.90,22
743,Exit long,2026-03-30 09:32,JJ_LX,23509.5,6,282420,-313.44,-0.11,7.44,32.28,0.01,-309.72,-0.11,-9763.92,-19.53,1
743,Entry long,2026-03-30 09:31,JJ_L,23535,6,282420,-313.44,-0.11,7.44,32.28,0.01,-309.72,-0.11,-9763.92,-19.53,1
744,Exit short,2026-03-30 09:34,JJ_SX,23467,6,282051,439.56,0.16,7.44,443.28,0.16,-138.72,-0.05,-9324.36,-18.65,2
744,Entry short,2026-03-30 09:32,JJ_S,23504.25,6,282051,439.56,0.16,7.44,443.28,0.16,-138.72,-0.05,-9324.36,-18.65,2
745,Exit short,2026-03-30 09:36,JJ_SX,23426.5,6,281565,439.56,0.16,7.44,443.28,0.16,-51.72,-0.02,-8884.8,-17.77,2
745,Entry short,2026-03-30 09:34,JJ_S,23463.75,6,281565,439.56,0.16,7.44,443.28,0.16,-51.72,-0.02,-8884.8,-17.77,2
746,Exit short,2026-03-30 09:40,JJ_SX,23389.5,6,281121,439.56,0.16,7.44,443.28,0.16,-198.72,-0.07,-8445.24,-16.89,4
746,Entry short,2026-03-30 09:36,JJ_S,23426.75,6,281121,439.56,0.16,7.44,443.28,0.16,-198.72,-0.07,-8445.24,-16.89,4
747,Exit short,2026-03-30 09:56,JJ_SX,23312.75,3,140325,444.78,0.32,3.72,446.64,0.32,-111.36,-0.08,-8000.46,-16.00,16
747,Entry short,2026-03-30 09:40,JJ_S,23387.5,3,140325,444.78,0.32,3.72,446.64,0.32,-111.36,-0.08,-8000.46,-16.00,16
748,Exit long,2026-03-31 09:49,JJ_LX,23499,3,140545.5,444.78,0.32,3.72,446.64,0.32,-130.86,-0.09,-7555.68,-15.11,16
748,Entry long,2026-03-31 09:33,JJ_L,23424.25,3,140545.5,444.78,0.32,3.72,446.64,0.32,-130.86,-0.09,-7555.68,-15.11,16
749,Exit short,2026-03-31 10:33,JJ_SX,23580,3,141177,-306.72,-0.22,3.72,203.64,0.14,-304.86,-0.22,-7862.4,-15.72,28
749,Entry short,2026-03-31 10:05,JJ_S,23529.5,3,141177,-306.72,-0.22,3.72,203.64,0.14,-304.86,-0.22,-7862.4,-15.72,28
750,Exit short,2026-03-31 10:43,JJ_SX,23484.5,3,141355.5,444.78,0.31,3.72,446.64,0.32,-55.86,-0.04,-7417.62,-14.84,9
750,Entry short,2026-03-31 10:34,JJ_S,23559.25,3,141355.5,444.78,0.31,3.72,446.64,0.32,-55.86,-0.04,-7417.62,-14.84,9
751,Exit short,2026-03-31 10:53,JJ_SX,23412,3,140920.5,444.78,0.32,3.72,446.64,0.32,-109.86,-0.08,-6972.84,-13.95,10
751,Entry short,2026-03-31 10:43,JJ_S,23486.75,3,140920.5,444.78,0.32,3.72,446.64,0.32,-109.86,-0.08,-6972.84,-13.95,10
752,Exit long,2026-04-01 09:43,JJ_LX,24074.5,3,144750,-306.72,-0.21,3.72,415.14,0.29,-304.86,-0.21,-7279.56,-14.56,11
752,Entry long,2026-04-01 09:32,JJ_L,24125,3,144750,-306.72,-0.21,3.72,415.14,0.29,-304.86,-0.21,-7279.56,-14.56,11
753,Exit short,2026-04-01 09:45,JJ_SX,24120,3,144417,-306.72,-0.21,3.72,2.64,0.00,-304.86,-0.21,-7586.28,-15.17,2
753,Entry short,2026-04-01 09:43,JJ_S,24069.5,3,144417,-306.72,-0.21,3.72,2.64,0.00,-304.86,-0.21,-7586.28,-15.17,2
754,Exit short,2026-04-01 10:15,JJ_SX,24185.5,3,144810,-306.72,-0.21,3.72,22.14,0.02,-304.86,-0.21,-7893,-15.79,4
754,Entry short,2026-04-01 10:11,JJ_S,24135,3,144810,-306.72,-0.21,3.72,22.14,0.02,-304.86,-0.21,-7893,-15.79,4
755,Exit short,2026-04-01 10:22,JJ_SX,24210,3,144957,-306.72,-0.21,3.72,4.14,0.00,-304.86,-0.21,-8199.72,-16.40,2
755,Entry short,2026-04-01 10:20,JJ_S,24159.5,3,144957,-306.72,-0.21,3.72,4.14,0.00,-304.86,-0.21,-8199.72,-16.40,2
756,Exit short,2026-04-01 10:39,JJ_SX,24226.25,3,145054.5,-306.72,-0.21,3.72,263.64,0.18,-304.86,-0.21,-8506.44,-17.01,13
756,Entry short,2026-04-01 10:26,JJ_S,24175.75,3,145054.5,-306.72,-0.21,3.72,263.64,0.18,-304.86,-0.21,-8506.44,-17.01,13
757,Exit short,2026-04-02 09:47,JJ_SX,23784.5,3,142404,-306.72,-0.22,3.72,334.14,0.23,-304.86,-0.21,-8813.16,-17.63,12
757,Entry short,2026-04-02 09:35,JJ_S,23734,3,142404,-306.72,-0.22,3.72,334.14,0.23,-304.86,-0.21,-8813.16,-17.63,12
758,Exit short,2026-04-02 10:06,JJ_SX,23924.5,3,143244,-306.72,-0.21,3.72,91.14,0.06,-304.86,-0.21,-9119.88,-18.24,4
758,Entry short,2026-04-02 10:02,JJ_S,23874,3,143244,-306.72,-0.21,3.72,91.14,0.06,-304.86,-0.21,-9119.88,-18.24,4
759,Exit short,2026-04-02 10:21,JJ_SX,24002.25,3,143710.5,-306.72,-0.21,3.72,29.64,0.02,-304.86,-0.21,-9426.6,-18.85,5
759,Entry short,2026-04-02 10:16,JJ_S,23951.75,3,143710.5,-306.72,-0.21,3.72,29.64,0.02,-304.86,-0.21,-9426.6,-18.85,5
760,Exit short,2026-04-02 10:33,JJ_SX,23994.75,3,143665.5,-306.72,-0.21,3.72,73.14,0.05,-304.86,-0.21,-9733.32,-19.47,7
760,Entry short,2026-04-02 10:26,JJ_S,23944.25,3,143665.5,-306.72,-0.21,3.72,73.14,0.05,-304.86,-0.21,-9733.32,-19.47,7
761,Exit short,2026-04-02 10:39,JJ_SX,24206.25,3,144934.5,-306.72,-0.21,3.72,109.14,0.08,-304.86,-0.21,-10040.04,-20.08,1
761,Entry short,2026-04-02 10:38,JJ_S,24155.75,3,144934.5,-306.72,-0.21,3.72,109.14,0.08,-304.86,-0.21,-10040.04,-20.08,1
762,Exit long,2026-04-06 09:33,JJ_LX,24367.5,6,291963,439.56,0.15,7.44,443.28,0.15,-276.72,-0.09,-9600.48,-19.20,3
762,Entry long,2026-04-06 09:30,JJ_L,24330.25,6,291963,439.56,0.15,7.44,443.28,0.15,-276.72,-0.09,-9600.48,-19.20,3
763,Exit long,2026-04-06 09:36,JJ_LX,24316.5,3,146202,-306.72,-0.21,3.72,38.64,0.03,-304.86,-0.21,-9907.2,-19.81,3
763,Entry long,2026-04-06 09:33,JJ_L,24367,3,146202,-306.72,-0.21,3.72,38.64,0.03,-304.86,-0.21,-9907.2,-19.81,3
764,Exit short,2026-04-06 09:41,JJ_SX,24305,3,145527,-306.72,-0.21,3.72,53.64,0.04,-304.86,-0.21,-10213.92,-20.43,5
764,Entry short,2026-04-06 09:36,JJ_S,24254.5,3,145527,-306.72,-0.21,3.72,53.64,0.04,-304.86,-0.21,-10213.92,-20.43,5
765,Exit short,2026-04-06 10:00,JJ_SX,24431,3,146283,-306.72,-0.21,3.72,116.64,0.08,-304.86,-0.21,-10520.64,-21.04,6
765,Entry short,2026-04-06 09:54,JJ_S,24380.5,3,146283,-306.72,-0.21,3.72,116.64,0.08,-304.86,-0.21,-10520.64,-21.04,6
766,Exit short,2026-04-06 10:04,JJ_SX,24291.75,3,146199,444.78,0.30,3.72,446.64,0.31,-72.36,-0.05,-10075.86,-20.15,3
766,Entry short,2026-04-06 10:01,JJ_S,24366.5,3,146199,444.78,0.30,3.72,446.64,0.31,-72.36,-0.05,-10075.86,-20.15,3
767,Exit short,2026-04-07 09:47,JJ_SX,24156.5,3,145387.5,444.78,0.31,3.72,446.64,0.31,-48.36,-0.03,-9631.08,-19.26,9
767,Entry short,2026-04-07 09:38,JJ_S,24231.25,3,145387.5,444.78,0.31,3.72,446.64,0.31,-48.36,-0.03,-9631.08,-19.26,9
768,Exit long,2026-04-07 09:59,JJ_LX,24127.5,3,145068,-306.72,-0.21,3.72,190.14,0.13,-304.86,-0.21,-9937.8,-19.88,7
768,Entry long,2026-04-07 09:52,JJ_L,24178,3,145068,-306.72,-0.21,3.72,190.14,0.13,-304.86,-0.21,-9937.8,-19.88,7
769,Exit long,2026-04-07 10:21,JJ_LX,24094.5,3,144118.5,444.78,0.31,3.72,446.64,0.31,-40.86,-0.03,-9493.02,-18.99,12
769,Entry long,2026-04-07 10:09,JJ_L,24019.75,3,144118.5,444.78,0.31,3.72,446.64,0.31,-40.86,-0.03,-9493.02,-18.99,12
770,Exit long,2026-04-07 10:51,JJ_LX,24049.75,3,144601.5,-306.72,-0.21,3.72,272.64,0.19,-304.86,-0.21,-9799.74,-19.60,30
770,Entry long,2026-04-07 10:21,JJ_L,24100.25,3,144601.5,-306.72,-0.21,3.72,272.64,0.19,-304.86,-0.21,-9799.74,-19.60,30
771,Exit short,2026-04-08 09:34,JJ_SX,25165.75,6,301683,-313.44,-0.10,7.44,86.28,0.03,-309.72,-0.10,-10113.18,-20.23,3
771,Entry short,2026-04-08 09:31,JJ_S,25140.25,6,301683,-313.44,-0.10,7.44,86.28,0.03,-309.72,-0.10,-10113.18,-20.23,3
772,Exit short,2026-04-08 09:46,JJ_SX,25149.25,3,150592.5,-306.72,-0.20,3.72,7.14,0.00,-304.86,-0.20,-10419.9,-20.84,2
772,Entry short,2026-04-08 09:44,JJ_S,25098.75,3,150592.5,-306.72,-0.20,3.72,7.14,0.00,-304.86,-0.20,-10419.9,-20.84,2
773,Exit long,2026-04-08 09:51,JJ_LX,25097,3,150885,-306.72,-0.20,3.72,80.64,0.05,-304.86,-0.20,-10726.62,-21.45,5
773,Entry long,2026-04-08 09:46,JJ_L,25147.5,3,150885,-306.72,-0.20,3.72,80.64,0.05,-304.86,-0.20,-10726.62,-21.45,5
774,Exit long,2026-04-08 10:08,JJ_LX,25044.5,3,150570,-306.72,-0.20,3.72,5.64,0.00,-304.86,-0.20,-11033.34,-22.07,3
774,Entry long,2026-04-08 10:05,JJ_L,25095,3,150570,-306.72,-0.20,3.72,5.64,0.00,-304.86,-0.20,-11033.34,-22.07,3
775,Exit long,2026-04-08 10:31,JJ_LX,25034.25,3,150508.5,-306.72,-0.20,3.72,49.14,0.03,-304.86,-0.20,-11340.06,-22.68,15
775,Entry long,2026-04-08 10:16,JJ_L,25084.75,3,150508.5,-306.72,-0.20,3.72,49.14,0.03,-304.86,-0.20,-11340.06,-22.68,15
776,Exit long,2026-04-09 09:32,JJ_LX,25061.5,6,301044,-313.44,-0.10,7.44,44.28,0.01,-309.72,-0.10,-11653.5,-23.31,1
776,Entry long,2026-04-09 09:31,JJ_L,25087,6,301044,-313.44,-0.10,7.44,44.28,0.01,-309.72,-0.10,-11653.5,-23.31,1
777,Exit short,2026-04-09 09:39,JJ_SX,25073.75,6,300579,-313.44,-0.10,7.44,347.28,0.12,-309.72,-0.10,-11966.94,-23.93,7
777,Entry short,2026-04-09 09:32,JJ_S,25048.25,6,300579,-313.44,-0.10,7.44,347.28,0.12,-309.72,-0.10,-11966.94,-23.93,7
778,Exit long,2026-04-09 09:50,JJ_LX,25060.5,6,301032,-313.44,-0.10,7.44,317.28,0.11,-309.72,-0.10,-12280.38,-24.56,8
778,Entry long,2026-04-09 09:42,JJ_L,25086,6,301032,-313.44,-0.10,7.44,317.28,0.11,-309.72,-0.10,-12280.38,-24.56,8
779,Exit long,2026-04-09 10:15,JJ_LX,24997.75,6,300279,-313.44,-0.10,7.44,401.28,0.13,-309.72,-0.10,-12593.82,-25.19,14
779,Entry long,2026-04-09 10:01,JJ_L,25023.25,6,300279,-313.44,-0.10,7.44,401.28,0.13,-309.72,-0.10,-12593.82,-25.19,14
780,Exit long,2026-04-09 10:33,JJ_LX,24963.25,6,299865,-313.44,-0.10,7.44,233.28,0.08,-309.72,-0.10,-12907.26,-25.81,14
780,Entry long,2026-04-09 10:19,JJ_L,24988.75,6,299865,-313.44,-0.10,7.44,233.28,0.08,-309.72,-0.10,-12907.26,-25.81,14
781,Exit long,2026-04-10 09:35,JJ_LX,25328,6,304242,-313.44,-0.10,7.44,218.28,0.07,-309.72,-0.10,-13220.7,-26.44,4
781,Entry long,2026-04-10 09:31,JJ_L,25353.5,6,304242,-313.44,-0.10,7.44,218.28,0.07,-309.72,-0.10,-13220.7,-26.44,4
782,Exit short,2026-04-10 09:37,JJ_SX,25339.25,6,303765,-313.44,-0.10,7.44,8.28,0.00,-309.72,-0.10,-13534.14,-27.07,2
782,Entry short,2026-04-10 09:35,JJ_S,25313.75,6,303765,-313.44,-0.10,7.44,8.28,0.00,-309.72,-0.10,-13534.14,-27.07,2
783,Exit long,2026-04-10 09:39,JJ_LX,25323.75,6,304191,-313.44,-0.10,7.44,92.28,0.03,-309.72,-0.10,-13847.58,-27.70,2
783,Entry long,2026-04-10 09:37,JJ_L,25349.25,6,304191,-313.44,-0.10,7.44,92.28,0.03,-309.72,-0.10,-13847.58,-27.70,2
784,Exit long,2026-04-10 09:44,JJ_LX,25303.5,6,303948,-313.44,-0.10,7.44,92.28,0.03,-309.72,-0.10,-14161.02,-28.32,3
784,Entry long,2026-04-10 09:41,JJ_L,25329,6,303948,-313.44,-0.10,7.44,92.28,0.03,-309.72,-0.10,-14161.02,-28.32,3
785,Exit long,2026-04-10 10:00,JJ_LX,25299,6,303894,-313.44,-0.10,7.44,365.28,0.12,-309.72,-0.10,-14474.46,-28.95,16
785,Entry long,2026-04-10 09:44,JJ_L,25324.5,6,303894,-313.44,-0.10,7.44,365.28,0.12,-309.72,-0.10,-14474.46,-28.95,16
786,Exit short,2026-04-13 09:34,JJ_SX,25228.25,6,302433,-313.44,-0.10,7.44,74.28,0.02,-309.72,-0.10,-14787.9,-29.58,2
786,Entry short,2026-04-13 09:32,JJ_S,25202.75,6,302433,-313.44,-0.10,7.44,74.28,0.02,-309.72,-0.10,-14787.9,-29.58,2
787,Exit short,2026-04-13 09:42,JJ_SX,25207,6,302178,-313.44,-0.10,7.44,80.28,0.03,-309.72,-0.10,-15101.34,-30.20,6
787,Entry short,2026-04-13 09:36,JJ_S,25181.5,6,302178,-313.44,-0.10,7.44,80.28,0.03,-309.72,-0.10,-15101.34,-30.20,6
788,Exit short,2026-04-13 09:48,JJ_SX,25207,6,302178,-313.44,-0.10,7.44,254.28,0.08,-309.72,-0.10,-15414.78,-30.83,4
788,Entry short,2026-04-13 09:44,JJ_S,25181.5,6,302178,-313.44,-0.10,7.44,254.28,0.08,-309.72,-0.10,-15414.78,-30.83,4
789,Exit short,2026-04-13 09:59,JJ_SX,25302.25,3,151510.5,-306.72,-0.20,3.72,134.64,0.09,-304.86,-0.20,-15721.5,-31.44,8
789,Entry short,2026-04-13 09:51,JJ_S,25251.75,3,151510.5,-306.72,-0.20,3.72,134.64,0.09,-304.86,-0.20,-15721.5,-31.44,8
790,Exit short,2026-04-13 10:58,JJ_SX,25354.25,3,151822.5,-306.72,-0.20,3.72,350.64,0.23,-304.86,-0.20,-16028.22,-32.06,57
790,Entry short,2026-04-13 10:01,JJ_S,25303.75,3,151822.5,-306.72,-0.20,3.72,350.64,0.23,-304.86,-0.20,-16028.22,-32.06,57
791,Exit long,2026-04-14 09:37,JJ_LX,25746,6,308505,439.56,0.14,7.44,443.28,0.14,-87.72,-0.03,-15588.66,-31.18,6
791,Entry long,2026-04-14 09:31,JJ_L,25708.75,6,308505,439.56,0.14,7.44,443.28,0.14,-87.72,-0.03,-15588.66,-31.18,6
792,Exit long,2026-04-14 10:11,JJ_LX,25765.25,6,308736,439.56,0.14,7.44,443.28,0.14,-213.72,-0.07,-15149.1,-30.30,30
792,Entry long,2026-04-14 09:41,JJ_L,25728,6,308736,439.56,0.14,7.44,443.28,0.14,-213.72,-0.07,-15149.1,-30.30,30
793,Exit short,2026-04-14 10:22,JJ_SX,25792.25,6,309201,-313.44,-0.10,7.44,20.28,0.01,-309.72,-0.10,-15462.54,-30.93,3
793,Entry short,2026-04-14 10:19,JJ_S,25766.75,6,309201,-313.44,-0.10,7.44,20.28,0.01,-309.72,-0.10,-15462.54,-30.93,3
794,Exit short,2026-04-14 11:21,JJ_SX,25824.75,6,309591,-313.44,-0.10,7.44,437.28,0.14,-309.72,-0.10,-15775.98,-31.55,49
794,Entry short,2026-04-14 10:32,JJ_S,25799.25,6,309591,-313.44,-0.10,7.44,437.28,0.14,-309.72,-0.10,-15775.98,-31.55,49
795,Exit short,2026-04-15 09:32,JJ_SX,26022,6,311958,-313.44,-0.10,7.44,8.28,0.00,-309.72,-0.10,-16089.42,-32.18,1
795,Entry short,2026-04-15 09:31,JJ_S,25996.5,6,311958,-313.44,-0.10,7.44,8.28,0.00,-309.72,-0.10,-16089.42,-32.18,1
796,Exit long,2026-04-15 09:44,JJ_LX,25998.25,6,312285,-313.44,-0.10,7.44,425.28,0.14,-309.72,-0.10,-16402.86,-32.81,12
796,Entry long,2026-04-15 09:32,JJ_L,26023.75,6,312285,-313.44,-0.10,7.44,425.28,0.14,-309.72,-0.10,-16402.86,-32.81,12
797,Exit short,2026-04-15 09:45,JJ_SX,26014.75,6,311871,-313.44,-0.10,7.44,0,0.00,-309.72,-0.10,-16716.3,-33.43,1
797,Entry short,2026-04-15 09:44,JJ_S,25989.25,6,311871,-313.44,-0.10,7.44,0,0.00,-309.72,-0.10,-16716.3,-33.43,1
798,Exit short,2026-04-15 10:24,JJ_SX,26117.5,6,313104,-313.44,-0.10,7.44,242.28,0.08,-309.72,-0.10,-17029.74,-34.06,7
798,Entry short,2026-04-15 10:17,JJ_S,26092,6,313104,-313.44,-0.10,7.44,242.28,0.08,-309.72,-0.10,-17029.74,-34.06,7
799,Exit short,2026-04-15 10:32,JJ_SX,26147,6,313458,-313.44,-0.10,7.44,65.28,0.02,-309.72,-0.10,-17343.18,-34.69,5
799,Entry short,2026-04-15 10:27,JJ_S,26121.5,6,313458,-313.44,-0.10,7.44,65.28,0.02,-309.72,-0.10,-17343.18,-34.69,5
800,Exit short,2026-04-16 09:41,JJ_SX,26357.75,6,316740,439.56,0.14,7.44,443.28,0.14,-171.72,-0.05,-16903.62,-33.81,11
800,Entry short,2026-04-16 09:30,JJ_S,26395,6,316740,439.56,0.14,7.44,443.28,0.14,-171.72,-0.05,-16903.62,-33.81,11
801,Exit short,2026-04-16 09:55,JJ_SX,26278.75,3,158121,444.78,0.28,3.72,446.64,0.28,-253.86,-0.16,-16458.84,-32.92,14
801,Entry short,2026-04-16 09:41,JJ_S,26353.5,3,158121,444.78,0.28,3.72,446.64,0.28,-253.86,-0.16,-16458.84,-32.92,14
802,Exit long,2026-04-16 10:12,JJ_LX,26380.75,3,157836,444.78,0.28,3.72,446.64,0.28,-105.36,-0.07,-16014.06,-32.03,17
802,Entry long,2026-04-16 09:55,JJ_L,26306,3,157836,444.78,0.28,3.72,446.64,0.28,-105.36,-0.07,-16014.06,-32.03,17
803,Exit long,2026-04-16 11:03,JJ_LX,26436.75,3,158172,444.78,0.28,3.72,446.64,0.28,-91.86,-0.06,-15569.28,-31.14,35
803,Entry long,2026-04-16 10:28,JJ_L,26362,3,158172,444.78,0.28,3.72,446.64,0.28,-91.86,-0.06,-15569.28,-31.14,35
804,Exit short,2026-04-17 09:35,JJ_SX,26689.75,3,159835.5,-306.72,-0.19,3.72,7.14,0.00,-304.86,-0.19,-15876,-31.75,2
804,Entry short,2026-04-17 09:33,JJ_S,26639.25,3,159835.5,-306.72,-0.19,3.72,7.14,0.00,-304.86,-0.19,-15876,-31.75,2
805,Exit long,2026-04-17 09:46,JJ_LX,26663.5,3,160284,-306.72,-0.19,3.72,29.64,0.02,-304.86,-0.19,-16182.72,-32.37,9
805,Entry long,2026-04-17 09:37,JJ_L,26714,3,160284,-306.72,-0.19,3.72,29.64,0.02,-304.86,-0.19,-16182.72,-32.37,9
806,Exit short,2026-04-17 10:20,JJ_SX,26708.5,6,320949,439.56,0.14,7.44,443.28,0.14,-48.72,-0.02,-15743.16,-31.49,1
806,Entry short,2026-04-17 10:19,JJ_S,26745.75,6,320949,439.56,0.14,7.44,443.28,0.14,-48.72,-0.02,-15743.16,-31.49,1
807,Exit short,2026-04-17 10:33,JJ_SX,26788.5,3,160428,-306.72,-0.19,3.72,97.14,0.06,-304.86,-0.19,-16049.88,-32.10,11
807,Entry short,2026-04-17 10:22,JJ_S,26738,3,160428,-306.72,-0.19,3.72,97.14,0.06,-304.86,-0.19,-16049.88,-32.10,11
808,Exit short,2026-04-17 11:31,JJ_SX,26856.5,6,321972,-313.44,-0.10,7.44,344.28,0.11,-309.72,-0.10,-16363.32,-32.73,41
808,Entry short,2026-04-17 10:50,JJ_S,26831,6,321972,-313.44,-0.10,7.44,344.28,0.11,-309.72,-0.10,-16363.32,-32.73,41
809,Exit short,2026-04-20 09:33,JJ_SX,26786.25,6,321129,-313.44,-0.10,7.44,161.28,0.05,-309.72,-0.10,-16676.76,-33.35,2
809,Entry short,2026-04-20 09:31,JJ_S,26760.75,6,321129,-313.44,-0.10,7.44,161.28,0.05,-309.72,-0.10,-16676.76,-33.35,2
810,Exit long,2026-04-20 09:36,JJ_LX,26785.75,6,321735,-313.44,-0.10,7.44,62.28,0.02,-309.72,-0.10,-16990.2,-33.98,2
810,Entry long,2026-04-20 09:34,JJ_L,26811.25,6,321735,-313.44,-0.10,7.44,62.28,0.02,-309.72,-0.10,-16990.2,-33.98,2
811,Exit short,2026-04-20 10:51,JJ_SX,26682.5,3,160543.5,444.78,0.28,3.72,446.64,0.28,-283.86,-0.18,-16545.42,-33.09,73
811,Entry short,2026-04-20 09:38,JJ_S,26757.25,3,160543.5,444.78,0.28,3.72,446.64,0.28,-283.86,-0.18,-16545.42,-33.09,73
812,Exit short,2026-04-21 09:35,JJ_SX,26735.75,6,321276,439.56,0.14,7.44,443.28,0.14,-57.72,-0.02,-16105.86,-32.21,5
812,Entry short,2026-04-21 09:30,JJ_S,26773,6,321276,439.56,0.14,7.44,443.28,0.14,-57.72,-0.02,-16105.86,-32.21,5
813,Exit long,2026-04-21 10:07,JJ_LX,26862.5,3,160726.5,444.78,0.28,3.72,446.64,0.28,-198.36,-0.12,-15661.08,-31.32,19
813,Entry long,2026-04-21 09:48,JJ_L,26787.75,3,160726.5,444.78,0.28,3.72,446.64,0.28,-198.36,-0.12,-15661.08,-31.32,19
814,Exit short,2026-04-21 10:23,JJ_SX,26819.75,6,322284,439.56,0.14,7.44,443.28,0.14,-42.72,-0.01,-15221.52,-30.44,5
814,Entry short,2026-04-21 10:18,JJ_S,26857,6,322284,439.56,0.14,7.44,443.28,0.14,-42.72,-0.01,-15221.52,-30.44,5
815,Exit short,2026-04-22 09:45,JJ_SX,26863,6,322050,-313.44,-0.10,7.44,290.28,0.09,-309.72,-0.10,-15534.96,-31.07,13
815,Entry short,2026-04-22 09:32,JJ_S,26837.5,6,322050,-313.44,-0.10,7.44,290.28,0.09,-309.72,-0.10,-15534.96,-31.07,13
816,Exit long,2026-04-22 10:00,JJ_LX,26868.25,6,321972,439.56,0.14,7.44,443.28,0.14,-39.72,-0.01,-15095.4,-30.19,9
816,Entry long,2026-04-22 09:51,JJ_L,26831,6,321972,439.56,0.14,7.44,443.28,0.14,-39.72,-0.01,-15095.4,-30.19,9
817,Exit short,2026-04-22 10:28,JJ_SX,26986.75,6,323535,-313.44,-0.10,7.44,80.28,0.02,-309.72,-0.10,-15408.84,-30.82,6
817,Entry short,2026-04-22 10:22,JJ_S,26961.25,6,323535,-313.44,-0.10,7.44,80.28,0.02,-309.72,-0.10,-15408.84,-30.82,6
818,Exit short,2026-04-22 10:36,JJ_SX,26973.75,6,323379,-313.44,-0.10,7.44,17.28,0.01,-309.72,-0.10,-15722.28,-31.44,1
818,Entry short,2026-04-22 10:35,JJ_S,26948.25,6,323379,-313.44,-0.10,7.44,17.28,0.01,-309.72,-0.10,-15722.28,-31.44,1
819,Exit short,2026-04-22 10:53,JJ_SX,26948.25,6,323826,439.56,0.14,7.44,443.28,0.14,-57.72,-0.02,-15282.72,-30.57,12
819,Entry short,2026-04-22 10:41,JJ_S,26985.5,6,323826,439.56,0.14,7.44,443.28,0.14,-57.72,-0.02,-15282.72,-30.57,12
820,Exit long,2026-04-23 09:46,JJ_LX,27071,6,324405,439.56,0.14,7.44,443.28,0.14,-255.72,-0.08,-14843.16,-29.69,10
820,Entry long,2026-04-23 09:36,JJ_L,27033.75,6,324405,439.56,0.14,7.44,443.28,0.14,-255.72,-0.08,-14843.16,-29.69,10
821,Exit short,2026-04-23 10:00,JJ_SX,26983,3,162346.5,444.78,0.27,3.72,446.64,0.28,-13.86,-0.01,-14398.38,-28.80,6
821,Entry short,2026-04-23 09:54,JJ_S,27057.75,3,162346.5,444.78,0.27,3.72,446.64,0.28,-13.86,-0.01,-14398.38,-28.80,6
822,Exit short,2026-04-23 10:45,JJ_SX,27052.5,6,324324,-313.44,-0.10,7.44,266.28,0.08,-309.72,-0.10,-14711.82,-29.42,7
822,Entry short,2026-04-23 10:38,JJ_S,27027,6,324324,-313.44,-0.10,7.44,266.28,0.08,-309.72,-0.10,-14711.82,-29.42,7
823,Exit short,2026-04-23 10:52,JJ_SX,27068.5,6,324516,-313.44,-0.10,7.44,74.28,0.02,-309.72,-0.10,-15025.26,-30.05,6
823,Entry short,2026-04-23 10:46,JJ_S,27043,6,324516,-313.44,-0.10,7.44,74.28,0.02,-309.72,-0.10,-15025.26,-30.05,6
824,Exit short,2026-04-24 09:38,JJ_SX,27227.5,6,326424,-313.44,-0.10,7.44,17.28,0.01,-309.72,-0.09,-15338.7,-30.68,3
824,Entry short,2026-04-24 09:35,JJ_S,27202,6,326424,-313.44,-0.10,7.44,17.28,0.01,-309.72,-0.09,-15338.7,-30.68,3
825,Exit long,2026-04-24 09:54,JJ_LX,27185.75,3,163417.5,-306.72,-0.19,3.72,142.14,0.09,-304.86,-0.19,-15645.42,-31.29,16
825,Entry long,2026-04-24 09:38,JJ_L,27236.25,3,163417.5,-306.72,-0.19,3.72,142.14,0.09,-304.86,-0.19,-15645.42,-31.29,16
826,Exit long,2026-04-24 10:12,JJ_LX,27254.5,3,163078.5,444.78,0.27,3.72,446.64,0.27,-145.86,-0.09,-15200.64,-30.40,15
826,Entry long,2026-04-24 09:57,JJ_L,27179.75,3,163078.5,444.78,0.27,3.72,446.64,0.27,-145.86,-0.09,-15200.64,-30.40,15
827,Exit short,2026-04-24 10:46,JJ_SX,27279.5,3,163374,-306.72,-0.19,3.72,8.64,0.01,-304.86,-0.19,-15507.36,-31.01,4
827,Entry short,2026-04-24 10:42,JJ_S,27229,3,163374,-306.72,-0.19,3.72,8.64,0.01,-304.86,-0.19,-15507.36,-31.01,4
828,Exit short,2026-04-24 10:56,JJ_SX,27287.5,3,163422,-306.72,-0.19,3.72,41.64,0.03,-304.86,-0.19,-15814.08,-31.63,8
828,Entry short,2026-04-24 10:48,JJ_S,27237,3,163422,-306.72,-0.19,3.72,41.64,0.03,-304.86,-0.19,-15814.08,-31.63,8
829,Exit long,2026-04-27 09:51,JJ_LX,27313.25,3,164182.5,-306.72,-0.19,3.72,68.64,0.04,-304.86,-0.19,-16120.8,-32.24,3
829,Entry long,2026-04-27 09:48,JJ_L,27363.75,3,164182.5,-306.72,-0.19,3.72,68.64,0.04,-304.86,-0.19,-16120.8,-32.24,3
830,Exit long,2026-04-27 09:55,JJ_LX,27393,3,163909.5,444.78,0.27,3.72,446.64,0.27,-3.36,0.00,-15676.02,-31.35,3
830,Entry long,2026-04-27 09:52,JJ_L,27318.25,3,163909.5,444.78,0.27,3.72,446.64,0.27,-3.36,0.00,-15676.02,-31.35,3
831,Exit long,2026-04-27 10:30,JJ_LX,27347.5,3,164388,-306.72,-0.19,3.72,37.14,0.02,-304.86,-0.19,-15982.74,-31.97,27
831,Entry long,2026-04-27 10:03,JJ_L,27398,3,164388,-306.72,-0.19,3.72,37.14,0.02,-304.86,-0.19,-15982.74,-31.97,27
832,Exit long,2026-04-27 10:36,JJ_LX,27397,6,328266,490.56,0.15,7.44,494.28,0.15,-45.72,-0.01,-15492.18,-30.98,2
832,Entry long,2026-04-27 10:34,JJ_L,27355.5,6,328266,490.56,0.15,7.44,494.28,0.15,-45.72,-0.01,-15492.18,-30.98,2
833,Exit long,2026-04-27 10:46,JJ_LX,27352.5,6,328536,-313.44,-0.10,7.44,80.28,0.02,-309.72,-0.09,-15805.62,-31.61,7
833,Entry long,2026-04-27 10:39,JJ_L,27378,6,328536,-313.44,-0.10,7.44,80.28,0.02,-309.72,-0.09,-15805.62,-31.61,7
834,Exit short,2026-04-28 09:31,JJ_SX,27116.25,6,325089,-313.44,-0.10,7.44,254.28,0.08,-309.72,-0.10,-16119.06,-32.24,1
834,Entry short,2026-04-28 09:30,JJ_S,27090.75,6,325089,-313.44,-0.10,7.44,254.28,0.08,-309.72,-0.10,-16119.06,-32.24,1
835,Exit long,2026-04-28 09:48,JJ_LX,27244.75,3,163020,444.78,0.27,3.72,446.64,0.27,-106.86,-0.07,-15674.28,-31.35,13
835,Entry long,2026-04-28 09:35,JJ_L,27170,3,163020,444.78,0.27,3.72,446.64,0.27,-106.86,-0.07,-15674.28,-31.35,13
836,Exit short,2026-04-28 10:35,JJ_SX,27127.5,3,163213.5,444.78,0.27,3.72,446.64,0.27,-195.36,-0.12,-15229.5,-30.46,43
836,Entry short,2026-04-28 09:52,JJ_S,27202.25,3,163213.5,444.78,0.27,3.72,446.64,0.27,-195.36,-0.12,-15229.5,-30.46,43
837,Exit long,2026-04-28 10:51,JJ_LX,27022.5,3,162438,-306.72,-0.19,3.72,239.64,0.15,-304.86,-0.19,-15536.22,-31.07,12
837,Entry long,2026-04-28 10:39,JJ_L,27073,3,162438,-306.72,-0.19,3.72,239.64,0.15,-304.86,-0.19,-15536.22,-31.07,12
838,Exit long,2026-04-28 13:41,JJ_LX,27127.5,3,162316.5,444.78,0.27,3.72,446.64,0.28,-280.86,-0.17,-15091.44,-30.18,169
838,Entry long,2026-04-28 10:52,JJ_L,27052.75,3,162316.5,444.78,0.27,3.72,446.64,0.28,-280.86,-0.17,-15091.44,-30.18,169
839,Exit short,2026-04-29 09:37,JJ_SX,27179.5,6,325848,-313.44,-0.10,7.44,353.28,0.11,-309.72,-0.10,-15404.88,-30.81,7
839,Entry short,2026-04-29 09:30,JJ_S,27154,6,325848,-313.44,-0.10,7.44,353.28,0.11,-309.72,-0.10,-15404.88,-30.81,7
840,Exit short,2026-04-29 09:54,JJ_SX,27226,3,163053,-306.72,-0.19,3.72,118.14,0.07,-304.86,-0.19,-15711.6,-31.42,11
840,Entry short,2026-04-29 09:43,JJ_S,27175.5,3,163053,-306.72,-0.19,3.72,118.14,0.07,-304.86,-0.19,-15711.6,-31.42,11
841,Exit short,2026-04-29 10:28,JJ_SX,27267.25,6,326901,-313.44,-0.10,7.44,32.28,0.01,-309.72,-0.09,-16025.04,-32.05,2
841,Entry short,2026-04-29 10:26,JJ_S,27241.75,6,326901,-313.44,-0.10,7.44,32.28,0.01,-309.72,-0.09,-16025.04,-32.05,2
842,Exit short,2026-04-29 10:44,JJ_SX,27306.75,6,327375,-313.44,-0.10,7.44,17.28,0.01,-309.72,-0.09,-16338.48,-32.68,3
842,Entry short,2026-04-29 10:41,JJ_S,27281.25,6,327375,-313.44,-0.10,7.44,17.28,0.01,-309.72,-0.09,-16338.48,-32.68,3
843,Exit short,2026-04-29 11:09,JJ_SX,27250.75,6,327456,439.56,0.13,7.44,443.28,0.14,-273.72,-0.08,-15898.92,-31.80,20
843,Entry short,2026-04-29 10:49,JJ_S,27288,6,327456,439.56,0.13,7.44,443.28,0.14,-273.72,-0.08,-15898.92,-31.80,20
844,Exit short,2026-04-30 09:32,JJ_SX,27413,6,328650,-313.44,-0.10,7.44,14.28,0.00,-309.72,-0.09,-16212.36,-32.42,1
844,Entry short,2026-04-30 09:31,JJ_S,27387.5,6,328650,-313.44,-0.10,7.44,14.28,0.00,-309.72,-0.09,-16212.36,-32.42,1
845,Exit short,2026-04-30 09:40,JJ_SX,27284.5,3,164155.5,444.78,0.27,3.72,446.64,0.27,-81.36,-0.05,-15767.58,-31.54,7
845,Entry short,2026-04-30 09:33,JJ_S,27359.25,3,164155.5,444.78,0.27,3.72,446.64,0.27,-81.36,-0.05,-15767.58,-31.54,7
846,Exit long,2026-04-30 09:46,JJ_LX,27309.5,3,164160,-306.72,-0.19,3.72,29.64,0.02,-304.86,-0.19,-16074.3,-32.15,1
846,Entry long,2026-04-30 09:45,JJ_L,27360,3,164160,-306.72,-0.19,3.72,29.64,0.02,-304.86,-0.19,-16074.3,-32.15,1
847,Exit long,2026-04-30 09:52,JJ_LX,27272.25,3,163936.5,-306.72,-0.19,3.72,118.14,0.07,-304.86,-0.19,-16381.02,-32.76,5
847,Entry long,2026-04-30 09:47,JJ_L,27322.75,3,163936.5,-306.72,-0.19,3.72,118.14,0.07,-304.86,-0.19,-16381.02,-32.76,5
848,Exit long,2026-04-30 10:16,JJ_LX,27188.5,3,163434,-306.72,-0.19,3.72,385.14,0.24,-304.86,-0.19,-16687.74,-33.38,18
848,Entry long,2026-04-30 09:58,JJ_L,27239,3,163434,-306.72,-0.19,3.72,385.14,0.24,-304.86,-0.19,-16687.74,-33.38,18
849,Exit long,2026-05-01 09:32,JJ_LX,27703.25,6,331992,439.56,0.13,7.44,443.28,0.13,-96.72,-0.03,-16248.18,-32.50,2
849,Entry long,2026-05-01 09:30,JJ_L,27666,6,331992,439.56,0.13,7.44,443.28,0.13,-96.72,-0.03,-16248.18,-32.50,2
850,Exit long,2026-05-01 09:50,JJ_LX,27807.5,6,333243,439.56,0.13,7.44,443.28,0.13,-222.72,-0.07,-15808.62,-31.62,11
850,Entry long,2026-05-01 09:39,JJ_L,27770.25,6,333243,439.56,0.13,7.44,443.28,0.13,-222.72,-0.07,-15808.62,-31.62,11
851,Exit short,2026-05-01 10:36,JJ_SX,27798.25,3,167238,444.78,0.27,3.72,446.64,0.27,-213.36,-0.13,-15363.84,-30.73,26
851,Entry short,2026-05-01 10:10,JJ_S,27873,3,167238,444.78,0.27,3.72,446.64,0.27,-213.36,-0.13,-15363.84,-30.73,26
852,Exit short,2026-05-01 11:23,JJ_SX,27868.75,3,166909.5,-306.72,-0.18,3.72,292.14,0.18,-304.86,-0.18,-15670.56,-31.34,29
852,Entry short,2026-05-01 10:54,JJ_S,27818.25,3,166909.5,-306.72,-0.18,3.72,292.14,0.18,-304.86,-0.18,-15670.56,-31.34,29
853,Exit long,2026-05-04 11:19,JJ_LX,27821.75,3,167233.5,-306.72,-0.18,3.72,410.64,0.25,-304.86,-0.18,-15977.28,-31.95,98
853,Entry long,2026-05-04 09:41,JJ_L,27872.25,3,167233.5,-306.72,-0.18,3.72,410.64,0.25,-304.86,-0.18,-15977.28,-31.95,98
854,Exit long,2026-05-05 09:36,JJ_LX,28043.75,6,336078,439.56,0.13,7.44,443.28,0.13,-27.72,-0.01,-15537.72,-31.08,4
854,Entry long,2026-05-05 09:32,JJ_L,28006.5,6,336078,439.56,0.13,7.44,443.28,0.13,-27.72,-0.01,-15537.72,-31.08,4
855,Exit long,2026-05-05 09:45,JJ_LX,28094,6,336681,439.56,0.13,7.44,443.28,0.13,-54.72,-0.02,-15098.16,-30.20,5
855,Entry long,2026-05-05 09:40,JJ_L,28056.75,6,336681,439.56,0.13,7.44,443.28,0.13,-54.72,-0.02,-15098.16,-30.20,5
856,Exit short,2026-05-05 09:50,JJ_SX,28100.25,6,336897,-313.44,-0.09,7.44,38.28,0.01,-309.72,-0.09,-15411.6,-30.82,1
856,Entry short,2026-05-05 09:49,JJ_S,28074.75,6,336897,-313.44,-0.09,7.44,38.28,0.01,-309.72,-0.09,-15411.6,-30.82,1
857,Exit short,2026-05-05 10:00,JJ_SX,28060.75,6,337176,439.56,0.13,7.44,443.28,0.13,-99.72,-0.03,-14972.04,-29.94,8
857,Entry short,2026-05-05 09:52,JJ_S,28098,6,337176,439.56,0.13,7.44,443.28,0.13,-99.72,-0.03,-14972.04,-29.94,8
858,Exit short,2026-05-05 10:13,JJ_SX,28052.5,6,337077,439.56,0.13,7.44,443.28,0.13,-237.72,-0.07,-14532.48,-29.06,8
858,Entry short,2026-05-05 10:05,JJ_S,28089.75,6,337077,439.56,0.13,7.44,443.28,0.13,-237.72,-0.07,-14532.48,-29.06,8
859,Exit long,2026-05-06 09:45,JJ_LX,28495,3,170521.5,444.78,0.26,3.72,446.64,0.26,-145.86,-0.09,-14087.7,-28.18,13
859,Entry long,2026-05-06 09:32,JJ_L,28420.25,3,170521.5,444.78,0.26,3.72,446.64,0.26,-145.86,-0.09,-14087.7,-28.18,13
860,Exit short,2026-05-06 10:10,JJ_SX,28487.75,3,170623.5,-306.72,-0.18,3.72,313.14,0.18,-304.86,-0.18,-14394.42,-28.79,8
860,Entry short,2026-05-06 10:02,JJ_S,28437.25,3,170623.5,-306.72,-0.18,3.72,313.14,0.18,-304.86,-0.18,-14394.42,-28.79,8
861,Exit short,2026-05-06 10:43,JJ_SX,28526.5,3,170856,-306.72,-0.18,3.72,425.64,0.25,-304.86,-0.18,-14701.14,-29.40,31
861,Entry short,2026-05-06 10:12,JJ_S,28476,3,170856,-306.72,-0.18,3.72,425.64,0.25,-304.86,-0.18,-14701.14,-29.40,31
862,Exit short,2026-05-06 11:05,JJ_SX,28552.25,6,342321,-313.44,-0.09,7.44,53.28,0.02,-309.72,-0.09,-15014.58,-30.03,7
862,Entry short,2026-05-06 10:58,JJ_S,28526.75,6,342321,-313.44,-0.09,7.44,53.28,0.02,-309.72,-0.09,-15014.58,-30.03,7
863,Exit long,2026-05-07 10:04,JJ_LX,28804,3,172375.5,444.78,0.26,3.72,446.64,0.26,-51.36,-0.03,-14569.8,-29.14,16
863,Entry long,2026-05-07 09:48,JJ_L,28729.25,3,172375.5,444.78,0.26,3.72,446.64,0.26,-51.36,-0.03,-14569.8,-29.14,16
864,Exit short,2026-05-07 10:39,JJ_SX,28898.75,6,346479,-313.44,-0.09,7.44,152.28,0.04,-309.72,-0.09,-14883.24,-29.77,10
864,Entry short,2026-05-07 10:29,JJ_S,28873.25,6,346479,-313.44,-0.09,7.44,152.28,0.04,-309.72,-0.09,-14883.24,-29.77,10
865,Exit short,2026-05-07 11:01,JJ_SX,28895,6,347187,439.56,0.13,7.44,443.28,0.13,-21.72,-0.01,-14443.68,-28.89,5
865,Entry short,2026-05-07 10:56,JJ_S,28932.25,6,347187,439.56,0.13,7.44,443.28,0.13,-21.72,-0.01,-14443.68,-28.89,5
866,Exit long,2026-05-08 09:34,JJ_LX,28963.75,6,347118,439.56,0.13,7.44,443.28,0.13,-63.72,-0.02,-14004.12,-28.01,3
866,Entry long,2026-05-08 09:31,JJ_L,28926.5,6,347118,439.56,0.13,7.44,443.28,0.13,-63.72,-0.02,-14004.12,-28.01,3
867,Exit long,2026-05-08 09:38,JJ_LX,28957.25,6,347793,-313.44,-0.09,7.44,0,0.00,-309.72,-0.09,-14317.56,-28.64,2
867,Entry long,2026-05-08 09:36,JJ_L,28982.75,6,347793,-313.44,-0.09,7.44,0,0.00,-309.72,-0.09,-14317.56,-28.64,2
868,Exit long,2026-05-08 09:48,JJ_LX,29066,3,173947.5,444.78,0.26,3.72,446.64,0.26,-67.86,-0.04,-13872.78,-27.75,6
868,Entry long,2026-05-08 09:42,JJ_L,28991.25,3,173947.5,444.78,0.26,3.72,446.64,0.26,-67.86,-0.04,-13872.78,-27.75,6
869,Exit short,2026-05-08 09:59,JJ_SX,29108.5,3,174348,-306.72,-0.18,3.72,73.14,0.04,-304.86,-0.17,-14179.5,-28.36,6
869,Entry short,2026-05-08 09:53,JJ_S,29058,3,174348,-306.72,-0.18,3.72,73.14,0.04,-304.86,-0.17,-14179.5,-28.36,6
870,Exit short,2026-05-08 10:30,JJ_SX,29102,6,349671,439.56,0.13,7.44,443.28,0.13,-45.72,-0.01,-13739.94,-27.48,3
870,Entry short,2026-05-08 10:27,JJ_S,29139.25,6,349671,439.56,0.13,7.44,443.28,0.13,-45.72,-0.01,-13739.94,-27.48,3
871,Exit long,2026-05-11 09:31,JJ_LX,29380,6,352113,439.56,0.12,7.44,443.28,0.13,-9.72,0.00,-13300.38,-26.60,1
871,Entry long,2026-05-11 09:30,JJ_L,29342.75,6,352113,439.56,0.12,7.44,443.28,0.13,-9.72,0.00,-13300.38,-26.60,1
872,Exit long,2026-05-11 09:32,JJ_LX,29420,6,352593,439.56,0.12,7.44,443.28,0.13,-18.72,-0.01,-12860.82,-25.72,1
872,Entry long,2026-05-11 09:31,JJ_L,29382.75,6,352593,439.56,0.12,7.44,443.28,0.13,-18.72,-0.01,-12860.82,-25.72,1
873,Exit long,2026-05-11 09:35,JJ_LX,29398.25,6,353085,-313.44,-0.09,7.44,158.28,0.04,-309.72,-0.09,-13174.26,-26.35,3
873,Entry long,2026-05-11 09:32,JJ_L,29423.75,6,353085,-313.44,-0.09,7.44,158.28,0.04,-309.72,-0.09,-13174.26,-26.35,3
874,Exit long,2026-05-11 09:55,JJ_LX,29317,3,176205,-306.72,-0.17,3.72,280.14,0.16,-304.86,-0.17,-13480.98,-26.96,17
874,Entry long,2026-05-11 09:38,JJ_L,29367.5,3,176205,-306.72,-0.17,3.72,280.14,0.16,-304.86,-0.17,-13480.98,-26.96,17
875,Exit short,2026-05-11 10:13,JJ_SX,29396.25,3,176074.5,-306.72,-0.17,3.72,4.14,0.00,-304.86,-0.17,-13787.7,-27.58,9
875,Entry short,2026-05-11 10:04,JJ_S,29345.75,3,176074.5,-306.72,-0.17,3.72,4.14,0.00,-304.86,-0.17,-13787.7,-27.58,9
876,Exit short,2026-05-12 09:38,JJ_SX,29203.75,3,174919.5,-306.72,-0.18,3.72,10.14,0.01,-304.86,-0.17,-14094.42,-28.19,3
876,Entry short,2026-05-12 09:35,JJ_S,29153.25,3,174919.5,-306.72,-0.18,3.72,10.14,0.01,-304.86,-0.17,-14094.42,-28.19,3
877,Exit long,2026-05-12 09:55,JJ_LX,29176.5,3,175362,-306.72,-0.17,3.72,410.64,0.23,-304.86,-0.17,-14401.14,-28.80,16
877,Entry long,2026-05-12 09:39,JJ_L,29227,3,175362,-306.72,-0.17,3.72,410.64,0.23,-304.86,-0.17,-14401.14,-28.80,16
878,Exit long,2026-05-12 10:03,JJ_LX,29089.25,3,174838.5,-306.72,-0.18,3.72,134.64,0.08,-304.86,-0.17,-14707.86,-29.42,2
878,Entry long,2026-05-12 10:01,JJ_L,29139.75,3,174838.5,-306.72,-0.18,3.72,134.64,0.08,-304.86,-0.17,-14707.86,-29.42,2
879,Exit long,2026-05-12 10:26,JJ_LX,29140.75,3,175147.5,-306.72,-0.18,3.72,214.14,0.12,-304.86,-0.17,-15014.58,-30.03,12
879,Entry long,2026-05-12 10:14,JJ_L,29191.25,3,175147.5,-306.72,-0.18,3.72,214.14,0.12,-304.86,-0.17,-15014.58,-30.03,12
880,Exit long,2026-05-12 10:43,JJ_LX,29118,3,174259.5,444.78,0.26,3.72,446.64,0.26,-174.36,-0.10,-14569.8,-29.14,9
880,Entry long,2026-05-12 10:34,JJ_L,29043.25,3,174259.5,444.78,0.26,3.72,446.64,0.26,-174.36,-0.10,-14569.8,-29.14,9
881,Exit short,2026-05-13 09:32,JJ_SX,29245.75,6,350643,-313.44,-0.09,7.44,71.28,0.02,-309.72,-0.09,-14883.24,-29.77,1
881,Entry short,2026-05-13 09:31,JJ_S,29220.25,6,350643,-313.44,-0.09,7.44,71.28,0.02,-309.72,-0.09,-14883.24,-29.77,1
882,Exit short,2026-05-13 09:42,JJ_SX,29265.25,3,175288.5,-306.72,-0.17,3.72,205.14,0.12,-304.86,-0.17,-15189.96,-30.38,7
882,Entry short,2026-05-13 09:35,JJ_S,29214.75,3,175288.5,-306.72,-0.17,3.72,205.14,0.12,-304.86,-0.17,-15189.96,-30.38,7
883,Exit short,2026-05-13 09:46,JJ_SX,29136,3,175264.5,444.78,0.25,3.72,446.64,0.25,-30.36,-0.02,-14745.18,-29.49,2
883,Entry short,2026-05-13 09:44,JJ_S,29210.75,3,175264.5,444.78,0.25,3.72,446.64,0.25,-30.36,-0.02,-14745.18,-29.49,2
884,Exit long,2026-05-13 09:54,JJ_LX,29210.75,3,174816,444.78,0.25,3.72,446.64,0.26,-244.86,-0.14,-14300.4,-28.60,5
884,Entry long,2026-05-13 09:49,JJ_L,29136,3,174816,444.78,0.25,3.72,446.64,0.26,-244.86,-0.14,-14300.4,-28.60,5
885,Exit long,2026-05-13 09:56,JJ_LX,29171,3,175329,-306.72,-0.17,3.72,23.64,0.01,-304.86,-0.17,-14607.12,-29.21,2
885,Entry long,2026-05-13 09:54,JJ_L,29221.5,3,175329,-306.72,-0.17,3.72,23.64,0.01,-304.86,-0.17,-14607.12,-29.21,2
886,Exit long,2026-05-14 09:44,JJ_LX,29625.75,3,177306,444.78,0.25,3.72,446.64,0.25,-66.36,-0.04,-14162.34,-28.32,10
886,Entry long,2026-05-14 09:34,JJ_L,29551,3,177306,444.78,0.25,3.72,446.64,0.25,-66.36,-0.04,-14162.34,-28.32,10
887,Exit short,2026-05-14 09:59,JJ_SX,29569.5,3,177865.5,444.78,0.25,3.72,446.64,0.25,-244.86,-0.14,-13717.56,-27.44,11
887,Entry short,2026-05-14 09:48,JJ_S,29644.25,3,177865.5,444.78,0.25,3.72,446.64,0.25,-244.86,-0.14,-13717.56,-27.44,11
888,Exit short,2026-05-14 10:19,JJ_SX,29639.25,3,177532.5,-306.72,-0.17,3.72,308.64,0.17,-304.86,-0.17,-14024.28,-28.05,17
888,Entry short,2026-05-14 10:02,JJ_S,29588.75,3,177532.5,-306.72,-0.17,3.72,308.64,0.17,-304.86,-0.17,-14024.28,-28.05,17
889,Exit short,2026-05-14 10:36,JJ_SX,29659,3,177651,-306.72,-0.17,3.72,77.64,0.04,-304.86,-0.17,-14331,-28.66,11
889,Entry short,2026-05-14 10:25,JJ_S,29608.5,3,177651,-306.72,-0.17,3.72,77.64,0.04,-304.86,-0.17,-14331,-28.66,11
890,Exit short,2026-05-14 11:10,JJ_SX,29726.25,6,356409,-313.44,-0.09,7.44,437.28,0.12,-309.72,-0.09,-14644.44,-29.29,17
890,Entry short,2026-05-14 10:53,JJ_S,29700.75,6,356409,-313.44,-0.09,7.44,437.28,0.12,-309.72,-0.09,-14644.44,-29.29,17
891,Exit short,2026-05-15 09:45,JJ_SX,29136.75,3,175269,444.78,0.25,3.72,446.64,0.25,-283.86,-0.16,-14199.66,-28.40,12
891,Entry short,2026-05-15 09:33,JJ_S,29211.5,3,175269,444.78,0.25,3.72,446.64,0.25,-283.86,-0.16,-14199.66,-28.40,12
892,Exit long,2026-05-15 09:50,JJ_LX,29224.25,3,174897,444.78,0.25,3.72,446.64,0.26,-31.86,-0.02,-13754.88,-27.51,3
892,Entry long,2026-05-15 09:47,JJ_L,29149.5,3,174897,444.78,0.25,3.72,446.64,0.26,-31.86,-0.02,-13754.88,-27.51,3
893,Exit long,2026-05-15 09:56,JJ_LX,29286,3,175267.5,444.78,0.25,3.72,446.64,0.25,-39.36,-0.02,-13310.1,-26.62,4
893,Entry long,2026-05-15 09:52,JJ_L,29211.25,3,175267.5,444.78,0.25,3.72,446.64,0.25,-39.36,-0.02,-13310.1,-26.62,4
894,Exit long,2026-05-15 10:12,JJ_LX,29254.5,3,175078.5,444.78,0.25,3.72,446.64,0.26,-228.36,-0.13,-12865.32,-25.73,11
894,Entry long,2026-05-15 10:01,JJ_L,29179.75,3,175078.5,444.78,0.25,3.72,446.64,0.26,-228.36,-0.13,-12865.32,-25.73,11
895,Exit short,2026-05-15 10:50,JJ_SX,29265.25,3,176040,444.78,0.25,3.72,446.64,0.25,-127.86,-0.07,-12420.54,-24.84,26
895,Entry short,2026-05-15 10:24,JJ_S,29340,3,176040,444.78,0.25,3.72,446.64,0.25,-127.86,-0.07,-12420.54,-24.84,26
896,Exit short,2026-05-18 09:42,JJ_SX,29213,3,175726.5,444.78,0.25,3.72,446.64,0.25,-87.36,-0.05,-11975.76,-23.95,8
896,Entry short,2026-05-18 09:34,JJ_S,29287.75,3,175726.5,444.78,0.25,3.72,446.64,0.25,-87.36,-0.05,-11975.76,-23.95,8
897,Exit short,2026-05-18 09:47,JJ_SX,29138.75,3,175281,444.78,0.25,3.72,446.64,0.25,-261.36,-0.15,-11530.98,-23.06,5
897,Entry short,2026-05-18 09:42,JJ_S,29213.5,3,175281,444.78,0.25,3.72,446.64,0.25,-261.36,-0.15,-11530.98,-23.06,5
898,Exit long,2026-05-18 09:52,JJ_LX,29259.5,3,175108.5,444.78,0.25,3.72,446.64,0.26,-172.86,-0.10,-11086.2,-22.17,5
898,Entry long,2026-05-18 09:47,JJ_L,29184.75,3,175108.5,444.78,0.25,3.72,446.64,0.26,-172.86,-0.10,-11086.2,-22.17,5
899,Exit long,2026-05-18 10:00,JJ_LX,29222,3,175635,-306.72,-0.17,3.72,215.64,0.12,-304.86,-0.17,-11392.92,-22.79,6
899,Entry long,2026-05-18 09:54,JJ_L,29272.5,3,175635,-306.72,-0.17,3.72,215.64,0.12,-304.86,-0.17,-11392.92,-22.79,6
900,Exit long,2026-05-18 10:27,JJ_LX,29175.5,3,175356,-306.72,-0.17,3.72,434.64,0.25,-304.86,-0.17,-11699.64,-23.40,21
900,Entry long,2026-05-18 10:06,JJ_L,29226,3,175356,-306.72,-0.17,3.72,434.64,0.25,-304.86,-0.17,-11699.64,-23.40,21
901,Exit long,2026-05-19 09:37,JJ_LX,29061.25,3,173919,444.78,0.26,3.72,446.64,0.26,-3.36,0.00,-11254.86,-22.51,2
901,Entry long,2026-05-19 09:35,JJ_L,28986.5,3,173919,444.78,0.26,3.72,446.64,0.26,-3.36,0.00,-11254.86,-22.51,2
902,Exit short,2026-05-19 09:47,JJ_SX,28923.25,3,173236.5,-306.72,-0.18,3.72,22.14,0.01,-304.86,-0.18,-11561.58,-23.12,1
902,Entry short,2026-05-19 09:46,JJ_S,28872.75,3,173236.5,-306.72,-0.18,3.72,22.14,0.01,-304.86,-0.18,-11561.58,-23.12,1
903,Exit short,2026-05-19 09:54,JJ_SX,28994.25,3,173662.5,-306.72,-0.18,3.72,169.14,0.10,-304.86,-0.18,-11868.3,-23.74,5
903,Entry short,2026-05-19 09:49,JJ_S,28943.75,3,173662.5,-306.72,-0.18,3.72,169.14,0.10,-304.86,-0.18,-11868.3,-23.74,5
904,Exit short,2026-05-19 10:04,JJ_SX,28925,3,173247,-306.72,-0.18,3.72,49.14,0.03,-304.86,-0.18,-12175.02,-24.35,2
904,Entry short,2026-05-19 10:02,JJ_S,28874.5,3,173247,-306.72,-0.18,3.72,49.14,0.03,-304.86,-0.18,-12175.02,-24.35,2
905,Exit long,2026-05-19 10:11,JJ_LX,28765.5,3,172896,-306.72,-0.18,3.72,86.64,0.05,-304.86,-0.18,-12481.74,-24.96,1
905,Entry long,2026-05-19 10:10,JJ_L,28816,3,172896,-306.72,-0.18,3.72,86.64,0.05,-304.86,-0.18,-12481.74,-24.96,1
906,Exit short,2026-05-20 09:40,JJ_SX,29117,3,174399,-306.72,-0.18,3.72,260.64,0.15,-304.86,-0.17,-12788.46,-25.58,5
906,Entry short,2026-05-20 09:35,JJ_S,29066.5,3,174399,-306.72,-0.18,3.72,260.64,0.15,-304.86,-0.17,-12788.46,-25.58,5
907,Exit long,2026-05-20 09:46,JJ_LX,29192.5,3,174706.5,444.78,0.25,3.72,446.64,0.26,-244.86,-0.14,-12343.68,-24.69,6
907,Entry long,2026-05-20 09:40,JJ_L,29117.75,3,174706.5,444.78,0.25,3.72,446.64,0.26,-244.86,-0.14,-12343.68,-24.69,6
908,Exit short,2026-05-20 10:20,JJ_SX,29206.75,3,174937.5,-306.72,-0.18,3.72,89.64,0.05,-304.86,-0.17,-12650.4,-25.30,3
908,Entry short,2026-05-20 10:17,JJ_S,29156.25,3,174937.5,-306.72,-0.18,3.72,89.64,0.05,-304.86,-0.17,-12650.4,-25.30,3
909,Exit short,2026-05-20 10:30,JJ_SX,29229.25,3,175072.5,-306.72,-0.18,3.72,370.14,0.21,-304.86,-0.17,-12957.12,-25.91,7
909,Entry short,2026-05-20 10:23,JJ_S,29178.75,3,175072.5,-306.72,-0.18,3.72,370.14,0.21,-304.86,-0.17,-12957.12,-25.91,7
910,Exit short,2026-05-20 11:15,JJ_SX,29286,3,175413,-306.72,-0.17,3.72,388.14,0.22,-304.86,-0.17,-13263.84,-26.53,43
910,Entry short,2026-05-20 10:32,JJ_S,29235.5,3,175413,-306.72,-0.17,3.72,388.14,0.22,-304.86,-0.17,-13263.84,-26.53,43
911,Exit long,2026-05-21 09:38,JJ_LX,29215.75,3,175597.5,-306.72,-0.17,3.72,11.64,0.01,-304.86,-0.17,-13570.56,-27.14,4
911,Entry long,2026-05-21 09:34,JJ_L,29266.25,3,175597.5,-306.72,-0.17,3.72,11.64,0.01,-304.86,-0.17,-13570.56,-27.14,4
912,Exit long,2026-05-21 09:43,JJ_LX,29209.25,3,175558.5,-306.72,-0.17,3.72,1.14,0.00,-304.86,-0.17,-13877.28,-27.75,3
912,Entry long,2026-05-21 09:40,JJ_L,29259.75,3,175558.5,-306.72,-0.17,3.72,1.14,0.00,-304.86,-0.17,-13877.28,-27.75,3
913,Exit short,2026-05-21 10:15,JJ_SX,29235.75,3,175863,444.78,0.25,3.72,446.64,0.25,-115.86,-0.07,-13432.5,-26.86,12
913,Entry short,2026-05-21 10:03,JJ_S,29310.5,3,175863,444.78,0.25,3.72,446.64,0.25,-115.86,-0.07,-13432.5,-26.86,12
914,Exit long,2026-05-21 11:23,JJ_LX,29255,3,175081.5,444.78,0.25,3.72,446.64,0.26,-255.36,-0.15,-12987.72,-25.98,58
914,Entry long,2026-05-21 10:25,JJ_L,29180.25,3,175081.5,444.78,0.25,3.72,446.64,0.26,-255.36,-0.15,-12987.72,-25.98,58
915,Exit long,2026-05-22 09:32,JJ_LX,29655.25,6,355416,439.56,0.12,7.44,443.28,0.12,-72.72,-0.02,-12548.16,-25.10,2
915,Entry long,2026-05-22 09:30,JJ_L,29618,6,355416,439.56,0.12,7.44,443.28,0.12,-72.72,-0.02,-12548.16,-25.10,2
916,Exit long,2026-05-22 09:51,JJ_LX,29598.5,3,177894,-306.72,-0.17,3.72,413.64,0.23,-304.86,-0.17,-12854.88,-25.71,17
916,Entry long,2026-05-22 09:34,JJ_L,29649,3,177894,-306.72,-0.17,3.72,413.64,0.23,-304.86,-0.17,-12854.88,-25.71,17
917,Exit long,2026-05-22 10:23,JJ_LX,29514.25,3,177388.5,-306.72,-0.17,3.72,205.14,0.12,-304.86,-0.17,-13161.6,-26.32,15
917,Entry long,2026-05-22 10:08,JJ_L,29564.75,3,177388.5,-306.72,-0.17,3.72,205.14,0.12,-304.86,-0.17,-13161.6,-26.32,15
918,Exit long,2026-05-22 10:34,JJ_LX,29594,3,177115.5,444.78,0.25,3.72,446.64,0.25,-46.86,-0.03,-12716.82,-25.43,10
918,Entry long,2026-05-22 10:24,JJ_L,29519.25,3,177115.5,444.78,0.25,3.72,446.64,0.25,-46.86,-0.03,-12716.82,-25.43,10
919,Exit long,2026-05-25 09:40,JJ_LX,29972.5,9,539064,429.84,0.08,11.16,435.42,0.08,-109.08,-0.02,-12286.98,-24.57,10
919,Entry long,2026-05-25 09:30,JJ_L,29948,9,539064,429.84,0.08,11.16,435.42,0.08,-109.08,-0.02,-12286.98,-24.57,10
920,Exit long,2026-05-25 10:13,JJ_LX,29957.75,9,539545.5,-317.16,-0.06,11.16,354.42,0.07,-311.58,-0.06,-12604.14,-25.21,33
920,Entry long,2026-05-25 09:40,JJ_L,29974.75,9,539545.5,-317.16,-0.06,11.16,354.42,0.07,-311.58,-0.06,-12604.14,-25.21,33
921,Exit short,2026-05-25 10:42,JJ_SX,29911.75,6,359388,439.56,0.12,7.44,443.28,0.12,-45.72,-0.01,-12164.58,-24.33,22
921,Entry short,2026-05-25 10:20,JJ_S,29949,6,359388,439.56,0.12,7.44,443.28,0.12,-45.72,-0.01,-12164.58,-24.33,22
922,Exit long,2026-05-25 11:10,JJ_LX,29963.75,6,359118,439.56,0.12,7.44,443.28,0.12,-45.72,-0.01,-11725.02,-23.45,24
922,Entry long,2026-05-25 10:46,JJ_L,29926.5,6,359118,439.56,0.12,7.44,443.28,0.12,-45.72,-0.01,-11725.02,-23.45,24
923,Exit short,2026-05-26 09:34,JJ_SX,29843.75,6,358572,439.56,0.12,7.44,443.28,0.12,-78.72,-0.02,-11285.46,-22.57,2
923,Entry short,2026-05-26 09:32,JJ_S,29881,6,358572,439.56,0.12,7.44,443.28,0.12,-78.72,-0.02,-11285.46,-22.57,2
924,Exit short,2026-05-27 09:31,JJ_SX,30165.5,6,361680,-313.44,-0.09,7.44,158.28,0.04,-309.72,-0.09,-11598.9,-23.20,1
924,Entry short,2026-05-27 09:30,JJ_S,30140,6,361680,-313.44,-0.09,7.44,158.28,0.04,-309.72,-0.09,-11598.9,-23.20,1
925,Exit short,2026-05-27 09:41,JJ_SX,30027.25,3,180612,444.78,0.25,3.72,446.64,0.25,-42.36,-0.02,-11154.12,-22.31,5
925,Entry short,2026-05-27 09:36,JJ_S,30102,3,180612,444.78,0.25,3.72,446.64,0.25,-42.36,-0.02,-11154.12,-22.31,5
926,Exit short,2026-05-27 09:47,JJ_SX,29953.75,3,180171,444.78,0.25,3.72,446.64,0.25,-189.36,-0.11,-10709.34,-21.42,6
926,Entry short,2026-05-27 09:41,JJ_S,30028.5,3,180171,444.78,0.25,3.72,446.64,0.25,-189.36,-0.11,-10709.34,-21.42,6
927,Exit long,2026-05-27 09:53,JJ_LX,30068.75,3,179964,444.78,0.25,3.72,446.64,0.25,-103.86,-0.06,-10264.56,-20.53,5
927,Entry long,2026-05-27 09:48,JJ_L,29994,3,179964,444.78,0.25,3.72,446.64,0.25,-103.86,-0.06,-10264.56,-20.53,5
928,Exit long,2026-05-27 10:07,JJ_LX,30010,3,180363,-306.72,-0.17,3.72,230.64,0.13,-304.86,-0.17,-10571.28,-21.14,8
928,Entry long,2026-05-27 09:59,JJ_L,30060.5,3,180363,-306.72,-0.17,3.72,230.64,0.13,-304.86,-0.17,-10571.28,-21.14,8
929,Exit short,2026-05-28 09:46,JJ_SX,29939.25,3,180084,444.78,0.25,3.72,446.64,0.25,-82.86,-0.05,-10126.5,-20.25,13
929,Entry short,2026-05-28 09:33,JJ_S,30014,3,180084,444.78,0.25,3.72,446.64,0.25,-82.86,-0.05,-10126.5,-20.25,13
930,Exit long,2026-05-28 10:12,JJ_LX,30069.75,3,179970,444.78,0.25,3.72,446.64,0.25,-288.36,-0.16,-9681.72,-19.36,20
930,Entry long,2026-05-28 09:52,JJ_L,29995,3,179970,444.78,0.25,3.72,446.64,0.25,-288.36,-0.16,-9681.72,-19.36,20
931,Exit short,2026-05-28 10:45,JJ_SX,30177.25,3,180760.5,-306.72,-0.17,3.72,379.14,0.21,-304.86,-0.17,-9988.44,-19.98,30
931,Entry short,2026-05-28 10:15,JJ_S,30126.75,3,180760.5,-306.72,-0.17,3.72,379.14,0.21,-304.86,-0.17,-9988.44,-19.98,30
932,Exit short,2026-05-28 11:01,JJ_SX,30218.5,3,181008,-306.72,-0.17,3.72,38.64,0.02,-304.86,-0.17,-10295.16,-20.59,7
932,Entry short,2026-05-28 10:54,JJ_S,30168,3,181008,-306.72,-0.17,3.72,38.64,0.02,-304.86,-0.17,-10295.16,-20.59,7
933,Exit long,2026-05-29 09:33,JJ_LX,30389.25,6,364977,-313.44,-0.09,7.44,131.28,0.04,-309.72,-0.08,-10608.6,-21.22,2
933,Entry long,2026-05-29 09:31,JJ_L,30414.75,6,364977,-313.44,-0.09,7.44,131.28,0.04,-309.72,-0.08,-10608.6,-21.22,2
934,Exit short,2026-05-29 09:35,JJ_SX,30400.25,6,364497,-313.44,-0.09,7.44,59.28,0.02,-309.72,-0.08,-10922.04,-21.84,1
934,Entry short,2026-05-29 09:34,JJ_S,30374.75,6,364497,-313.44,-0.09,7.44,59.28,0.02,-309.72,-0.08,-10922.04,-21.84,1
935,Exit long,2026-05-29 09:41,JJ_LX,30457.25,6,365040,439.56,0.12,7.44,443.28,0.12,-189.72,-0.05,-10482.48,-20.96,6
935,Entry long,2026-05-29 09:35,JJ_L,30420,6,365040,439.56,0.12,7.44,443.28,0.12,-189.72,-0.05,-10482.48,-20.96,6
936,Exit long,2026-05-29 10:00,JJ_LX,30535.25,3,182763,444.78,0.24,3.72,446.64,0.24,-51.36,-0.03,-10037.7,-20.08,16
936,Entry long,2026-05-29 09:44,JJ_L,30460.5,3,182763,444.78,0.24,3.72,446.64,0.24,-51.36,-0.03,-10037.7,-20.08,16
937,Exit short,2026-05-29 10:08,JJ_SX,30482.75,6,366240,439.56,0.12,7.44,443.28,0.12,-48.72,-0.01,-9598.14,-19.20,5
937,Entry short,2026-05-29 10:03,JJ_S,30520,6,366240,439.56,0.12,7.44,443.28,0.12,-48.72,-0.01,-9598.14,-19.20,5
938,Exit long,2026-06-01 09:57,JJ_LX,30349,3,182397,-306.72,-0.17,3.72,404.64,0.22,-304.86,-0.17,-9904.86,-19.81,25
938,Entry long,2026-06-01 09:32,JJ_L,30399.5,3,182397,-306.72,-0.17,3.72,404.64,0.22,-304.86,-0.17,-9904.86,-19.81,25
939,Exit short,2026-06-01 10:24,JJ_SX,30421.25,3,182224.5,-306.72,-0.17,3.72,136.14,0.07,-304.86,-0.17,-10211.58,-20.42,7
939,Entry short,2026-06-01 10:17,JJ_S,30370.75,3,182224.5,-306.72,-0.17,3.72,136.14,0.07,-304.86,-0.17,-10211.58,-20.42,7
940,Exit short,2026-06-01 10:48,JJ_SX,30442.75,3,182353.5,-306.72,-0.17,3.72,142.14,0.08,-304.86,-0.17,-10518.3,-21.04,23
940,Entry short,2026-06-01 10:25,JJ_S,30392.25,3,182353.5,-306.72,-0.17,3.72,142.14,0.08,-304.86,-0.17,-10518.3,-21.04,23
941,Exit short,2026-06-01 11:20,JJ_SX,30480.25,3,182578.5,-306.72,-0.17,3.72,107.64,0.06,-304.86,-0.17,-10825.02,-21.65,31
941,Entry short,2026-06-01 10:49,JJ_S,30429.75,3,182578.5,-306.72,-0.17,3.72,107.64,0.06,-304.86,-0.17,-10825.02,-21.65,31
942,Exit short,2026-06-02 09:32,JJ_SX,30528.75,6,366039,-313.44,-0.09,7.44,182.28,0.05,-309.72,-0.08,-11138.46,-22.28,2
942,Entry short,2026-06-02 09:30,JJ_S,30503.25,6,366039,-313.44,-0.09,7.44,182.28,0.05,-309.72,-0.08,-11138.46,-22.28,2
943,Exit short,2026-06-02 09:45,JJ_SX,30507,3,182739,-306.72,-0.17,3.72,194.64,0.11,-304.86,-0.17,-11445.18,-22.89,10
943,Entry short,2026-06-02 09:35,JJ_S,30456.5,3,182739,-306.72,-0.17,3.72,194.64,0.11,-304.86,-0.17,-11445.18,-22.89,10
944,Exit long,2026-06-02 09:59,JJ_LX,30599.5,3,183148.5,444.78,0.24,3.72,446.64,0.24,-61.86,-0.03,-11000.4,-22.00,13
944,Entry long,2026-06-02 09:46,JJ_L,30524.75,3,183148.5,444.78,0.24,3.72,446.64,0.24,-61.86,-0.03,-11000.4,-22.00,13
945,Exit short,2026-06-02 11:08,JJ_SX,30654.5,3,183624,-306.72,-0.17,3.72,398.64,0.22,-304.86,-0.17,-11307.12,-22.61,61
945,Entry short,2026-06-02 10:07,JJ_S,30604,3,183624,-306.72,-0.17,3.72,398.64,0.22,-304.86,-0.17,-11307.12,-22.61,61
946,Exit long,2026-06-03 09:33,JJ_LX,30772,6,369570,-313.44,-0.08,7.44,119.28,0.03,-309.72,-0.08,-11620.56,-23.24,2
946,Entry long,2026-06-03 09:31,JJ_L,30797.5,6,369570,-313.44,-0.08,7.44,119.28,0.03,-309.72,-0.08,-11620.56,-23.24,2
947,Exit short,2026-06-03 09:36,JJ_SX,30676.75,6,368568,439.56,0.12,7.44,443.28,0.12,-18.72,-0.01,-11181,-22.36,2
947,Entry short,2026-06-03 09:34,JJ_S,30714,6,368568,439.56,0.12,7.44,443.28,0.12,-18.72,-0.01,-11181,-22.36,2
948,Exit short,2026-06-03 09:38,JJ_SX,30717.25,3,184000.5,-306.72,-0.17,3.72,0,0.00,-304.86,-0.17,-11487.72,-22.98,1
948,Entry short,2026-06-03 09:37,JJ_S,30666.75,3,184000.5,-306.72,-0.17,3.72,0,0.00,-304.86,-0.17,-11487.72,-22.98,1
949,Exit short,2026-06-03 09:45,JJ_SX,30608.75,3,184101,444.78,0.24,3.72,446.64,0.24,-42.36,-0.02,-11042.94,-22.09,3
949,Entry short,2026-06-03 09:42,JJ_S,30683.5,3,184101,444.78,0.24,3.72,446.64,0.24,-42.36,-0.02,-11042.94,-22.09,3
950,Exit long,2026-06-03 10:02,JJ_LX,30629.5,3,183328.5,444.78,0.24,3.72,446.64,0.24,-139.86,-0.08,-10598.16,-21.20,12
950,Entry long,2026-06-03 09:50,JJ_L,30554.75,3,183328.5,444.78,0.24,3.72,446.64,0.24,-139.86,-0.08,-10598.16,-21.20,12
951,Exit long,2026-06-04 09:40,JJ_LX,30288.75,3,182035.5,-306.72,-0.17,3.72,149.64,0.08,-304.86,-0.17,-10904.88,-21.81,7
951,Entry long,2026-06-04 09:33,JJ_L,30339.25,3,182035.5,-306.72,-0.17,3.72,149.64,0.08,-304.86,-0.17,-10904.88,-21.81,7
952,Exit short,2026-06-04 09:49,JJ_SX,30284,3,181401,-306.72,-0.17,3.72,274.14,0.15,-304.86,-0.17,-11211.6,-22.42,6
952,Entry short,2026-06-04 09:43,JJ_S,30233.5,3,181401,-306.72,-0.17,3.72,274.14,0.15,-304.86,-0.17,-11211.6,-22.42,6
953,Exit long,2026-06-04 10:11,JJ_LX,30274.25,3,181197,444.78,0.25,3.72,446.64,0.25,-141.36,-0.08,-10766.82,-21.53,3
953,Entry long,2026-06-04 10:08,JJ_L,30199.5,3,181197,444.78,0.25,3.72,446.64,0.25,-141.36,-0.08,-10766.82,-21.53,3
954,Exit short,2026-06-04 11:00,JJ_SX,30368,3,181905,-306.72,-0.17,3.72,182.64,0.10,-304.86,-0.17,-11073.54,-22.15,18
954,Entry short,2026-06-04 10:42,JJ_S,30317.5,3,181905,-306.72,-0.17,3.72,182.64,0.10,-304.86,-0.17,-11073.54,-22.15,18
955,Exit long,2026-06-05 09:34,JJ_LX,30047,3,180585,-306.72,-0.17,3.72,17.64,0.01,-304.86,-0.17,-11380.26,-22.76,3
955,Entry long,2026-06-05 09:31,JJ_L,30097.5,3,180585,-306.72,-0.17,3.72,17.64,0.01,-304.86,-0.17,-11380.26,-22.76,3
956,Exit short,2026-06-05 09:45,JJ_SX,29910,3,179908.5,444.78,0.25,3.72,446.64,0.25,-150.36,-0.08,-10935.48,-21.87,7
956,Entry short,2026-06-05 09:38,JJ_S,29984.75,3,179908.5,444.78,0.25,3.72,446.64,0.25,-150.36,-0.08,-10935.48,-21.87,7
957,Exit long,2026-06-05 10:15,JJ_LX,29891.25,3,178899,444.78,0.25,3.72,446.64,0.25,-99.36,-0.06,-10490.7,-20.98,8
957,Entry long,2026-06-05 10:07,JJ_L,29816.5,3,178899,444.78,0.25,3.72,446.64,0.25,-99.36,-0.06,-10490.7,-20.98,8
958,Exit long,2026-06-05 10:25,JJ_LX,29844,3,179367,-306.72,-0.17,3.72,283.14,0.16,-304.86,-0.17,-10797.42,-21.59,10
958,Entry long,2026-06-05 10:15,JJ_L,29894.5,3,179367,-306.72,-0.17,3.72,283.14,0.16,-304.86,-0.17,-10797.42,-21.59,10
959,Exit long,2026-06-05 10:34,JJ_LX,29900.5,3,178954.5,444.78,0.25,3.72,446.64,0.25,-69.36,-0.04,-10352.64,-20.71,5
959,Entry long,2026-06-05 10:29,JJ_L,29825.75,3,178954.5,444.78,0.25,3.72,446.64,0.25,-69.36,-0.04,-10352.64,-20.71,5
960,Exit long,2026-06-08 09:31,JJ_LX,29516,3,177399,-306.72,-0.17,3.72,106.14,0.06,-304.86,-0.17,-10659.36,-21.32,1
960,Entry long,2026-06-08 09:30,JJ_L,29566.5,3,177399,-306.72,-0.17,3.72,106.14,0.06,-304.86,-0.17,-10659.36,-21.32,1
961,Exit short,2026-06-08 09:38,JJ_SX,29492.5,3,176652,-306.72,-0.17,3.72,266.64,0.15,-304.86,-0.17,-10966.08,-21.93,5
961,Entry short,2026-06-08 09:33,JJ_S,29442,3,176652,-306.72,-0.17,3.72,266.64,0.15,-304.86,-0.17,-10966.08,-21.93,5
962,Exit short,2026-06-08 09:42,JJ_SX,29476.75,3,176557.5,-306.72,-0.17,3.72,10.14,0.01,-304.86,-0.17,-11272.8,-22.55,3
962,Entry short,2026-06-08 09:39,JJ_S,29426.25,3,176557.5,-306.72,-0.17,3.72,10.14,0.01,-304.86,-0.17,-11272.8,-22.55,3
963,Exit long,2026-06-08 09:55,JJ_LX,29452.5,3,177018,-306.72,-0.17,3.72,272.64,0.15,-304.86,-0.17,-11579.52,-23.16,3
963,Entry long,2026-06-08 09:52,JJ_L,29503,3,177018,-306.72,-0.17,3.72,272.64,0.15,-304.86,-0.17,-11579.52,-23.16,3
964,Exit long,2026-06-08 10:09,JJ_LX,29442,3,176203.5,444.78,0.25,3.72,446.64,0.25,-114.36,-0.06,-11134.74,-22.27,9
964,Entry long,2026-06-08 10:00,JJ_L,29367.25,3,176203.5,444.78,0.25,3.72,446.64,0.25,-114.36,-0.06,-11134.74,-22.27,9
965,Exit short,2026-06-09 09:34,JJ_SX,29650,6,356247,439.56,0.12,7.44,443.28,0.12,-159.72,-0.04,-10695.18,-21.39,3
965,Entry short,2026-06-09 09:31,JJ_S,29687.25,6,356247,439.56,0.12,7.44,443.28,0.12,-159.72,-0.04,-10695.18,-21.39,3
966,Exit short,2026-06-09 09:43,JJ_SX,29745.25,3,178168.5,-306.72,-0.17,3.72,211.14,0.12,-304.86,-0.17,-11001.9,-22.00,5
966,Entry short,2026-06-09 09:38,JJ_S,29694.75,3,178168.5,-306.72,-0.17,3.72,211.14,0.12,-304.86,-0.17,-11001.9,-22.00,5
967,Exit long,2026-06-09 09:47,JJ_LX,29826.25,3,178509,444.78,0.25,3.72,446.64,0.25,-19.86,-0.01,-10557.12,-21.11,4
967,Entry long,2026-06-09 09:43,JJ_L,29751.5,3,178509,444.78,0.25,3.72,446.64,0.25,-19.86,-0.01,-10557.12,-21.11,4
968,Exit short,2026-06-09 09:54,JJ_SX,29731.25,3,178836,444.78,0.25,3.72,446.64,0.25,-78.36,-0.04,-10112.34,-20.22,4
968,Entry short,2026-06-09 09:50,JJ_S,29806,3,178836,444.78,0.25,3.72,446.64,0.25,-78.36,-0.04,-10112.34,-20.22,4
969,Exit long,2026-06-09 10:07,JJ_LX,29645.75,3,178177.5,-306.72,-0.17,3.72,103.14,0.06,-304.86,-0.17,-10419.06,-20.84,6
969,Entry long,2026-06-09 10:01,JJ_L,29696.25,3,178177.5,-306.72,-0.17,3.72,103.14,0.06,-304.86,-0.17,-10419.06,-20.84,6
970,Exit short,2026-06-10 09:35,JJ_SX,28829.75,3,172675.5,-306.72,-0.18,3.72,43.14,0.02,-304.86,-0.18,-10725.78,-21.45,1
970,Entry short,2026-06-10 09:34,JJ_S,28779.25,3,172675.5,-306.72,-0.18,3.72,43.14,0.02,-304.86,-0.18,-10725.78,-21.45,1
971,Exit long,2026-06-10 09:37,JJ_LX,28962.5,3,173326.5,444.78,0.26,3.72,446.64,0.26,-115.86,-0.07,-10281,-20.56,2
971,Entry long,2026-06-10 09:35,JJ_L,28887.75,3,173326.5,444.78,0.26,3.72,446.64,0.26,-115.86,-0.07,-10281,-20.56,2
972,Exit long,2026-06-10 09:41,JJ_LX,28912.5,3,173778,-306.72,-0.18,3.72,356.64,0.21,-304.86,-0.18,-10587.72,-21.18,4
972,Entry long,2026-06-10 09:37,JJ_L,28963,3,173778,-306.72,-0.18,3.72,356.64,0.21,-304.86,-0.18,-10587.72,-21.18,4
973,Exit long,2026-06-10 09:43,JJ_LX,29038.75,3,173784,444.78,0.26,3.72,446.64,0.26,-85.86,-0.05,-10142.94,-20.29,1
973,Entry long,2026-06-10 09:42,JJ_L,28964,3,173784,444.78,0.26,3.72,446.64,0.26,-85.86,-0.05,-10142.94,-20.29,1
974,Exit long,2026-06-10 09:48,JJ_LX,29116.5,3,174250.5,444.78,0.26,3.72,446.64,0.26,-136.86,-0.08,-9698.16,-19.40,5
974,Entry long,2026-06-10 09:43,JJ_L,29041.75,3,174250.5,444.78,0.26,3.72,446.64,0.26,-136.86,-0.08,-9698.16,-19.40,5
975,Exit long,2026-06-11 09:31,JJ_LX,28725.75,3,172657.5,-306.72,-0.18,3.72,38.64,0.02,-304.86,-0.18,-10004.88,-20.01,1
975,Entry long,2026-06-11 09:30,JJ_L,28776.25,3,172657.5,-306.72,-0.18,3.72,38.64,0.02,-304.86,-0.18,-10004.88,-20.01,1
976,Exit short,2026-06-11 09:43,JJ_SX,28728.75,3,172069.5,-306.72,-0.18,3.72,161.64,0.09,-304.86,-0.18,-10311.6,-20.62,5
976,Entry short,2026-06-11 09:38,JJ_S,28678.25,3,172069.5,-306.72,-0.18,3.72,161.64,0.09,-304.86,-0.18,-10311.6,-20.62,5
977,Exit short,2026-06-11 09:50,JJ_SX,28866,3,172893,-306.72,-0.18,3.72,0,0.00,-304.86,-0.18,-10618.32,-21.24,1
977,Entry short,2026-06-11 09:49,JJ_S,28815.5,3,172893,-306.72,-0.18,3.72,0,0.00,-304.86,-0.18,-10618.32,-21.24,1
978,Exit short,2026-06-11 09:59,JJ_SX,28893.75,3,173811,444.78,0.26,3.72,446.64,0.26,-247.86,-0.14,-10173.54,-20.35,5
978,Entry short,2026-06-11 09:54,JJ_S,28968.5,3,173811,444.78,0.26,3.72,446.64,0.26,-247.86,-0.14,-10173.54,-20.35,5
979,Exit short,2026-06-11 10:16,JJ_SX,28818.25,3,173358,444.78,0.26,3.72,446.64,0.26,-187.86,-0.11,-9728.76,-19.46,6
979,Entry short,2026-06-11 10:10,JJ_S,28893,3,173358,444.78,0.26,3.72,446.64,0.26,-187.86,-0.11,-9728.76,-19.46,6
980,Exit short,2026-06-12 09:35,JJ_SX,29369.75,3,175915.5,-306.72,-0.17,3.72,73.14,0.04,-304.86,-0.17,-10035.48,-20.07,2
980,Entry short,2026-06-12 09:33,JJ_S,29319.25,3,175915.5,-306.72,-0.17,3.72,73.14,0.04,-304.86,-0.17,-10035.48,-20.07,2
981,Exit short,2026-06-12 09:43,JJ_SX,29319,3,175611,-306.72,-0.17,3.72,13.14,0.01,-304.86,-0.17,-10342.2,-20.68,1
981,Entry short,2026-06-12 09:42,JJ_S,29268.5,3,175611,-306.72,-0.17,3.72,13.14,0.01,-304.86,-0.17,-10342.2,-20.68,1
982,Exit short,2026-06-12 09:47,JJ_SX,29330.25,3,175678.5,-306.72,-0.17,3.72,289.14,0.16,-304.86,-0.17,-10648.92,-21.30,3
982,Entry short,2026-06-12 09:44,JJ_S,29279.75,3,175678.5,-306.72,-0.17,3.72,289.14,0.16,-304.86,-0.17,-10648.92,-21.30,3
983,Exit long,2026-06-12 09:53,JJ_LX,29303.75,3,176125.5,-306.72,-0.17,3.72,49.14,0.03,-304.86,-0.17,-10955.64,-21.91,1
983,Entry long,2026-06-12 09:52,JJ_L,29354.25,3,176125.5,-306.72,-0.17,3.72,49.14,0.03,-304.86,-0.17,-10955.64,-21.91,1
984,Exit long,2026-06-12 10:00,JJ_LX,29417,3,176053.5,444.78,0.25,3.72,446.64,0.25,-111.36,-0.06,-10510.86,-21.02,5
984,Entry long,2026-06-12 09:55,JJ_L,29342.25,3,176053.5,444.78,0.25,3.72,446.64,0.25,-111.36,-0.06,-10510.86,-21.02,5
985,Exit long,2026-06-15 09:35,JJ_LX,30704.5,6,368007,439.56,0.12,7.44,443.28,0.12,-147.72,-0.04,-10071.3,-20.14,5
985,Entry long,2026-06-15 09:30,JJ_L,30667.25,6,368007,439.56,0.12,7.44,443.28,0.12,-147.72,-0.04,-10071.3,-20.14,5
986,Exit long,2026-06-15 09:40,JJ_LX,30651.75,3,184213.5,-306.72,-0.17,3.72,98.64,0.05,-304.86,-0.17,-10378.02,-20.76,5
986,Entry long,2026-06-15 09:35,JJ_L,30702.25,3,184213.5,-306.72,-0.17,3.72,98.64,0.05,-304.86,-0.17,-10378.02,-20.76,5
987,Exit long,2026-06-15 09:48,JJ_LX,30774.25,3,184197,444.78,0.24,3.72,446.64,0.24,-67.86,-0.04,-9933.24,-19.87,8
987,Entry long,2026-06-15 09:40,JJ_L,30699.5,3,184197,444.78,0.24,3.72,446.64,0.24,-67.86,-0.04,-9933.24,-19.87,8
988,Exit short,2026-06-15 10:14,JJ_SX,30688.25,3,184578,444.78,0.24,3.72,446.64,0.24,-124.86,-0.07,-9488.46,-18.98,20
988,Entry short,2026-06-15 09:54,JJ_S,30763,3,184578,444.78,0.24,3.72,446.64,0.24,-124.86,-0.07,-9488.46,-18.98,20
989,Exit short,2026-06-15 10:28,JJ_SX,30750,3,184197,-306.72,-0.17,3.72,29.64,0.02,-304.86,-0.17,-9795.18,-19.59,4
989,Entry short,2026-06-15 10:24,JJ_S,30699.5,3,184197,-306.72,-0.17,3.72,29.64,0.02,-304.86,-0.17,-9795.18,-19.59,4
990,Exit short,2026-06-16 09:34,JJ_SX,30790.5,6,369180,-313.44,-0.08,7.44,167.28,0.05,-309.72,-0.08,-10108.62,-20.22,1
990,Entry short,2026-06-16 09:33,JJ_S,30765,6,369180,-313.44,-0.08,7.44,167.28,0.05,-309.72,-0.08,-10108.62,-20.22,1
991,Exit long,2026-06-16 09:39,JJ_LX,30782,3,184995,-306.72,-0.17,3.72,41.64,0.02,-304.86,-0.16,-10415.34,-20.83,4
991,Entry long,2026-06-16 09:35,JJ_L,30832.5,3,184995,-306.72,-0.17,3.72,41.64,0.02,-304.86,-0.16,-10415.34,-20.83,4
992,Exit short,2026-06-16 09:40,JJ_SX,30832.25,3,184690.5,-306.72,-0.17,3.72,8.64,0.00,-304.86,-0.17,-10722.06,-21.44,1
992,Entry short,2026-06-16 09:39,JJ_S,30781.75,3,184690.5,-306.72,-0.17,3.72,8.64,0.00,-304.86,-0.17,-10722.06,-21.44,1
993,Exit long,2026-06-16 09:59,JJ_LX,30803.5,3,185124,-306.72,-0.17,3.72,208.14,0.11,-304.86,-0.16,-11028.78,-22.06,17
993,Entry long,2026-06-16 09:42,JJ_L,30854,3,185124,-306.72,-0.17,3.72,208.14,0.11,-304.86,-0.16,-11028.78,-22.06,17
994,Exit short,2026-06-16 10:19,JJ_SX,30757.25,3,184992,444.78,0.24,3.72,446.64,0.24,-112.86,-0.06,-10584,-21.17,9
994,Entry short,2026-06-16 10:10,JJ_S,30832,3,184992,444.78,0.24,3.72,446.64,0.24,-112.86,-0.06,-10584,-21.17,9
995,Exit short,2026-06-17 09:32,JJ_SX,30476.75,6,365415,-313.44,-0.09,7.44,86.28,0.02,-309.72,-0.08,-10897.44,-21.79,1
995,Entry short,2026-06-17 09:31,JJ_S,30451.25,6,365415,-313.44,-0.09,7.44,86.28,0.02,-309.72,-0.08,-10897.44,-21.79,1
996,Exit short,2026-06-17 09:41,JJ_SX,30479.25,3,182572.5,-306.72,-0.17,3.72,182.64,0.10,-304.86,-0.17,-11204.16,-22.41,8
996,Entry short,2026-06-17 09:33,JJ_S,30428.75,3,182572.5,-306.72,-0.17,3.72,182.64,0.10,-304.86,-0.17,-11204.16,-22.41,8
997,Exit long,2026-06-17 10:02,JJ_LX,30332.75,3,182299.5,-306.72,-0.17,3.72,14.64,0.01,-304.86,-0.17,-11510.88,-23.02,2
997,Entry long,2026-06-17 10:00,JJ_L,30383.25,3,182299.5,-306.72,-0.17,3.72,14.64,0.01,-304.86,-0.17,-11510.88,-23.02,2
998,Exit long,2026-06-17 10:15,JJ_LX,30461.25,3,182319,444.78,0.24,3.72,446.64,0.24,-226.86,-0.12,-11066.1,-22.13,12
998,Entry long,2026-06-17 10:03,JJ_L,30386.5,3,182319,444.78,0.24,3.72,446.64,0.24,-226.86,-0.12,-11066.1,-22.13,12
999,Exit long,2026-06-17 10:36,JJ_LX,30424,3,182847,-306.72,-0.17,3.72,419.64,0.23,-304.86,-0.17,-11372.82,-22.75,19
999,Entry long,2026-06-17 10:17,JJ_L,30474.5,3,182847,-306.72,-0.17,3.72,419.64,0.23,-304.86,-0.17,-11372.82,-22.75,19
1000,Exit short,2026-06-18 09:35,JJ_SX,30470.75,3,183273,444.78,0.24,3.72,446.64,0.24,-102.36,-0.06,-10928.04,-21.86,2
1000,Entry short,2026-06-18 09:33,JJ_S,30545.5,3,183273,444.78,0.24,3.72,446.64,0.24,-102.36,-0.06,-10928.04,-21.86,2
1001,Exit short,2026-06-18 09:41,JJ_SX,30472.75,3,182533.5,-306.72,-0.17,3.72,80.64,0.04,-304.86,-0.17,-11234.76,-22.47,5
1001,Entry short,2026-06-18 09:36,JJ_S,30422.25,3,182533.5,-306.72,-0.17,3.72,80.64,0.04,-304.86,-0.17,-11234.76,-22.47,5
1002,Exit short,2026-06-18 09:49,JJ_SX,30478.75,3,182569.5,-306.72,-0.17,3.72,215.64,0.12,-304.86,-0.17,-11541.48,-23.08,6
1002,Entry short,2026-06-18 09:43,JJ_S,30428.25,3,182569.5,-306.72,-0.17,3.72,215.64,0.12,-304.86,-0.17,-11541.48,-23.08,6
1003,Exit long,2026-06-18 09:55,JJ_LX,30446.25,3,182980.5,-306.72,-0.17,3.72,260.64,0.14,-304.86,-0.17,-11848.2,-23.70,6
1003,Entry long,2026-06-18 09:49,JJ_L,30496.75,3,182980.5,-306.72,-0.17,3.72,260.64,0.14,-304.86,-0.17,-11848.2,-23.70,6
1004,Exit long,2026-06-18 10:06,JJ_LX,30542,3,182803.5,444.78,0.24,3.72,446.64,0.24,-112.86,-0.06,-11403.42,-22.81,7
1004,Entry long,2026-06-18 09:59,JJ_L,30467.25,3,182803.5,444.78,0.24,3.72,446.64,0.24,-112.86,-0.06,-11403.42,-22.81,7
1005,Exit long,2026-06-19 11:09,JJ_LX,30700.25,6,367956,439.56,0.12,7.44,443.28,0.12,-249.72,-0.07,-10963.86,-21.93,94
1005,Entry long,2026-06-19 09:35,JJ_L,30663,6,367956,439.56,0.12,7.44,443.28,0.12,-249.72,-0.07,-10963.86,-21.93,94
1006,Exit long,2026-06-22 09:31,JJ_LX,30867.5,6,370716,-313.44,-0.08,7.44,32.28,0.01,-309.72,-0.08,-11277.3,-22.55,1
1006,Entry long,2026-06-22 09:30,JJ_L,30893,6,370716,-313.44,-0.08,7.44,32.28,0.01,-309.72,-0.08,-11277.3,-22.55,1
1007,Exit long,2026-06-22 09:38,JJ_LX,30921,3,185077.5,444.78,0.24,3.72,446.64,0.24,-42.36,-0.02,-10832.52,-21.67,3
1007,Entry long,2026-06-22 09:35,JJ_L,30846.25,3,185077.5,444.78,0.24,3.72,446.64,0.24,-42.36,-0.02,-10832.52,-21.67,3
1008,Exit long,2026-06-22 09:41,JJ_LX,30866,3,185499,-306.72,-0.17,3.72,61.14,0.03,-304.86,-0.16,-11139.24,-22.28,3
1008,Entry long,2026-06-22 09:38,JJ_L,30916.5,3,185499,-306.72,-0.17,3.72,61.14,0.03,-304.86,-0.16,-11139.24,-22.28,3
1009,Exit short,2026-06-22 09:47,JJ_SX,30856,3,184833,-306.72,-0.17,3.72,254.64,0.14,-304.86,-0.16,-11445.96,-22.89,5
1009,Entry short,2026-06-22 09:42,JJ_S,30805.5,3,184833,-306.72,-0.17,3.72,254.64,0.14,-304.86,-0.16,-11445.96,-22.89,5
1010,Exit long,2026-06-23 09:36,JJ_LX,29686.25,3,178420.5,-306.72,-0.17,3.72,268.14,0.15,-304.86,-0.17,-11752.68,-23.51,5
1010,Entry long,2026-06-23 09:31,JJ_L,29736.75,3,178420.5,-306.72,-0.17,3.72,268.14,0.15,-304.86,-0.17,-11752.68,-23.51,5
1011,Exit short,2026-06-23 09:37,JJ_SX,29726.5,3,178056,-306.72,-0.17,3.72,2.64,0.00,-304.86,-0.17,-12059.4,-24.12,1
1011,Entry short,2026-06-23 09:36,JJ_S,29676,3,178056,-306.72,-0.17,3.72,2.64,0.00,-304.86,-0.17,-12059.4,-24.12,1
1012,Exit long,2026-06-23 09:42,JJ_LX,29752,3,178815,-306.72,-0.17,3.72,7.14,0.00,-304.86,-0.17,-12366.12,-24.73,2
1012,Entry long,2026-06-23 09:40,JJ_L,29802.5,3,178815,-306.72,-0.17,3.72,7.14,0.00,-304.86,-0.17,-12366.12,-24.73,2
1013,Exit short,2026-06-23 09:59,JJ_SX,29926.75,3,179257.5,-306.72,-0.17,3.72,193.14,0.11,-304.86,-0.17,-12672.84,-25.35,5
1013,Entry short,2026-06-23 09:54,JJ_S,29876.25,3,179257.5,-306.72,-0.17,3.72,193.14,0.11,-304.86,-0.17,-12672.84,-25.35,5
1014,Exit short,2026-06-23 10:10,JJ_SX,30012.75,3,179773.5,-306.72,-0.17,3.72,170.64,0.09,-304.86,-0.17,-12979.56,-25.96,5
1014,Entry short,2026-06-23 10:05,JJ_S,29962.25,3,179773.5,-306.72,-0.17,3.72,170.64,0.09,-304.86,-0.17,-12979.56,-25.96,5
1015,Exit long,2026-06-24 09:39,JJ_LX,29742.25,3,178756.5,-306.72,-0.17,3.72,302.64,0.17,-304.86,-0.17,-13286.28,-26.57,7
1015,Entry long,2026-06-24 09:32,JJ_L,29792.75,3,178756.5,-306.72,-0.17,3.72,302.64,0.17,-304.86,-0.17,-13286.28,-26.57,7
1016,Exit short,2026-06-24 09:48,JJ_SX,29597,3,178030.5,444.78,0.25,3.72,446.64,0.25,-261.36,-0.15,-12841.5,-25.68,8
1016,Entry short,2026-06-24 09:40,JJ_S,29671.75,3,178030.5,444.78,0.25,3.72,446.64,0.25,-261.36,-0.15,-12841.5,-25.68,8
1017,Exit long,2026-06-24 10:25,JJ_LX,29701.25,3,177759,444.78,0.25,3.72,446.64,0.25,-54.36,-0.03,-12396.72,-24.79,4
1017,Entry long,2026-06-24 10:21,JJ_L,29626.5,3,177759,444.78,0.25,3.72,446.64,0.25,-54.36,-0.03,-12396.72,-24.79,4
1018,Exit short,2026-06-24 10:58,JJ_SX,29861.75,3,178867.5,-306.72,-0.17,3.72,124.14,0.07,-304.86,-0.17,-12703.44,-25.41,4
1018,Entry short,2026-06-24 10:54,JJ_S,29811.25,3,178867.5,-306.72,-0.17,3.72,124.14,0.07,-304.86,-0.17,-12703.44,-25.41,4
1019,Exit short,2026-06-25 09:40,JJ_SX,29954.5,3,180175.5,444.78,0.25,3.72,446.64,0.25,-45.36,-0.03,-12258.66,-24.52,3
1019,Entry short,2026-06-25 09:37,JJ_S,30029.25,3,180175.5,444.78,0.25,3.72,446.64,0.25,-45.36,-0.03,-12258.66,-24.52,3
1020,Exit short,2026-06-25 09:42,JJ_SX,29872.5,3,179683.5,444.78,0.25,3.72,446.64,0.25,-87.36,-0.05,-11813.88,-23.63,2
1020,Entry short,2026-06-25 09:40,JJ_S,29947.25,3,179683.5,444.78,0.25,3.72,446.64,0.25,-87.36,-0.05,-11813.88,-23.63,2
1021,Exit short,2026-06-25 09:43,JJ_SX,29771.75,3,179079,444.78,0.25,3.72,446.64,0.25,-48.36,-0.03,-11369.1,-22.74,1
1021,Entry short,2026-06-25 09:42,JJ_S,29846.5,3,179079,444.78,0.25,3.72,446.64,0.25,-48.36,-0.03,-11369.1,-22.74,1
1022,Exit short,2026-06-25 09:45,JJ_SX,29695.5,3,178621.5,444.78,0.25,3.72,446.64,0.25,-286.86,-0.16,-10924.32,-21.85,2
1022,Entry short,2026-06-25 09:43,JJ_S,29770.25,3,178621.5,444.78,0.25,3.72,446.64,0.25,-286.86,-0.16,-10924.32,-21.85,2
1023,Exit long,2026-06-25 09:51,JJ_LX,29586.75,3,177823.5,-306.72,-0.17,3.72,275.64,0.16,-304.86,-0.17,-11231.04,-22.46,2
1023,Entry long,2026-06-25 09:49,JJ_L,29637.25,3,177823.5,-306.72,-0.17,3.72,275.64,0.16,-304.86,-0.17,-11231.04,-22.46,2
1024,Exit short,2026-06-26 09:33,JJ_SX,29215.25,3,175740,444.78,0.25,3.72,446.64,0.25,-46.86,-0.03,-10786.26,-21.57,1
1024,Entry short,2026-06-26 09:32,JJ_S,29290,3,175740,444.78,0.25,3.72,446.64,0.25,-46.86,-0.03,-10786.26,-21.57,1
1025,Exit short,2026-06-26 09:34,JJ_SX,29250.75,3,175201.5,-306.72,-0.18,3.72,107.64,0.06,-304.86,-0.17,-11092.98,-22.19,1
1025,Entry short,2026-06-26 09:33,JJ_S,29200.25,3,175201.5,-306.72,-0.18,3.72,107.64,0.06,-304.86,-0.17,-11092.98,-22.19,1
1026,Exit short,2026-06-26 09:42,JJ_SX,29290.25,3,175438.5,-306.72,-0.17,3.72,121.14,0.07,-304.86,-0.17,-11399.7,-22.80,3
1026,Entry short,2026-06-26 09:39,JJ_S,29239.75,3,175438.5,-306.72,-0.17,3.72,121.14,0.07,-304.86,-0.17,-11399.7,-22.80,3
1027,Exit long,2026-06-26 09:56,JJ_LX,29400.5,3,175954.5,444.78,0.25,3.72,446.64,0.25,-148.86,-0.08,-10954.92,-21.91,2
1027,Entry long,2026-06-26 09:54,JJ_L,29325.75,3,175954.5,444.78,0.25,3.72,446.64,0.25,-148.86,-0.08,-10954.92,-21.91,2
1028,Exit short,2026-06-26 10:20,JJ_SX,29581.25,3,177184.5,-306.72,-0.17,3.72,58.14,0.03,-304.86,-0.17,-11261.64,-22.52,3
1028,Entry short,2026-06-26 10:17,JJ_S,29530.75,3,177184.5,-306.72,-0.17,3.72,58.14,0.03,-304.86,-0.17,-11261.64,-22.52,3
1029,Exit long,2026-06-29 09:36,JJ_LX,29710,3,178563,-306.72,-0.17,3.72,37.14,0.02,-304.86,-0.17,-11568.36,-23.14,2
1029,Entry long,2026-06-29 09:34,JJ_L,29760.5,3,178563,-306.72,-0.17,3.72,37.14,0.02,-304.86,-0.17,-11568.36,-23.14,2
1030,Exit long,2026-06-29 09:44,JJ_LX,29784.75,3,178260,444.78,0.25,3.72,446.64,0.25,-205.86,-0.12,-11123.58,-22.25,5
1030,Entry long,2026-06-29 09:39,JJ_L,29710,3,178260,444.78,0.25,3.72,446.64,0.25,-205.86,-0.12,-11123.58,-22.25,5
1031,Exit short,2026-06-29 09:47,JJ_SX,29821,3,178623,-306.72,-0.17,3.72,134.64,0.08,-304.86,-0.17,-11430.3,-22.86,1
1031,Entry short,2026-06-29 09:46,JJ_S,29770.5,3,178623,-306.72,-0.17,3.72,134.64,0.08,-304.86,-0.17,-11430.3,-22.86,1
1032,Exit short,2026-06-29 09:51,JJ_SX,29817.5,3,178602,-306.72,-0.17,3.72,272.64,0.15,-304.86,-0.17,-11737.02,-23.47,2
1032,Entry short,2026-06-29 09:49,JJ_S,29767,3,178602,-306.72,-0.17,3.72,272.64,0.15,-304.86,-0.17,-11737.02,-23.47,2
1033,Exit short,2026-06-29 09:55,JJ_SX,29686,3,178564.5,444.78,0.25,3.72,446.64,0.25,-93.36,-0.05,-11292.24,-22.58,1
1033,Entry short,2026-06-29 09:54,JJ_S,29760.75,3,178564.5,444.78,0.25,3.72,446.64,0.25,-93.36,-0.05,-11292.24,-22.58,1
1034,Exit long,2026-06-30 09:31,JJ_LX,30124.25,6,361044,439.56,0.12,7.44,443.28,0.12,-72.72,-0.02,-10852.68,-21.71,1
1034,Entry long,2026-06-30 09:30,JJ_L,30087,6,361044,439.56,0.12,7.44,443.28,0.12,-72.72,-0.02,-10852.68,-21.71,1
1035,Exit long,2026-06-30 09:38,JJ_LX,30197.5,3,181488,-306.72,-0.17,3.72,94.14,0.05,-304.86,-0.17,-11159.4,-22.32,3
1035,Entry long,2026-06-30 09:35,JJ_L,30248,3,181488,-306.72,-0.17,3.72,94.14,0.05,-304.86,-0.17,-11159.4,-22.32,3
1036,Exit long,2026-06-30 09:44,JJ_LX,30173,3,181341,-306.72,-0.17,3.72,110.64,0.06,-304.86,-0.17,-11466.12,-22.93,3
1036,Entry long,2026-06-30 09:41,JJ_L,30223.5,3,181341,-306.72,-0.17,3.72,110.64,0.06,-304.86,-0.17,-11466.12,-22.93,3
1037,Exit long,2026-06-30 09:51,JJ_LX,30289.5,3,181288.5,444.78,0.25,3.72,446.64,0.25,-142.86,-0.08,-11021.34,-22.04,7
1037,Entry long,2026-06-30 09:44,JJ_L,30214.75,3,181288.5,444.78,0.25,3.72,446.64,0.25,-142.86,-0.08,-11021.34,-22.04,7
1038,Exit short,2026-06-30 10:03,JJ_SX,30366.75,3,181897.5,-306.72,-0.17,3.72,250.14,0.14,-304.86,-0.17,-11328.06,-22.66,3
1038,Entry short,2026-06-30 10:00,JJ_S,30316.25,3,181897.5,-306.72,-0.17,3.72,250.14,0.14,-304.86,-0.17,-11328.06,-22.66,3
1039,Exit short,2026-07-01 09:35,JJ_SX,30100.5,3,181051.5,444.78,0.25,3.72,446.64,0.25,-31.86,-0.02,-10883.28,-21.77,3
1039,Entry short,2026-07-01 09:32,JJ_S,30175.25,3,181051.5,444.78,0.25,3.72,446.64,0.25,-31.86,-0.02,-10883.28,-21.77,3
1040,Exit short,2026-07-01 10:08,JJ_SX,30313.75,3,181579.5,-306.72,-0.17,3.72,40.14,0.02,-304.86,-0.17,-11190,-22.38,4
1040,Entry short,2026-07-01 10:04,JJ_S,30263.25,3,181579.5,-306.72,-0.17,3.72,40.14,0.02,-304.86,-0.17,-11190,-22.38,4
1041,Exit short,2026-07-01 10:45,JJ_SX,30199.25,3,181644,444.78,0.24,3.72,446.64,0.25,-247.86,-0.14,-10745.22,-21.49,30
1041,Entry short,2026-07-01 10:15,JJ_S,30274,3,181644,444.78,0.24,3.72,446.64,0.25,-247.86,-0.14,-10745.22,-21.49,30
1042,Exit long,2026-07-01 10:59,JJ_LX,30144,3,181167,-306.72,-0.17,3.72,287.64,0.16,-304.86,-0.17,-11051.94,-22.10,10
1042,Entry long,2026-07-01 10:49,JJ_L,30194.5,3,181167,-306.72,-0.17,3.72,287.64,0.16,-304.86,-0.17,-11051.94,-22.10,10
1043,Exit long,2026-07-01 11:04,JJ_LX,30268,3,181159.5,444.78,0.25,3.72,446.64,0.25,-45.36,-0.03,-10607.16,-21.21,5
1043,Entry long,2026-07-01 10:59,JJ_L,30193.25,3,181159.5,444.78,0.25,3.72,446.64,0.25,-45.36,-0.03,-10607.16,-21.21,5
1044,Exit long,2026-07-02 09:38,JJ_LX,30053,3,180621,-306.72,-0.17,3.72,344.64,0.19,-304.86,-0.17,-10913.88,-21.83,5
1044,Entry long,2026-07-02 09:33,JJ_L,30103.5,3,180621,-306.72,-0.17,3.72,344.64,0.19,-304.86,-0.17,-10913.88,-21.83,5
1045,Exit long,2026-07-02 09:50,JJ_LX,30205.75,3,180786,444.78,0.25,3.72,446.64,0.25,-183.36,-0.10,-10469.1,-20.94,9
1045,Entry long,2026-07-02 09:41,JJ_L,30131,3,180786,444.78,0.25,3.72,446.64,0.25,-183.36,-0.10,-10469.1,-20.94,9
1046,Exit short,2026-07-02 10:00,JJ_SX,30267.25,3,181300.5,-306.72,-0.17,3.72,148.14,0.08,-304.86,-0.17,-10775.82,-21.55,7
1046,Entry short,2026-07-02 09:53,JJ_S,30216.75,3,181300.5,-306.72,-0.17,3.72,148.14,0.08,-304.86,-0.17,-10775.82,-21.55,7
1047,Exit short,2026-07-02 10:10,JJ_SX,30147.75,3,181335,444.78,0.25,3.72,446.64,0.25,-189.36,-0.10,-10331.04,-20.66,4
1047,Entry short,2026-07-02 10:06,JJ_S,30222.5,3,181335,444.78,0.25,3.72,446.64,0.25,-189.36,-0.10,-10331.04,-20.66,4
1048,Exit short,2026-07-02 10:17,JJ_SX,30141,3,181294.5,444.78,0.25,3.72,446.64,0.25,-63.36,-0.03,-9886.26,-19.77,3
1048,Entry short,2026-07-02 10:14,JJ_S,30215.75,3,181294.5,444.78,0.25,3.72,446.64,0.25,-63.36,-0.03,-9886.26,-19.77,3
1049,Exit short,2026-07-03 09:42,JJ_SX,29935,6,358914,-313.44,-0.09,7.44,71.28,0.02,-309.72,-0.09,-10199.7,-20.40,4
1049,Entry short,2026-07-03 09:38,JJ_S,29909.5,6,358914,-313.44,-0.09,7.44,71.28,0.02,-309.72,-0.09,-10199.7,-20.40,4
1050,Exit long,2026-07-03 11:30,JJ_LX,29888.5,6,358968,-313.44,-0.09,7.44,185.28,0.05,-309.72,-0.09,-10513.14,-21.03,74
1050,Entry long,2026-07-03 10:16,JJ_L,29914,6,358968,-313.44,-0.09,7.44,185.28,0.05,-309.72,-0.09,-10513.14,-21.03,74
1051,Exit long,2026-07-06 09:36,JJ_LX,29858.25,3,179452.5,-306.72,-0.17,3.72,169.14,0.09,-304.86,-0.17,-10819.86,-21.64,4
1051,Entry long,2026-07-06 09:32,JJ_L,29908.75,3,179452.5,-306.72,-0.17,3.72,169.14,0.09,-304.86,-0.17,-10819.86,-21.64,4
1052,Exit long,2026-07-06 09:42,JJ_LX,29846.75,3,179383.5,-306.72,-0.17,3.72,163.14,0.09,-304.86,-0.17,-11126.58,-22.25,3
1052,Entry long,2026-07-06 09:39,JJ_L,29897.25,3,179383.5,-306.72,-0.17,3.72,163.14,0.09,-304.86,-0.17,-11126.58,-22.25,3
1053,Exit long,2026-07-06 09:51,JJ_LX,29996.25,3,179529,444.78,0.25,3.72,446.64,0.25,-156.36,-0.09,-10681.8,-21.36,7
1053,Entry long,2026-07-06 09:44,JJ_L,29921.5,3,179529,444.78,0.25,3.72,446.64,0.25,-156.36,-0.09,-10681.8,-21.36,7
1054,Exit short,2026-07-07 09:51,JJ_SX,29487.25,3,177372,444.78,0.25,3.72,446.64,0.25,-268.86,-0.15,-10237.02,-20.47,18
1054,Entry short,2026-07-07 09:33,JJ_S,29562,3,177372,444.78,0.25,3.72,446.64,0.25,-268.86,-0.15,-10237.02,-20.47,18
1055,Exit long,2026-07-07 10:41,JJ_LX,29229.25,3,175678.5,-306.72,-0.17,3.72,14.64,0.01,-304.86,-0.17,-10543.74,-21.09,5
1055,Entry long,2026-07-07 10:36,JJ_L,29279.75,3,175678.5,-306.72,-0.17,3.72,14.64,0.01,-304.86,-0.17,-10543.74,-21.09,5
1056,Exit long,2026-07-07 11:12,JJ_LX,29347.75,3,175638,444.78,0.25,3.72,446.64,0.25,-115.86,-0.07,-10098.96,-20.20,26
1056,Entry long,2026-07-07 10:46,JJ_L,29273,3,175638,444.78,0.25,3.72,446.64,0.25,-115.86,-0.07,-10098.96,-20.20,26
1057,Exit long,2026-07-08 09:40,JJ_LX,29370.25,3,175773,444.78,0.25,3.72,446.64,0.25,-250.86,-0.14,-9654.18,-19.31,9
1057,Entry long,2026-07-08 09:31,JJ_L,29295.5,3,175773,444.78,0.25,3.72,446.64,0.25,-250.86,-0.14,-9654.18,-19.31,9
1058,Exit long,2026-07-08 09:49,JJ_LX,29323,3,176241,-306.72,-0.17,3.72,151.14,0.09,-304.86,-0.17,-9960.9,-19.92,9
1058,Entry long,2026-07-08 09:40,JJ_L,29373.5,3,176241,-306.72,-0.17,3.72,151.14,0.09,-304.86,-0.17,-9960.9,-19.92,9
1059,Exit short,2026-07-08 09:51,JJ_SX,29353.25,3,175816.5,-306.72,-0.17,3.72,88.14,0.05,-304.86,-0.17,-10267.62,-20.54,2
1059,Entry short,2026-07-08 09:49,JJ_S,29302.75,3,175816.5,-306.72,-0.17,3.72,88.14,0.05,-304.86,-0.17,-10267.62,-20.54,2
1060,Exit short,2026-07-08 09:58,JJ_SX,29372.25,3,175930.5,-306.72,-0.17,3.72,176.64,0.10,-304.86,-0.17,-10574.34,-21.15,4
1060,Entry short,2026-07-08 09:54,JJ_S,29321.75,3,175930.5,-306.72,-0.17,3.72,176.64,0.10,-304.86,-0.17,-10574.34,-21.15,4
1061,Exit short,2026-07-08 10:10,JJ_SX,29290.5,3,176191.5,444.78,0.25,3.72,446.64,0.25,-148.86,-0.08,-10129.56,-20.26,11
1061,Entry short,2026-07-08 09:59,JJ_S,29365.25,3,176191.5,444.78,0.25,3.72,446.64,0.25,-148.86,-0.08,-10129.56,-20.26,11
1062,Exit long,2026-07-09 09:38,JJ_LX,29853.5,3,178672.5,444.78,0.25,3.72,446.64,0.25,-66.36,-0.04,-9684.78,-19.37,4
1062,Entry long,2026-07-09 09:34,JJ_L,29778.75,3,178672.5,444.78,0.25,3.72,446.64,0.25,-66.36,-0.04,-9684.78,-19.37,4
1063,Exit long,2026-07-09 09:53,JJ_LX,29910.75,3,179016,444.78,0.25,3.72,446.64,0.25,-166.86,-0.09,-9240,-18.48,12
1063,Entry long,2026-07-09 09:41,JJ_L,29836,3,179016,444.78,0.25,3.72,446.64,0.25,-166.86,-0.09,-9240,-18.48,12
1064,Exit short,2026-07-09 10:10,JJ_SX,29825.25,3,179400,444.78,0.25,3.72,446.64,0.25,-90.36,-0.05,-8795.22,-17.59,5
1064,Entry short,2026-07-09 10:05,JJ_S,29900,3,179400,444.78,0.25,3.72,446.64,0.25,-90.36,-0.05,-8795.22,-17.59,5
1065,Exit short,2026-07-09 10:15,JJ_SX,29746.5,3,178927.5,444.78,0.25,3.72,446.64,0.25,-81.36,-0.05,-8350.44,-16.70,5
1065,Entry short,2026-07-09 10:10,JJ_S,29821.25,3,178927.5,444.78,0.25,3.72,446.64,0.25,-81.36,-0.05,-8350.44,-16.70,5
1066,Exit long,2026-07-09 10:20,JJ_LX,29667,3,178305,-306.72,-0.17,3.72,50.64,0.03,-304.86,-0.17,-8657.16,-17.31,2
1066,Entry long,2026-07-09 10:18,JJ_L,29717.5,3,178305,-306.72,-0.17,3.72,50.64,0.03,-304.86,-0.17,-8657.16,-17.31,2
1067,Exit long,2026-07-10 09:32,JJ_LX,29913,6,358509,439.56,0.12,7.44,443.28,0.12,-261.72,-0.07,-8217.6,-16.44,2
1067,Entry long,2026-07-10 09:30,JJ_L,29875.75,6,358509,439.56,0.12,7.44,443.28,0.12,-261.72,-0.07,-8217.6,-16.44,2
1068,Exit long,2026-07-10 09:39,JJ_LX,29862.75,3,179479.5,-306.72,-0.17,3.72,140.64,0.08,-304.86,-0.17,-8524.32,-17.05,7
1068,Entry long,2026-07-10 09:32,JJ_L,29913.25,3,179479.5,-306.72,-0.17,3.72,140.64,0.08,-304.86,-0.17,-8524.32,-17.05,7
1069,Exit short,2026-07-10 09:42,JJ_SX,29856,3,178833,-306.72,-0.17,3.72,40.14,0.02,-304.86,-0.17,-8831.04,-17.66,2
1069,Entry short,2026-07-10 09:40,JJ_S,29805.5,3,178833,-306.72,-0.17,3.72,40.14,0.02,-304.86,-0.17,-8831.04,-17.66,2
1070,Exit short,2026-07-10 10:21,JJ_SX,29862.5,3,179623.5,444.78,0.25,3.72,446.64,0.25,-178.86,-0.10,-8386.26,-16.77,27
1070,Entry short,2026-07-10 09:54,JJ_S,29937.25,3,179623.5,444.78,0.25,3.72,446.64,0.25,-178.86,-0.10,-8386.26,-16.77,27
1071,Exit short,2026-07-10 10:32,JJ_SX,29957.5,3,179442,-306.72,-0.17,3.72,35.64,0.02,-304.86,-0.17,-8692.98,-17.39,3
1071,Entry short,2026-07-10 10:29,JJ_S,29907,3,179442,-306.72,-0.17,3.72,35.64,0.02,-304.86,-0.17,-8692.98,-17.39,3
1072,Exit short,2026-07-13 09:40,JJ_SX,29596.75,3,178029,444.78,0.25,3.72,446.64,0.25,-36.36,-0.02,-8248.2,-16.50,7
1072,Entry short,2026-07-13 09:33,JJ_S,29671.5,3,178029,444.78,0.25,3.72,446.64,0.25,-36.36,-0.02,-8248.2,-16.50,7
1073,Exit long,2026-07-13 10:01,JJ_LX,29661,3,177517.5,444.78,0.25,3.72,446.64,0.25,-10.86,-0.01,-7803.42,-15.61,4
1073,Entry long,2026-07-13 09:57,JJ_L,29586.25,3,177517.5,444.78,0.25,3.72,446.64,0.25,-10.86,-0.01,-7803.42,-15.61,4
1074,Exit long,2026-07-13 10:05,JJ_LX,29569,3,177717,-306.72,-0.17,3.72,13.14,0.01,-304.86,-0.17,-8110.14,-16.22,2
1074,Entry long,2026-07-13 10:03,JJ_L,29619.5,3,177717,-306.72,-0.17,3.72,13.14,0.01,-304.86,-0.17,-8110.14,-16.22,2
1075,Exit long,2026-07-13 10:16,JJ_LX,29570,3,177723,-306.72,-0.17,3.72,232.14,0.13,-304.86,-0.17,-8416.86,-16.83,7
1075,Entry long,2026-07-13 10:09,JJ_L,29620.5,3,177723,-306.72,-0.17,3.72,232.14,0.13,-304.86,-0.17,-8416.86,-16.83,7
1076,Exit long,2026-07-13 10:45,JJ_LX,29615.5,3,177996,-306.72,-0.17,3.72,346.14,0.19,-304.86,-0.17,-8723.58,-17.45,21
1076,Entry long,2026-07-13 10:24,JJ_L,29666,3,177996,-306.72,-0.17,3.72,346.14,0.19,-304.86,-0.17,-8723.58,-17.45,21
1077,Exit short,2026-07-14 09:38,JJ_SX,29785.25,3,178408.5,-306.72,-0.17,3.72,296.64,0.17,-304.86,-0.17,-9030.3,-18.06,6
1077,Entry short,2026-07-14 09:32,JJ_S,29734.75,3,178408.5,-306.72,-0.17,3.72,296.64,0.17,-304.86,-0.17,-9030.3,-18.06,6
1078,Exit short,2026-07-14 10:03,JJ_SX,29695.25,3,178620,444.78,0.25,3.72,446.64,0.25,-223.86,-0.13,-8585.52,-17.17,24
1078,Entry short,2026-07-14 09:39,JJ_S,29770,3,178620,444.78,0.25,3.72,446.64,0.25,-223.86,-0.13,-8585.52,-17.17,24
1079,Exit long,2026-07-14 10:33,JJ_LX,29744.25,3,178017,444.78,0.25,3.72,446.64,0.25,-189.36,-0.11,-8140.74,-16.28,12
1079,Entry long,2026-07-14 10:21,JJ_L,29669.5,3,178017,444.78,0.25,3.72,446.64,0.25,-189.36,-0.11,-8140.74,-16.28,12
1080,Exit long,2026-07-14 10:43,JJ_LX,29735,3,178713,-306.72,-0.17,3.72,95.64,0.05,-304.86,-0.17,-8447.46,-16.89,5
1080,Entry long,2026-07-14 10:38,JJ_L,29785.5,3,178713,-306.72,-0.17,3.72,95.64,0.05,-304.86,-0.17,-8447.46,-16.89,5
1081,Exit long,2026-07-14 10:50,JJ_LX,29662,3,178275,-306.72,-0.17,3.72,0,0.00,-304.86,-0.17,-8754.18,-17.51,2
1081,Entry long,2026-07-14 10:48,JJ_L,29712.5,3,178275,-306.72,-0.17,3.72,0,0.00,-304.86,-0.17,-8754.18,-17.51,2
1082,Exit short,2026-07-15 09:40,JJ_SX,29841.75,3,179499,444.78,0.25,3.72,446.64,0.25,-165.36,-0.09,-8309.4,-16.62,5
1082,Entry short,2026-07-15 09:35,JJ_S,29916.5,3,179499,444.78,0.25,3.72,446.64,0.25,-165.36,-0.09,-8309.4,-16.62,5
1083,Exit short,2026-07-15 09:51,JJ_SX,29757.75,3,178995,444.78,0.25,3.72,446.64,0.25,-91.86,-0.05,-7864.62,-15.73,7
1083,Entry short,2026-07-15 09:44,JJ_S,29832.5,3,178995,444.78,0.25,3.72,446.64,0.25,-91.86,-0.05,-7864.62,-15.73,7
1084,Exit long,2026-07-15 10:02,JJ_LX,29866,3,178747.5,444.78,0.25,3.72,446.64,0.25,-184.86,-0.10,-7419.84,-14.84,10
1084,Entry long,2026-07-15 09:52,JJ_L,29791.25,3,178747.5,444.78,0.25,3.72,446.64,0.25,-184.86,-0.10,-7419.84,-14.84,10
1085,Exit long,2026-07-15 10:11,JJ_LX,29836.75,3,179323.5,-306.72,-0.17,3.72,28.14,0.02,-304.86,-0.17,-7726.56,-15.45,5
1085,Entry long,2026-07-15 10:06,JJ_L,29887.25,3,179323.5,-306.72,-0.17,3.72,28.14,0.02,-304.86,-0.17,-7726.56,-15.45,5
1086,Exit long,2026-07-15 10:36,JJ_LX,29640.25,3,178144.5,-306.72,-0.17,3.72,272.64,0.15,-304.86,-0.17,-8033.28,-16.07,9
1086,Entry long,2026-07-15 10:27,JJ_L,29690.75,3,178144.5,-306.72,-0.17,3.72,272.64,0.15,-304.86,-0.17,-8033.28,-16.07,9
1087,Exit short,2026-07-16 09:41,JJ_SX,29359,3,176602.5,444.78,0.25,3.72,446.64,0.25,-235.86,-0.13,-7588.5,-15.18,7
1087,Entry short,2026-07-16 09:34,JJ_S,29433.75,3,176602.5,444.78,0.25,3.72,446.64,0.25,-235.86,-0.13,-7588.5,-15.18,7
1088,Exit short,2026-07-16 09:48,JJ_SX,29275.25,3,176100,444.78,0.25,3.72,446.64,0.25,-135.36,-0.08,-7143.72,-14.29,7
1088,Entry short,2026-07-16 09:41,JJ_S,29350,3,176100,444.78,0.25,3.72,446.64,0.25,-135.36,-0.08,-7143.72,-14.29,7
1089,Exit long,2026-07-16 10:02,JJ_LX,29413,3,176029.5,444.78,0.25,3.72,446.64,0.25,-255.36,-0.15,-6698.94,-13.40,6
1089,Entry long,2026-07-16 09:56,JJ_L,29338.25,3,176029.5,444.78,0.25,3.72,446.64,0.25,-255.36,-0.15,-6698.94,-13.40,6
1090,Exit long,2026-07-16 10:16,JJ_LX,29499.75,3,176550,444.78,0.25,3.72,446.64,0.25,-16.86,-0.01,-6254.16,-12.51,11
1090,Entry long,2026-07-16 10:05,JJ_L,29425,3,176550,444.78,0.25,3.72,446.64,0.25,-16.86,-0.01,-6254.16,-12.51,11
1091,Exit long,2026-07-16 11:13,JJ_LX,29343,3,176361,-306.72,-0.17,3.72,391.14,0.22,-304.86,-0.17,-6560.88,-13.12,17
1091,Entry long,2026-07-16 10:56,JJ_L,29393.5,3,176361,-306.72,-0.17,3.72,391.14,0.22,-304.86,-0.17,-6560.88,-13.12,17
1092,Exit long,2026-07-17 09:32,JJ_LX,28631.5,3,172092,-306.72,-0.18,3.72,19.14,0.01,-304.86,-0.18,-6867.6,-13.74,1
1092,Entry long,2026-07-17 09:31,JJ_L,28682,3,172092,-306.72,-0.18,3.72,19.14,0.01,-304.86,-0.18,-6867.6,-13.74,1
1093,Exit short,2026-07-17 09:37,JJ_SX,28501.5,3,171457.5,444.78,0.26,3.72,446.64,0.26,-13.86,-0.01,-6422.82,-12.85,4
1093,Entry short,2026-07-17 09:33,JJ_S,28576.25,3,171457.5,444.78,0.26,3.72,446.64,0.26,-13.86,-0.01,-6422.82,-12.85,4
1094,Exit short,2026-07-17 09:50,JJ_SX,28529.75,3,170875.5,-306.72,-0.18,3.72,424.14,0.25,-304.86,-0.18,-6729.54,-13.46,12
1094,Entry short,2026-07-17 09:38,JJ_S,28479.25,3,170875.5,-306.72,-0.18,3.72,424.14,0.25,-304.86,-0.18,-6729.54,-13.46,12
1095,Exit short,2026-07-17 10:03,JJ_SX,28772.5,3,172332,-306.72,-0.18,3.72,26.64,0.02,-304.86,-0.18,-7036.26,-14.07,2
1095,Entry short,2026-07-17 10:01,JJ_S,28722,3,172332,-306.72,-0.18,3.72,26.64,0.02,-304.86,-0.18,-7036.26,-14.07,2
1096,Exit short,2026-07-17 10:05,JJ_SX,28768,3,172305,-306.72,-0.18,3.72,0,0.00,-304.86,-0.18,-7342.98,-14.69,1
1096,Entry short,2026-07-17 10:04,JJ_S,28717.5,3,172305,-306.72,-0.18,3.72,0,0.00,-304.86,-0.18,-7342.98,-14.69,1
1097,Exit long,2026-07-20 09:35,JJ_LX,29146.5,6,349311,439.56,0.13,7.44,443.28,0.13,-132.72,-0.04,-6903.42,-13.81,3
1097,Entry long,2026-07-20 09:32,JJ_L,29109.25,6,349311,439.56,0.13,7.44,443.28,0.13,-132.72,-0.04,-6903.42,-13.81,3
1098,Exit long,2026-07-20 09:50,JJ_LX,29098.25,3,174892.5,-306.72,-0.18,3.72,260.64,0.15,-304.86,-0.17,-7210.14,-14.42,14
1098,Entry long,2026-07-20 09:36,JJ_L,29148.75,3,174892.5,-306.72,-0.18,3.72,260.64,0.15,-304.86,-0.17,-7210.14,-14.42,14
1099,Exit short,2026-07-20 09:57,JJ_SX,28998.75,3,174441,444.78,0.25,3.72,446.64,0.26,-55.86,-0.03,-6765.36,-13.53,6
1099,Entry short,2026-07-20 09:51,JJ_S,29073.5,3,174441,444.78,0.25,3.72,446.64,0.26,-55.86,-0.03,-6765.36,-13.53,6
1100,Exit long,2026-07-20 10:10,JJ_LX,28965,3,174093,-306.72,-0.18,3.72,196.14,0.11,-304.86,-0.18,-7072.08,-14.14,8
1100,Entry long,2026-07-20 10:02,JJ_L,29015.5,3,174093,-306.72,-0.18,3.72,196.14,0.11,-304.86,-0.18,-7072.08,-14.14,8
1101,Exit long,2026-07-20 10:21,JJ_LX,28917,3,173805,-306.72,-0.18,3.72,226.14,0.13,-304.86,-0.18,-7378.8,-14.76,8
1101,Entry long,2026-07-20 10:13,JJ_L,28967.5,3,173805,-306.72,-0.18,3.72,226.14,0.13,-304.86,-0.18,-7378.8,-14.76,8
1102,Exit short,2026-07-21 09:33,JJ_SX,29147.75,6,350220,439.56,0.13,7.44,443.28,0.13,-174.72,-0.05,-6939.24,-13.88,3
1102,Entry short,2026-07-21 09:30,JJ_S,29185,6,350220,439.56,0.13,7.44,443.28,0.13,-174.72,-0.05,-6939.24,-13.88,3
1103,Exit short,2026-07-21 09:35,JJ_SX,29165.25,6,349677,-313.44,-0.09,7.44,77.28,0.02,-309.72,-0.09,-7252.68,-14.51,2
1103,Entry short,2026-07-21 09:33,JJ_S,29139.75,6,349677,-313.44,-0.09,7.44,77.28,0.02,-309.72,-0.09,-7252.68,-14.51,2
1104,Exit long,2026-07-21 09:57,JJ_LX,29092.75,3,174859.5,-306.72,-0.18,3.72,209.64,0.12,-304.86,-0.17,-7559.4,-15.12,8
1104,Entry long,2026-07-21 09:49,JJ_L,29143.25,3,174859.5,-306.72,-0.18,3.72,209.64,0.12,-304.86,-0.17,-7559.4,-15.12,8
1105,Exit long,2026-07-21 10:00,JJ_LX,29188.75,3,174684,444.78,0.25,3.72,446.64,0.26,-88.86,-0.05,-7114.62,-14.23,3
1105,Entry long,2026-07-21 09:57,JJ_L,29114,3,174684,444.78,0.25,3.72,446.64,0.26,-88.86,-0.05,-7114.62,-14.23,3
1106,Exit long,2026-07-21 10:08,JJ_LX,29084,3,174807,-306.72,-0.18,3.72,1.14,0.00,-304.86,-0.17,-7421.34,-14.84,2
1106,Entry long,2026-07-21 10:06,JJ_L,29134.5,3,174807,-306.72,-0.18,3.72,1.14,0.00,-304.86,-0.17,-7421.34,-14.84,2
1107,Exit long,2026-07-22 09:33,JJ_LX,29160,6,349473,439.56,0.13,7.44,443.28,0.13,-258.72,-0.07,-6981.78,-13.96,3
1107,Entry long,2026-07-22 09:30,JJ_L,29122.75,6,349473,439.56,0.13,7.44,443.28,0.13,-258.72,-0.07,-6981.78,-13.96,3
1108,Exit long,2026-07-22 09:38,JJ_LX,29135,6,349926,-313.44,-0.09,7.44,0,0.00,-309.72,-0.09,-7295.22,-14.59,1
1108,Entry long,2026-07-22 09:37,JJ_L,29160.5,6,349926,-313.44,-0.09,7.44,0,0.00,-309.72,-0.09,-7295.22,-14.59,1
1109,Exit short,2026-07-22 09:53,JJ_SX,29225.75,3,175051.5,-306.72,-0.18,3.72,137.64,0.08,-304.86,-0.17,-7601.94,-15.20,6
1109,Entry short,2026-07-22 09:47,JJ_S,29175.25,3,175051.5,-306.72,-0.18,3.72,137.64,0.08,-304.86,-0.17,-7601.94,-15.20,6
1110,Exit short,2026-07-22 10:41,JJ_SX,29188.5,3,175579.5,444.78,0.25,3.72,446.64,0.25,-85.86,-0.05,-7157.16,-14.31,40
1110,Entry short,2026-07-22 10:01,JJ_S,29263.25,3,175579.5,444.78,0.25,3.72,446.64,0.25,-85.86,-0.05,-7157.16,-14.31,40
1111,Exit short,2026-07-22 10:58,JJ_SX,29239.25,3,175132.5,-306.72,-0.18,3.72,95.64,0.05,-304.86,-0.17,-7463.88,-14.93,17
1111,Entry short,2026-07-22 10:41,JJ_S,29188.75,3,175132.5,-306.72,-0.18,3.72,95.64,0.05,-304.86,-0.17,-7463.88,-14.93,17
1112,Exit long,2026-07-23 09:37,JJ_LX,28794.5,3,172318.5,444.78,0.26,3.72,446.64,0.26,-160.86,-0.09,-7019.1,-14.04,6
1112,Entry long,2026-07-23 09:31,JJ_L,28719.75,3,172318.5,444.78,0.26,3.72,446.64,0.26,-160.86,-0.09,-7019.1,-14.04,6
1113,Exit long,2026-07-23 09:49,JJ_LX,28778.5,3,172974,-306.72,-0.18,3.72,326.64,0.19,-304.86,-0.18,-7325.82,-14.65,8
1113,Entry long,2026-07-23 09:41,JJ_L,28829,3,172974,-306.72,-0.18,3.72,326.64,0.19,-304.86,-0.18,-7325.82,-14.65,8
1114,Exit short,2026-07-23 09:58,JJ_SX,28721.75,3,172779,444.78,0.26,3.72,446.64,0.26,-27.36,-0.02,-6881.04,-13.76,3
1114,Entry short,2026-07-23 09:55,JJ_S,28796.5,3,172779,444.78,0.26,3.72,446.64,0.26,-27.36,-0.02,-6881.04,-13.76,3
1115,Exit short,2026-07-23 10:09,JJ_SX,28700.75,3,172653,444.78,0.26,3.72,446.64,0.26,-144.36,-0.08,-6436.26,-12.87,3
1115,Entry short,2026-07-23 10:06,JJ_S,28775.5,3,172653,444.78,0.26,3.72,446.64,0.26,-144.36,-0.08,-6436.26,-12.87,3
1116,Exit long,2026-07-23 11:05,JJ_LX,28556.5,3,171642,-306.72,-0.18,3.72,68.64,0.04,-304.86,-0.18,-6742.98,-13.49,9
1116,Entry long,2026-07-23 10:56,JJ_L,28607,3,171642,-306.72,-0.18,3.72,68.64,0.04,-304.86,-0.18,-6742.98,-13.49,9
1117,Exit long,2026-07-24 09:39,JJ_LX,28510,3,171363,-306.72,-0.18,3.72,368.64,0.22,-304.86,-0.18,-7049.7,-14.10,7
1117,Entry long,2026-07-24 09:32,JJ_L,28560.5,3,171363,-306.72,-0.18,3.72,368.64,0.22,-304.86,-0.18,-7049.7,-14.10,7
1118,Exit short,2026-07-24 09:50,JJ_SX,28417.25,3,170952,444.78,0.26,3.72,446.64,0.26,-111.36,-0.07,-6604.92,-13.21,10
1118,Entry short,2026-07-24 09:40,JJ_S,28492,3,170952,444.78,0.26,3.72,446.64,0.26,-111.36,-0.07,-6604.92,-13.21,10
1119,Exit long,2026-07-24 10:14,JJ_LX,28448.5,3,170242.5,444.78,0.26,3.72,446.64,0.26,-276.36,-0.16,-6160.14,-12.32,14
1119,Entry long,2026-07-24 10:00,JJ_L,28373.75,3,170242.5,444.78,0.26,3.72,446.64,0.26,-276.36,-0.16,-6160.14,-12.32,14
1120,Exit long,2026-07-24 10:23,JJ_LX,28408,3,169999.5,444.78,0.26,3.72,446.64,0.26,-165.36,-0.10,-5715.36,-11.43,4
1120,Entry long,2026-07-24 10:19,JJ_L,28333.25,3,169999.5,444.78,0.26,3.72,446.64,0.26,-165.36,-0.10,-5715.36,-11.43,4
1121,Exit long,2026-07-24 10:25,JJ_LX,28369.5,3,170520,-306.72,-0.18,3.72,11.64,0.01,-304.86,-0.18,-6022.08,-12.04,2
1121,Entry long,2026-07-24 10:23,JJ_L,28420,3,170520,-306.72,-0.18,3.72,11.64,0.01,-304.86,-0.18,-6022.08,-12.04,2
1122,Exit short,2026-07-27 09:35,JJ_SX,28571.75,3,171127.5,-306.72,-0.18,3.72,205.14,0.12,-304.86,-0.18,-6328.8,-12.66,3
1122,Entry short,2026-07-27 09:32,JJ_S,28521.25,3,171127.5,-306.72,-0.18,3.72,205.14,0.12,-304.86,-0.18,-6328.8,-12.66,3
1123,Exit long,2026-07-27 09:38,JJ_LX,28553.25,3,171622.5,-306.72,-0.18,3.72,59.64,0.03,-304.86,-0.18,-6635.52,-13.27,3
1123,Entry long,2026-07-27 09:35,JJ_L,28603.75,3,171622.5,-306.72,-0.18,3.72,59.64,0.03,-304.86,-0.18,-6635.52,-13.27,3
1124,Exit short,2026-07-27 09:42,JJ_SX,28472.25,3,171282,444.78,0.26,3.72,446.64,0.26,-69.36,-0.04,-6190.74,-12.38,4
1124,Entry short,2026-07-27 09:38,JJ_S,28547,3,171282,444.78,0.26,3.72,446.64,0.26,-69.36,-0.04,-6190.74,-12.38,4
1125,Exit short,2026-07-27 09:57,JJ_SX,28384,3,170752.5,444.78,0.26,3.72,446.64,0.26,-271.86,-0.16,-5745.96,-11.49,15
1125,Entry short,2026-07-27 09:42,JJ_S,28458.75,3,170752.5,444.78,0.26,3.72,446.64,0.26,-271.86,-0.16,-5745.96,-11.49,15
1126,Exit long,2026-07-27 10:01,JJ_LX,28318.25,3,170212.5,-306.72,-0.18,3.72,20.64,0.01,-304.86,-0.18,-6052.68,-12.11,1
1126,Entry long,2026-07-27 10:00,JJ_L,28368.75,3,170212.5,-306.72,-0.18,3.72,20.64,0.01,-304.86,-0.18,-6052.68,-12.11,1
1127,Exit short,2026-07-28 09:39,JJ_SX,27801.75,3,167259,444.78,0.27,3.72,446.64,0.27,-300.36,-0.18,-5607.9,-11.22,5
1127,Entry short,2026-07-28 09:34,JJ_S,27876.5,3,167259,444.78,0.27,3.72,446.64,0.27,-300.36,-0.18,-5607.9,-11.22,5
1128,Exit short,2026-07-28 09:45,JJ_SX,27716.5,3,166747.5,444.78,0.27,3.72,446.64,0.27,-300.36,-0.18,-5163.12,-10.33,6
1128,Entry short,2026-07-28 09:39,JJ_S,27791.25,3,166747.5,444.78,0.27,3.72,446.64,0.27,-300.36,-0.18,-5163.12,-10.33,6
1129,Exit long,2026-07-28 09:55,JJ_LX,27677,3,166365,-306.72,-0.18,3.72,419.64,0.25,-304.86,-0.18,-5469.84,-10.94,7
1129,Entry long,2026-07-28 09:48,JJ_L,27727.5,3,166365,-306.72,-0.18,3.72,419.64,0.25,-304.86,-0.18,-5469.84,-10.94,7
1130,Exit long,2026-07-28 09:59,JJ_LX,27658.25,3,166252.5,-306.72,-0.18,3.72,83.64,0.05,-304.86,-0.18,-5776.56,-11.55,3
1130,Entry long,2026-07-28 09:56,JJ_L,27708.75,3,166252.5,-306.72,-0.18,3.72,83.64,0.05,-304.86,-0.18,-5776.56,-11.55,3
1131,Exit long,2026-07-28 10:08,JJ_LX,27675.5,3,166356,-306.72,-0.18,3.72,400.14,0.24,-304.86,-0.18,-6083.28,-12.17,8
1131,Entry long,2026-07-28 10:00,JJ_L,27726,3,166356,-306.72,-0.18,3.72,400.14,0.24,-304.86,-0.18,-6083.28,-12.17,8
1132,Exit short,2026-07-29 09:33,JJ_SX,27920,3,167217,-306.72,-0.18,3.72,196.14,0.12,-304.86,-0.18,-6390,-12.78,3
1132,Entry short,2026-07-29 09:30,JJ_S,27869.5,3,167217,-306.72,-0.18,3.72,196.14,0.12,-304.86,-0.18,-6390,-12.78,3
1133,Exit long,2026-07-29 09:37,JJ_LX,27910.75,3,167767.5,-306.72,-0.18,3.72,212.64,0.13,-304.86,-0.18,-6696.72,-13.39,4
1133,Entry long,2026-07-29 09:33,JJ_L,27961.25,3,167767.5,-306.72,-0.18,3.72,212.64,0.13,-304.86,-0.18,-6696.72,-13.39,4
1134,Exit short,2026-07-29 09:45,JJ_SX,27926.5,3,167256,-306.72,-0.18,3.72,103.14,0.06,-304.86,-0.18,-7003.44,-14.01,7
1134,Entry short,2026-07-29 09:38,JJ_S,27876,3,167256,-306.72,-0.18,3.72,103.14,0.06,-304.86,-0.18,-7003.44,-14.01,7
1135,Exit long,2026-07-29 09:55,JJ_LX,27721.25,3,166630.5,-306.72,-0.18,3.72,50.64,0.03,-304.86,-0.18,-7310.16,-14.62,2
1135,Entry long,2026-07-29 09:53,JJ_L,27771.75,3,166630.5,-306.72,-0.18,3.72,50.64,0.03,-304.86,-0.18,-7310.16,-14.62,2
1136,Exit long,2026-07-29 10:05,JJ_LX,27806,3,166387.5,444.78,0.27,3.72,446.64,0.27,-151.86,-0.09,-6865.38,-13.73,7
1136,Entry long,2026-07-29 09:58,JJ_L,27731.25,3,166387.5,444.78,0.27,3.72,446.64,0.27,-151.86,-0.09,-6865.38,-13.73,7
1137,Exit long,2026-07-30 09:45,JJ_LX,28009,3,167605.5,444.78,0.27,3.72,446.64,0.27,-31.86,-0.02,-6420.6,-12.84,3
1137,Entry long,2026-07-30 09:42,JJ_L,27934.25,3,167605.5,444.78,0.27,3.72,446.64,0.27,-31.86,-0.02,-6420.6,-12.84,3
1138,Exit short,2026-07-30 09:59,JJ_SX,28143.75,3,168559.5,-306.72,-0.18,3.72,254.64,0.15,-304.86,-0.18,-6727.32,-13.45,8
1138,Entry short,2026-07-30 09:51,JJ_S,28093.25,3,168559.5,-306.72,-0.18,3.72,254.64,0.15,-304.86,-0.18,-6727.32,-13.45,8
1139,Exit short,2026-07-30 10:08,JJ_SX,28085.25,3,168960,444.78,0.26,3.72,446.64,0.26,-37.86,-0.02,-6282.54,-12.57,4
1139,Entry short,2026-07-30 10:04,JJ_S,28160,3,168960,444.78,0.26,3.72,446.64,0.26,-37.86,-0.02,-6282.54,-12.57,4
1140,Exit short,2026-07-30 10:23,JJ_SX,28167.5,3,168702,-306.72,-0.18,3.72,220.14,0.13,-304.86,-0.18,-6589.26,-13.18,6
1140,Entry short,2026-07-30 10:17,JJ_S,28117,3,168702,-306.72,-0.18,3.72,220.14,0.13,-304.86,-0.18,-6589.26,-13.18,6
1141,Exit short,2026-07-30 10:48,JJ_SX,28132.5,3,169243.5,444.78,0.26,3.72,446.64,0.26,-222.36,-0.13,-6144.48,-12.29,13
1141,Entry short,2026-07-30 10:35,JJ_S,28207.25,3,169243.5,444.78,0.26,3.72,446.64,0.26,-222.36,-0.13,-6144.48,-12.29,13
1142,Exit long,2026-07-31 09:34,JJ_LX,28701.5,3,171760.5,444.78,0.26,3.72,446.64,0.26,-10.86,-0.01,-5699.7,-11.40,3
1142,Entry long,2026-07-31 09:31,JJ_L,28626.75,3,171760.5,444.78,0.26,3.72,446.64,0.26,-10.86,-0.01,-5699.7,-11.40,3
1143,Exit short,2026-07-31 09:42,JJ_SX,28487.25,3,171372,444.78,0.26,3.72,446.64,0.26,-162.36,-0.09,-5254.92,-10.51,3
1143,Entry short,2026-07-31 09:39,JJ_S,28562,3,171372,444.78,0.26,3.72,446.64,0.26,-162.36,-0.09,-5254.92,-10.51,3
1144,Exit short,2026-07-31 09:46,JJ_SX,28403.5,3,170869.5,444.78,0.26,3.72,446.64,0.26,-160.86,-0.09,-4810.14,-9.62,4
1144,Entry short,2026-07-31 09:42,JJ_S,28478.25,3,170869.5,444.78,0.26,3.72,446.64,0.26,-160.86,-0.09,-4810.14,-9.62,4
1145,Exit long,2026-07-31 09:52,JJ_LX,28342,3,170355,-306.72,-0.18,3.72,92.64,0.05,-304.86,-0.18,-5116.86,-10.23,1
1145,Entry long,2026-07-31 09:51,JJ_L,28392.5,3,170355,-306.72,-0.18,3.72,92.64,0.05,-304.86,-0.18,-5116.86,-10.23,1
1146,Exit long,2026-07-31 10:01,JJ_LX,28310.75,3,170167.5,-306.72,-0.18,3.72,326.64,0.19,-304.86,-0.18,-5423.58,-10.85,6
1146,Entry long,2026-07-31 09:55,JJ_L,28361.25,3,170167.5,-306.72,-0.18,3.72,326.64,0.19,-304.86,-0.18,-5423.58,-10.85,6