Trade number,Type,Date and time,Signal,Price USD,Size (qty),Size (value),Net PnL USD,Return %,Commission USD,Favorable excursion USD,Favorable excursion %,Adverse excursion USD,Adverse excursion %,Cumulative PnL USD,Cumulative PnL %,Duration (bars)
1,Exit short,2025-08-04 10:51,JJ_SX,23202.75,6,278880,439.56,0.16,7.44,443.28,0.16,-264.72,-0.09,439.56,0.88,48
1,Entry short,2025-08-04 10:03,JJ_S,23240,6,278880,439.56,0.16,7.44,443.28,0.16,-264.72,-0.09,439.56,0.88,48
2,Exit short,2025-08-04 11:36,JJ_SX,23227.5,6,278424,-313.44,-0.11,7.44,170.28,0.06,-309.72,-0.11,126.12,0.25,44
2,Entry short,2025-08-04 10:52,JJ_S,23202,6,278424,-313.44,-0.11,7.44,170.28,0.06,-309.72,-0.11,126.12,0.25,44
3,Exit short,2025-08-05 10:00,JJ_SX,23344,6,280575,439.56,0.16,7.44,443.28,0.16,-141.72,-0.05,565.68,1.13,11
3,Entry short,2025-08-05 09:49,JJ_S,23381.25,6,280575,439.56,0.16,7.44,443.28,0.16,-141.72,-0.05,565.68,1.13,11
4,Exit long,2025-08-05 10:17,JJ_LX,23296.25,6,279861,-313.44,-0.11,7.44,0,0.00,-309.72,-0.11,252.24,0.50,1
4,Entry long,2025-08-05 10:16,JJ_L,23321.75,6,279861,-313.44,-0.11,7.44,0,0.00,-309.72,-0.11,252.24,0.50,1
5,Exit long,2025-08-05 10:22,JJ_LX,23284.5,6,279720,-313.44,-0.11,7.44,0,0.00,-309.72,-0.11,-61.2,-0.12,3
5,Entry long,2025-08-05 10:19,JJ_L,23310,6,279720,-313.44,-0.11,7.44,0,0.00,-309.72,-0.11,-61.2,-0.12,3
6,Exit long,2025-08-05 10:34,JJ_LX,23251,6,279318,-313.44,-0.11,7.44,176.28,0.06,-309.72,-0.11,-374.64,-0.75,6
6,Entry long,2025-08-05 10:28,JJ_L,23276.5,6,279318,-313.44,-0.11,7.44,176.28,0.06,-309.72,-0.11,-374.64,-0.75,6
7,Exit long,2025-08-05 10:42,JJ_LX,23208.5,6,278808,-313.44,-0.11,7.44,164.28,0.06,-309.72,-0.11,-688.08,-1.38,3
7,Entry long,2025-08-05 10:39,JJ_L,23234,6,278808,-313.44,-0.11,7.44,164.28,0.06,-309.72,-0.11,-688.08,-1.38,3
8,Exit short,2025-08-06 10:04,JJ_SX,23268,3,139305,-306.72,-0.22,3.72,262.14,0.19,-304.86,-0.22,-994.8,-1.99,15
8,Entry short,2025-08-06 09:49,JJ_S,23217.5,3,139305,-306.72,-0.22,3.72,262.14,0.19,-304.86,-0.22,-994.8,-1.99,15
9,Exit short,2025-08-06 10:23,JJ_SX,23183.75,3,139551,444.78,0.32,3.72,446.64,0.32,-33.36,-0.02,-550.02,-1.10,13
9,Entry short,2025-08-06 10:10,JJ_S,23258.5,3,139551,444.78,0.32,3.72,446.64,0.32,-33.36,-0.02,-550.02,-1.10,13
10,Exit short,2025-08-06 10:34,JJ_SX,23206.5,6,278172,-313.44,-0.11,7.44,14.28,0.01,-309.72,-0.11,-863.46,-1.73,2
10,Entry short,2025-08-06 10:32,JJ_S,23181,6,278172,-313.44,-0.11,7.44,14.28,0.01,-309.72,-0.11,-863.46,-1.73,2
11,Exit short,2025-08-06 10:55,JJ_SX,23275.25,3,139348.5,-306.72,-0.22,3.72,0,0.00,-304.86,-0.22,-1170.18,-2.34,18
11,Entry short,2025-08-06 10:37,JJ_S,23224.75,3,139348.5,-306.72,-0.22,3.72,0,0.00,-304.86,-0.22,-1170.18,-2.34,18
12,Exit short,2025-08-07 09:55,JJ_SX,23635.5,6,283320,-313.44,-0.11,7.44,47.28,0.02,-309.72,-0.11,-1483.62,-2.97,4
12,Entry short,2025-08-07 09:51,JJ_S,23610,6,283320,-313.44,-0.11,7.44,47.28,0.02,-309.72,-0.11,-1483.62,-2.97,4
13,Exit short,2025-08-07 10:10,JJ_SX,23594.75,6,283584,439.56,0.15,7.44,443.28,0.16,-288.72,-0.10,-1044.06,-2.09,9
13,Entry short,2025-08-07 10:01,JJ_S,23632,6,283584,439.56,0.15,7.44,443.28,0.16,-288.72,-0.10,-1044.06,-2.09,9
14,Exit long,2025-08-07 10:55,JJ_LX,23524.75,3,141451.5,-306.72,-0.22,3.72,109.14,0.08,-304.86,-0.22,-1350.78,-2.70,26
14,Entry long,2025-08-07 10:29,JJ_L,23575.25,3,141451.5,-306.72,-0.22,3.72,109.14,0.08,-304.86,-0.22,-1350.78,-2.70,26
15,Exit long,2025-08-07 11:49,JJ_LX,23484.75,3,141211.5,-306.72,-0.22,3.72,136.14,0.10,-304.86,-0.22,-1657.5,-3.31,53
15,Entry long,2025-08-07 10:56,JJ_L,23535.25,3,141211.5,-306.72,-0.22,3.72,136.14,0.10,-304.86,-0.22,-1657.5,-3.31,53
16,Exit short,2025-08-08 10:06,JJ_SX,23653.75,6,283539,-313.44,-0.11,7.44,182.28,0.06,-309.72,-0.11,-1970.94,-3.94,17
16,Entry short,2025-08-08 09:49,JJ_S,23628.25,6,283539,-313.44,-0.11,7.44,182.28,0.06,-309.72,-0.11,-1970.94,-3.94,17
17,Exit short,2025-08-08 10:27,JJ_SX,23682,6,283878,-313.44,-0.11,7.44,359.28,0.13,-309.72,-0.11,-2284.38,-4.57,20
17,Entry short,2025-08-08 10:07,JJ_S,23656.5,6,283878,-313.44,-0.11,7.44,359.28,0.13,-309.72,-0.11,-2284.38,-4.57,20
18,Exit short,2025-08-08 11:35,JJ_SX,23641.5,6,284145,439.56,0.15,7.44,443.28,0.16,-135.72,-0.05,-1844.82,-3.69,54
18,Entry short,2025-08-08 10:41,JJ_S,23678.75,6,284145,439.56,0.15,7.44,443.28,0.16,-135.72,-0.05,-1844.82,-3.69,54
19,Exit short,2025-08-11 10:19,JJ_SX,23764,6,284862,-313.44,-0.11,7.44,329.28,0.12,-309.72,-0.11,-2158.26,-4.32,19
19,Entry short,2025-08-11 10:00,JJ_S,23738.5,6,284862,-313.44,-0.11,7.44,329.28,0.12,-309.72,-0.11,-2158.26,-4.32,19
20,Exit short,2025-08-11 11:06,JJ_SX,23716.5,6,285045,439.56,0.15,7.44,443.28,0.16,-168.72,-0.06,-1718.7,-3.44,46
20,Entry short,2025-08-11 10:20,JJ_S,23753.75,6,285045,439.56,0.15,7.44,443.28,0.16,-168.72,-0.06,-1718.7,-3.44,46
21,Exit long,2025-08-12 09:58,JJ_LX,23659.5,3,142260,-306.72,-0.22,3.72,86.64,0.06,-304.86,-0.21,-2025.42,-4.05,5
21,Entry long,2025-08-12 09:53,JJ_L,23710,3,142260,-306.72,-0.22,3.72,86.64,0.06,-304.86,-0.21,-2025.42,-4.05,5
22,Exit long,2025-08-12 10:15,JJ_LX,23738.5,3,141982.5,444.78,0.31,3.72,446.64,0.31,-36.36,-0.03,-1580.64,-3.16,11
22,Entry long,2025-08-12 10:04,JJ_L,23663.75,3,141982.5,444.78,0.31,3.72,446.64,0.31,-36.36,-0.03,-1580.64,-3.16,11
23,Exit short,2025-08-12 10:51,JJ_SX,23769.25,6,284925,-313.44,-0.11,7.44,131.28,0.05,-309.72,-0.11,-1894.08,-3.79,27
23,Entry short,2025-08-12 10:24,JJ_S,23743.75,6,284925,-313.44,-0.11,7.44,131.28,0.05,-309.72,-0.11,-1894.08,-3.79,27
24,Exit short,2025-08-12 11:01,JJ_SX,23789.25,6,285165,-313.44,-0.11,7.44,236.28,0.08,-309.72,-0.11,-2207.52,-4.42,7
24,Entry short,2025-08-12 10:54,JJ_S,23763.75,6,285165,-313.44,-0.11,7.44,236.28,0.08,-309.72,-0.11,-2207.52,-4.42,7
25,Exit long,2025-08-13 10:00,JJ_LX,24006.5,6,288384,-313.44,-0.11,7.44,0,0.00,-309.72,-0.11,-2520.96,-5.04,3
25,Entry long,2025-08-13 09:57,JJ_L,24032,6,288384,-313.44,-0.11,7.44,0,0.00,-309.72,-0.11,-2520.96,-5.04,3
26,Exit long,2025-08-13 10:26,JJ_LX,23962.25,6,287853,-313.44,-0.11,7.44,203.28,0.07,-309.72,-0.11,-2834.4,-5.67,14
26,Entry long,2025-08-13 10:12,JJ_L,23987.75,6,287853,-313.44,-0.11,7.44,203.28,0.07,-309.72,-0.11,-2834.4,-5.67,14
27,Exit long,2025-08-13 10:31,JJ_LX,23946,6,287658,-313.44,-0.11,7.44,5.28,0.00,-309.72,-0.11,-3147.84,-6.30,4
27,Entry long,2025-08-13 10:27,JJ_L,23971.5,6,287658,-313.44,-0.11,7.44,5.28,0.00,-309.72,-0.11,-3147.84,-6.30,4
28,Exit long,2025-08-13 10:46,JJ_LX,23939.75,6,287583,-313.44,-0.11,7.44,92.28,0.03,-309.72,-0.11,-3461.28,-6.92,3
28,Entry long,2025-08-13 10:43,JJ_L,23965.25,6,287583,-313.44,-0.11,7.44,92.28,0.03,-309.72,-0.11,-3461.28,-6.92,3
29,Exit long,2025-08-13 11:07,JJ_LX,23922.25,6,287373,-313.44,-0.11,7.44,263.28,0.09,-309.72,-0.11,-3774.72,-7.55,19
29,Entry long,2025-08-13 10:48,JJ_L,23947.75,6,287373,-313.44,-0.11,7.44,263.28,0.09,-309.72,-0.11,-3774.72,-7.55,19
30,Exit short,2025-08-14 10:30,JJ_SX,23957,6,287178,-313.44,-0.11,7.44,401.28,0.14,-309.72,-0.11,-4088.16,-8.18,37
30,Entry short,2025-08-14 09:53,JJ_S,23931.5,6,287178,-313.44,-0.11,7.44,401.28,0.14,-309.72,-0.11,-4088.16,-8.18,37
31,Exit short,2025-08-14 10:57,JJ_SX,23949.75,6,287844,439.56,0.15,7.44,443.28,0.15,-63.72,-0.02,-3648.6,-7.30,7
31,Entry short,2025-08-14 10:50,JJ_S,23987,6,287844,439.56,0.15,7.44,443.28,0.15,-63.72,-0.02,-3648.6,-7.30,7
32,Exit short,2025-08-14 11:24,JJ_SX,23910.5,6,287373,439.56,0.15,7.44,443.28,0.15,-159.72,-0.06,-3209.04,-6.42,27
32,Entry short,2025-08-14 10:57,JJ_S,23947.75,6,287373,439.56,0.15,7.44,443.28,0.15,-159.72,-0.06,-3209.04,-6.42,27
33,Exit long,2025-08-15 09:53,JJ_LX,23771.5,6,285564,-313.44,-0.11,7.44,101.28,0.04,-309.72,-0.11,-3522.48,-7.04,3
33,Entry long,2025-08-15 09:50,JJ_L,23797,6,285564,-313.44,-0.11,7.44,101.28,0.04,-309.72,-0.11,-3522.48,-7.04,3
34,Exit long,2025-08-15 11:39,JJ_LX,23785.5,3,143016,-306.72,-0.21,3.72,281.64,0.20,-304.86,-0.21,-3829.2,-7.66,98
34,Entry long,2025-08-15 10:01,JJ_L,23836,3,143016,-306.72,-0.21,3.72,281.64,0.20,-304.86,-0.21,-3829.2,-7.66,98
35,Exit long,2025-08-18 10:04,JJ_LX,23786.25,6,284988,439.56,0.15,7.44,443.28,0.16,-45.72,-0.02,-3389.64,-6.78,5
35,Entry long,2025-08-18 09:59,JJ_L,23749,6,284988,439.56,0.15,7.44,443.28,0.16,-45.72,-0.02,-3389.64,-6.78,5
36,Exit short,2025-08-18 10:45,JJ_SX,23749.75,6,285444,439.56,0.15,7.44,443.28,0.16,-48.72,-0.02,-2950.08,-5.90,17
36,Entry short,2025-08-18 10:28,JJ_S,23787,6,285444,439.56,0.15,7.44,443.28,0.16,-48.72,-0.02,-2950.08,-5.90,17
37,Exit long,2025-08-18 12:48,JJ_LX,23723.75,6,284991,-313.44,-0.11,7.44,416.28,0.15,-309.72,-0.11,-3263.52,-6.53,119
37,Entry long,2025-08-18 10:49,JJ_L,23749.25,6,284991,-313.44,-0.11,7.44,416.28,0.15,-309.72,-0.11,-3263.52,-6.53,119
38,Exit long,2025-08-19 09:55,JJ_LX,23697.75,6,283926,439.56,0.15,7.44,443.28,0.16,-96.72,-0.03,-2823.96,-5.65,4
38,Entry long,2025-08-19 09:51,JJ_L,23660.5,6,283926,439.56,0.15,7.44,443.28,0.16,-96.72,-0.03,-2823.96,-5.65,4
39,Exit long,2025-08-19 10:26,JJ_LX,23671.25,6,284361,-313.44,-0.11,7.44,371.28,0.13,-309.72,-0.11,-3137.4,-6.27,30
39,Entry long,2025-08-19 09:56,JJ_L,23696.75,6,284361,-313.44,-0.11,7.44,371.28,0.13,-309.72,-0.11,-3137.4,-6.27,30
40,Exit long,2025-08-19 10:35,JJ_LX,23632,6,283890,-313.44,-0.11,7.44,0,0.00,-309.72,-0.11,-3450.84,-6.90,2
40,Entry long,2025-08-19 10:33,JJ_L,23657.5,6,283890,-313.44,-0.11,7.44,0,0.00,-309.72,-0.11,-3450.84,-6.90,2
41,Exit long,2025-08-20 10:12,JJ_LX,23090,3,138843,-306.72,-0.22,3.72,0,0.00,-304.86,-0.22,-3757.56,-7.52,5
41,Entry long,2025-08-20 10:07,JJ_L,23140.5,3,138843,-306.72,-0.22,3.72,0,0.00,-304.86,-0.22,-3757.56,-7.52,5
42,Exit long,2025-08-20 10:17,JJ_LX,23068.5,3,138714,-306.72,-0.22,3.72,5.64,0.00,-304.86,-0.22,-4064.28,-8.13,4
42,Entry long,2025-08-20 10:13,JJ_L,23119,3,138714,-306.72,-0.22,3.72,5.64,0.00,-304.86,-0.22,-4064.28,-8.13,4
43,Exit long,2025-08-20 10:46,JJ_LX,23053.75,3,138625.5,-306.72,-0.22,3.72,311.64,0.22,-304.86,-0.22,-4371,-8.74,29
43,Entry long,2025-08-20 10:17,JJ_L,23104.25,3,138625.5,-306.72,-0.22,3.72,311.64,0.22,-304.86,-0.22,-4371,-8.74,29
44,Exit long,2025-08-20 11:17,JJ_LX,23156,3,138487.5,444.78,0.32,3.72,446.64,0.32,-277.86,-0.20,-3926.22,-7.85,30
44,Entry long,2025-08-20 10:47,JJ_L,23081.25,3,138487.5,444.78,0.32,3.72,446.64,0.32,-277.86,-0.20,-3926.22,-7.85,30
45,Exit long,2025-08-21 10:00,JJ_LX,23181.75,3,139393.5,-306.72,-0.22,3.72,215.64,0.15,-304.86,-0.22,-4232.94,-8.47,13
45,Entry long,2025-08-21 09:47,JJ_L,23232.25,3,139393.5,-306.72,-0.22,3.72,215.64,0.15,-304.86,-0.22,-4232.94,-8.47,13
46,Exit long,2025-08-21 10:12,JJ_LX,23292,3,139303.5,444.78,0.32,3.72,446.64,0.32,-96.36,-0.07,-3788.16,-7.58,12
46,Entry long,2025-08-21 10:00,JJ_L,23217.25,3,139303.5,444.78,0.32,3.72,446.64,0.32,-96.36,-0.07,-3788.16,-7.58,12
47,Exit short,2025-08-21 10:27,JJ_SX,23328.75,6,279639,-313.44,-0.11,7.44,47.28,0.02,-309.72,-0.11,-4101.6,-8.20,2
47,Entry short,2025-08-21 10:25,JJ_S,23303.25,6,279639,-313.44,-0.11,7.44,47.28,0.02,-309.72,-0.11,-4101.6,-8.20,2
48,Exit short,2025-08-21 10:37,JJ_SX,23281.25,6,279822,439.56,0.16,7.44,443.28,0.16,-66.72,-0.02,-3662.04,-7.32,7
48,Entry short,2025-08-21 10:30,JJ_S,23318.5,6,279822,439.56,0.16,7.44,443.28,0.16,-66.72,-0.02,-3662.04,-7.32,7
49,Exit short,2025-08-21 11:10,JJ_SX,23256.25,6,279522,439.56,0.16,7.44,443.28,0.16,-234.72,-0.08,-3222.48,-6.44,12
49,Entry short,2025-08-21 10:58,JJ_S,23293.5,6,279522,439.56,0.16,7.44,443.28,0.16,-234.72,-0.08,-3222.48,-6.44,12
50,Exit short,2025-08-22 09:57,JJ_SX,23257.5,6,279537,439.56,0.16,7.44,443.28,0.16,-27.72,-0.01,-2782.92,-5.57,1
50,Entry short,2025-08-22 09:56,JJ_S,23294.75,6,279537,439.56,0.16,7.44,443.28,0.16,-27.72,-0.01,-2782.92,-5.57,1
51,Exit short,2025-08-22 10:06,JJ_SX,23536.75,3,140917.5,-306.72,-0.22,3.72,17.64,0.01,-304.86,-0.22,-3089.64,-6.18,2
51,Entry short,2025-08-22 10:04,JJ_S,23486.25,3,140917.5,-306.72,-0.22,3.72,17.64,0.01,-304.86,-0.22,-3089.64,-6.18,2
52,Exit short,2025-08-22 10:14,JJ_SX,23592.5,3,141252,-306.72,-0.22,3.72,0,0.00,-304.86,-0.22,-3396.36,-6.79,3
52,Entry short,2025-08-22 10:11,JJ_S,23542,3,141252,-306.72,-0.22,3.72,0,0.00,-304.86,-0.22,-3396.36,-6.79,3
53,Exit short,2025-08-22 10:25,JJ_SX,23554.75,3,141025.5,-306.72,-0.22,3.72,70.14,0.05,-304.86,-0.22,-3703.08,-7.41,3
53,Entry short,2025-08-22 10:22,JJ_S,23504.25,3,141025.5,-306.72,-0.22,3.72,70.14,0.05,-304.86,-0.22,-3703.08,-7.41,3
54,Exit short,2025-08-22 10:30,JJ_SX,23578.25,3,141166.5,-306.72,-0.22,3.72,10.14,0.01,-304.86,-0.22,-4009.8,-8.02,3
54,Entry short,2025-08-22 10:27,JJ_S,23527.75,3,141166.5,-306.72,-0.22,3.72,10.14,0.01,-304.86,-0.22,-4009.8,-8.02,3
55,Exit long,2025-08-25 09:58,JJ_LX,23516.25,6,281748,439.56,0.16,7.44,443.28,0.16,-150.72,-0.05,-3570.24,-7.14,10
55,Entry long,2025-08-25 09:48,JJ_L,23479,6,281748,439.56,0.16,7.44,443.28,0.16,-150.72,-0.05,-3570.24,-7.14,10
56,Exit short,2025-08-25 10:04,JJ_SX,23540,6,282174,-313.44,-0.11,7.44,116.28,0.04,-309.72,-0.11,-3883.68,-7.77,4
56,Entry short,2025-08-25 10:00,JJ_S,23514.5,6,282174,-313.44,-0.11,7.44,116.28,0.04,-309.72,-0.11,-3883.68,-7.77,4
57,Exit short,2025-08-25 10:36,JJ_SX,23560.75,6,282423,-313.44,-0.11,7.44,200.28,0.07,-309.72,-0.11,-4197.12,-8.39,17
57,Entry short,2025-08-25 10:19,JJ_S,23535.25,6,282423,-313.44,-0.11,7.44,200.28,0.07,-309.72,-0.11,-4197.12,-8.39,17
58,Exit short,2025-08-25 11:04,JJ_SX,23581.25,6,282669,-313.44,-0.11,7.44,275.28,0.10,-309.72,-0.11,-4510.56,-9.02,26
58,Entry short,2025-08-25 10:38,JJ_S,23555.75,6,282669,-313.44,-0.11,7.44,275.28,0.10,-309.72,-0.11,-4510.56,-9.02,26
59,Exit short,2025-08-26 10:17,JJ_SX,23517,6,281898,-313.44,-0.11,7.44,110.28,0.04,-309.72,-0.11,-4824,-9.65,6
59,Entry short,2025-08-26 10:11,JJ_S,23491.5,6,281898,-313.44,-0.11,7.44,110.28,0.04,-309.72,-0.11,-4824,-9.65,6
60,Exit short,2025-08-26 11:34,JJ_SX,23496,6,282399,439.56,0.16,7.44,443.28,0.16,-222.72,-0.08,-4384.44,-8.77,60
60,Entry short,2025-08-26 10:34,JJ_S,23533.25,6,282399,439.56,0.16,7.44,443.28,0.16,-222.72,-0.08,-4384.44,-8.77,60
61,Exit long,2025-08-27 09:49,JJ_LX,23495.75,6,282255,-313.44,-0.11,7.44,107.28,0.04,-309.72,-0.11,-4697.88,-9.40,2
61,Entry long,2025-08-27 09:47,JJ_L,23521.25,6,282255,-313.44,-0.11,7.44,107.28,0.04,-309.72,-0.11,-4697.88,-9.40,2
62,Exit short,2025-08-27 11:56,JJ_SX,23627.25,6,283221,-313.44,-0.11,7.44,329.28,0.12,-309.72,-0.11,-5011.32,-10.02,80
62,Entry short,2025-08-27 10:36,JJ_S,23601.75,6,283221,-313.44,-0.11,7.44,329.28,0.12,-309.72,-0.11,-5011.32,-10.02,80
63,Exit short,2025-08-28 09:56,JJ_SX,23582.75,3,141945,444.78,0.31,3.72,446.64,0.31,-39.36,-0.03,-4566.54,-9.13,7
63,Entry short,2025-08-28 09:49,JJ_S,23657.5,3,141945,444.78,0.31,3.72,446.64,0.31,-39.36,-0.03,-4566.54,-9.13,7
64,Exit long,2025-08-28 10:40,JJ_LX,23684.25,3,141657,444.78,0.31,3.72,446.64,0.32,-99.36,-0.07,-4121.76,-8.24,41
64,Entry long,2025-08-28 09:59,JJ_L,23609.5,3,141657,444.78,0.31,3.72,446.64,0.32,-99.36,-0.07,-4121.76,-8.24,41
65,Exit short,2025-08-28 10:47,JJ_SX,23710.25,6,284217,-313.44,-0.11,7.44,5.28,0.00,-309.72,-0.11,-4435.2,-8.87,2
65,Entry short,2025-08-28 10:45,JJ_S,23684.75,6,284217,-313.44,-0.11,7.44,5.28,0.00,-309.72,-0.11,-4435.2,-8.87,2
66,Exit short,2025-08-28 10:55,JJ_SX,23725.25,6,284397,-313.44,-0.11,7.44,59.28,0.02,-309.72,-0.11,-4748.64,-9.50,4
66,Entry short,2025-08-28 10:51,JJ_S,23699.75,6,284397,-313.44,-0.11,7.44,59.28,0.02,-309.72,-0.11,-4748.64,-9.50,4
67,Exit short,2025-08-28 11:16,JJ_SX,23747,6,284658,-313.44,-0.11,7.44,302.28,0.11,-309.72,-0.11,-5062.08,-10.12,18
67,Entry short,2025-08-28 10:58,JJ_S,23721.5,6,284658,-313.44,-0.11,7.44,302.28,0.11,-309.72,-0.11,-5062.08,-10.12,18
68,Exit long,2025-08-29 09:55,JJ_LX,23535,6,282726,-313.44,-0.11,7.44,179.28,0.06,-309.72,-0.11,-5375.52,-10.75,4
68,Entry long,2025-08-29 09:51,JJ_L,23560.5,6,282726,-313.44,-0.11,7.44,179.28,0.06,-309.72,-0.11,-5375.52,-10.75,4
69,Exit long,2025-08-29 10:00,JJ_LX,23501.25,6,282321,-313.44,-0.11,7.44,68.28,0.02,-309.72,-0.11,-5688.96,-11.38,2
69,Entry long,2025-08-29 09:58,JJ_L,23526.75,6,282321,-313.44,-0.11,7.44,68.28,0.02,-309.72,-0.11,-5688.96,-11.38,2
70,Exit long,2025-08-29 10:04,JJ_LX,23493.5,3,141264,-306.72,-0.22,3.72,44.64,0.03,-304.86,-0.22,-5995.68,-11.99,4
70,Entry long,2025-08-29 10:00,JJ_L,23544,3,141264,-306.72,-0.22,3.72,44.64,0.03,-304.86,-0.22,-5995.68,-11.99,4
71,Exit long,2025-08-29 10:52,JJ_LX,23422,3,140835,-306.72,-0.22,3.72,257.64,0.18,-304.86,-0.22,-6302.4,-12.60,45
71,Entry long,2025-08-29 10:07,JJ_L,23472.5,3,140835,-306.72,-0.22,3.72,257.64,0.18,-304.86,-0.22,-6302.4,-12.60,45
72,Exit long,2025-08-29 11:09,JJ_LX,23472.5,6,281223,439.56,0.16,7.44,443.28,0.16,-84.72,-0.03,-5862.84,-11.73,10
72,Entry long,2025-08-29 10:59,JJ_L,23435.25,6,281223,439.56,0.16,7.44,443.28,0.16,-84.72,-0.03,-5862.84,-11.73,10
73,Exit short,2025-09-01 11:24,JJ_SX,23500.75,9,422707.5,-317.16,-0.08,11.16,133.92,0.03,-311.58,-0.07,-6180,-12.36,65
73,Entry short,2025-09-01 10:19,JJ_S,23483.75,9,422707.5,-317.16,-0.08,11.16,133.92,0.03,-311.58,-0.07,-6180,-12.36,65
74,Exit short,2025-09-02 09:48,JJ_SX,23197.5,3,138882,-306.72,-0.22,3.72,1.14,0.00,-304.86,-0.22,-6486.72,-12.97,1
74,Entry short,2025-09-02 09:47,JJ_S,23147,3,138882,-306.72,-0.22,3.72,1.14,0.00,-304.86,-0.22,-6486.72,-12.97,1
75,Exit short,2025-09-02 10:00,JJ_SX,23275.25,3,139348.5,-306.72,-0.22,3.72,34.14,0.02,-304.86,-0.22,-6793.44,-13.59,7
75,Entry short,2025-09-02 09:53,JJ_S,23224.75,3,139348.5,-306.72,-0.22,3.72,34.14,0.02,-304.86,-0.22,-6793.44,-13.59,7
76,Exit short,2025-09-02 10:46,JJ_SX,23170.75,3,139473,444.78,0.32,3.72,446.64,0.32,-105.36,-0.08,-6348.66,-12.70,45
76,Entry short,2025-09-02 10:01,JJ_S,23245.5,3,139473,444.78,0.32,3.72,446.64,0.32,-105.36,-0.08,-6348.66,-12.70,45
77,Exit short,2025-09-02 11:35,JJ_SX,23072.5,3,138883.5,444.78,0.32,3.72,446.64,0.32,-193.86,-0.14,-5903.88,-11.81,47
77,Entry short,2025-09-02 10:48,JJ_S,23147.25,3,138883.5,444.78,0.32,3.72,446.64,0.32,-193.86,-0.14,-5903.88,-11.81,47
78,Exit long,2025-09-03 09:55,JJ_LX,23379,6,280854,-313.44,-0.11,7.44,311.28,0.11,-309.72,-0.11,-6217.32,-12.43,6
78,Entry long,2025-09-03 09:49,JJ_L,23404.5,6,280854,-313.44,-0.11,7.44,311.28,0.11,-309.72,-0.11,-6217.32,-12.43,6
79,Exit short,2025-09-03 10:40,JJ_SX,23489.5,3,140634,-306.72,-0.22,3.72,337.14,0.24,-304.86,-0.22,-6524.04,-13.05,32
79,Entry short,2025-09-03 10:08,JJ_S,23439,3,140634,-306.72,-0.22,3.72,337.14,0.24,-304.86,-0.22,-6524.04,-13.05,32
80,Exit short,2025-09-03 11:22,JJ_SX,23463.5,6,282009,439.56,0.16,7.44,443.28,0.16,-195.72,-0.07,-6084.48,-12.17,29
80,Entry short,2025-09-03 10:53,JJ_S,23500.75,6,282009,439.56,0.16,7.44,443.28,0.16,-195.72,-0.07,-6084.48,-12.17,29
81,Exit long,2025-09-04 10:15,JJ_LX,23426,6,281418,-313.44,-0.11,7.44,227.28,0.08,-309.72,-0.11,-6397.92,-12.80,4
81,Entry long,2025-09-04 10:11,JJ_L,23451.5,6,281418,-313.44,-0.11,7.44,227.28,0.08,-309.72,-0.11,-6397.92,-12.80,4
82,Exit long,2025-09-04 10:23,JJ_LX,23462.25,6,281100,439.56,0.16,7.44,443.28,0.16,-111.72,-0.04,-5958.36,-11.92,6
82,Entry long,2025-09-04 10:17,JJ_L,23425,6,281100,439.56,0.16,7.44,443.28,0.16,-111.72,-0.04,-5958.36,-11.92,6
83,Exit long,2025-09-04 10:31,JJ_LX,23506.75,6,281634,439.56,0.16,7.44,443.28,0.16,-84.72,-0.03,-5518.8,-11.04,8
83,Entry long,2025-09-04 10:23,JJ_L,23469.5,6,281634,439.56,0.16,7.44,443.28,0.16,-84.72,-0.03,-5518.8,-11.04,8
84,Exit short,2025-09-04 10:36,JJ_SX,23518,6,281910,-313.44,-0.11,7.44,5.28,0.00,-309.72,-0.11,-5832.24,-11.66,3
84,Entry short,2025-09-04 10:33,JJ_S,23492.5,6,281910,-313.44,-0.11,7.44,5.28,0.00,-309.72,-0.11,-5832.24,-11.66,3
85,Exit short,2025-09-04 11:00,JJ_SX,23525.75,6,282003,-313.44,-0.11,7.44,2.28,0.00,-309.72,-0.11,-6145.68,-12.29,5
85,Entry short,2025-09-04 10:55,JJ_S,23500.25,6,282003,-313.44,-0.11,7.44,2.28,0.00,-309.72,-0.11,-6145.68,-12.29,5
86,Exit long,2025-09-05 10:01,JJ_LX,23809,3,143157,-306.72,-0.21,3.72,203.64,0.14,-304.86,-0.21,-6452.4,-12.90,13
86,Entry long,2025-09-05 09:48,JJ_L,23859.5,3,143157,-306.72,-0.21,3.72,203.64,0.14,-304.86,-0.21,-6452.4,-12.90,13
87,Exit long,2025-09-05 10:07,JJ_LX,23787,3,143025,-306.72,-0.21,3.72,0,0.00,-304.86,-0.21,-6759.12,-13.52,3
87,Entry long,2025-09-05 10:04,JJ_L,23837.5,3,143025,-306.72,-0.21,3.72,0,0.00,-304.86,-0.21,-6759.12,-13.52,3
88,Exit long,2025-09-05 10:23,JJ_LX,23677.75,3,142369.5,-306.72,-0.22,3.72,0,0.00,-304.86,-0.21,-7065.84,-14.13,3
88,Entry long,2025-09-05 10:20,JJ_L,23728.25,3,142369.5,-306.72,-0.22,3.72,0,0.00,-304.86,-0.21,-7065.84,-14.13,3
89,Exit long,2025-09-05 10:41,JJ_LX,23601.25,3,141910.5,-306.72,-0.22,3.72,0,0.00,-304.86,-0.21,-7372.56,-14.75,4
89,Entry long,2025-09-05 10:37,JJ_L,23651.75,3,141910.5,-306.72,-0.22,3.72,0,0.00,-304.86,-0.21,-7372.56,-14.75,4
90,Exit long,2025-09-05 11:00,JJ_LX,23539.75,3,141541.5,-306.72,-0.22,3.72,284.64,0.20,-304.86,-0.22,-7679.28,-15.36,14
90,Entry long,2025-09-05 10:46,JJ_L,23590.25,3,141541.5,-306.72,-0.22,3.72,284.64,0.20,-304.86,-0.22,-7679.28,-15.36,14
91,Exit short,2025-09-08 09:49,JJ_SX,23842.75,6,285807,-313.44,-0.11,7.44,35.28,0.01,-309.72,-0.11,-7992.72,-15.99,2
91,Entry short,2025-09-08 09:47,JJ_S,23817.25,6,285807,-313.44,-0.11,7.44,35.28,0.01,-309.72,-0.11,-7992.72,-15.99,2
92,Exit short,2025-09-08 09:51,JJ_SX,23858.25,6,285993,-313.44,-0.11,7.44,17.28,0.01,-309.72,-0.11,-8306.16,-16.61,1
92,Entry short,2025-09-08 09:50,JJ_S,23832.75,6,285993,-313.44,-0.11,7.44,17.28,0.01,-309.72,-0.11,-8306.16,-16.61,1
93,Exit short,2025-09-08 10:19,JJ_SX,23816,6,286239,439.56,0.15,7.44,443.28,0.15,-207.72,-0.07,-7866.6,-15.73,21
93,Entry short,2025-09-08 09:58,JJ_S,23853.25,6,286239,439.56,0.15,7.44,443.28,0.15,-207.72,-0.07,-7866.6,-15.73,21
94,Exit short,2025-09-08 12:17,JJ_SX,23828,6,286383,439.56,0.15,7.44,443.28,0.15,-276.72,-0.10,-7427.04,-14.85,105
94,Entry short,2025-09-08 10:32,JJ_S,23865.25,6,286383,439.56,0.15,7.44,443.28,0.15,-276.72,-0.10,-7427.04,-14.85,105
95,Exit long,2025-09-09 10:31,JJ_LX,23794.5,6,285840,-313.44,-0.11,7.44,365.28,0.13,-309.72,-0.11,-7740.48,-15.48,24
95,Entry long,2025-09-09 10:07,JJ_L,23820,6,285840,-313.44,-0.11,7.44,365.28,0.13,-309.72,-0.11,-7740.48,-15.48,24
96,Exit long,2025-09-09 10:53,JJ_LX,23781.75,6,284934,439.56,0.15,7.44,443.28,0.16,-99.72,-0.03,-7300.92,-14.60,9
96,Entry long,2025-09-09 10:44,JJ_L,23744.5,6,284934,439.56,0.15,7.44,443.28,0.16,-99.72,-0.03,-7300.92,-14.60,9
97,Exit long,2025-09-09 11:06,JJ_LX,23762.5,6,285456,-313.44,-0.11,7.44,221.28,0.08,-309.72,-0.11,-7614.36,-15.23,12
97,Entry long,2025-09-09 10:54,JJ_L,23788,6,285456,-313.44,-0.11,7.44,221.28,0.08,-309.72,-0.11,-7614.36,-15.23,12
98,Exit long,2025-09-10 09:51,JJ_LX,23919.25,6,287337,-313.44,-0.11,7.44,125.28,0.04,-309.72,-0.11,-7927.8,-15.86,2
98,Entry long,2025-09-10 09:49,JJ_L,23944.75,6,287337,-313.44,-0.11,7.44,125.28,0.04,-309.72,-0.11,-7927.8,-15.86,2
99,Exit long,2025-09-10 10:02,JJ_LX,23961.75,6,287094,439.56,0.15,7.44,443.28,0.15,-234.72,-0.08,-7488.24,-14.98,10
99,Entry long,2025-09-10 09:52,JJ_L,23924.5,6,287094,439.56,0.15,7.44,443.28,0.15,-234.72,-0.08,-7488.24,-14.98,10
100,Exit long,2025-09-10 11:18,JJ_LX,23942,6,287610,-313.44,-0.11,7.44,275.28,0.10,-309.72,-0.11,-7801.68,-15.60,75
100,Entry long,2025-09-10 10:03,JJ_L,23967.5,6,287610,-313.44,-0.11,7.44,275.28,0.10,-309.72,-0.11,-7801.68,-15.60,75
101,Exit long,2025-09-11 09:58,JJ_LX,23985,6,287373,439.56,0.15,7.44,443.28,0.15,-96.72,-0.03,-7362.12,-14.72,12
101,Entry long,2025-09-11 09:46,JJ_L,23947.75,6,287373,439.56,0.15,7.44,443.28,0.15,-96.72,-0.03,-7362.12,-14.72,12
102,Exit short,2025-09-11 10:19,JJ_SX,23948.5,6,287829,439.56,0.15,7.44,443.28,0.15,-72.72,-0.03,-6922.56,-13.85,10
102,Entry short,2025-09-11 10:09,JJ_S,23985.75,6,287829,439.56,0.15,7.44,443.28,0.15,-72.72,-0.03,-6922.56,-13.85,10
103,Exit long,2025-09-11 10:35,JJ_LX,24006.25,6,287628,439.56,0.15,7.44,443.28,0.15,-219.72,-0.08,-6483,-12.97,11
103,Entry long,2025-09-11 10:24,JJ_L,23969,6,287628,439.56,0.15,7.44,443.28,0.15,-219.72,-0.08,-6483,-12.97,11
104,Exit short,2025-09-11 11:16,JJ_SX,24027.25,6,288021,-313.44,-0.11,7.44,314.28,0.11,-309.72,-0.11,-6796.44,-13.59,31
104,Entry short,2025-09-11 10:45,JJ_S,24001.75,6,288021,-313.44,-0.11,7.44,314.28,0.11,-309.72,-0.11,-6796.44,-13.59,31
105,Exit long,2025-09-12 10:21,JJ_LX,24070,6,288393,439.56,0.15,7.44,443.28,0.15,-195.72,-0.07,-6356.88,-12.71,31
105,Entry long,2025-09-12 09:50,JJ_L,24032.75,6,288393,439.56,0.15,7.44,443.28,0.15,-195.72,-0.07,-6356.88,-12.71,31
106,Exit short,2025-09-12 10:52,JJ_SX,24101.75,6,288915,-313.44,-0.11,7.44,8.28,0.00,-309.72,-0.11,-6670.32,-13.34,12
106,Entry short,2025-09-12 10:40,JJ_S,24076.25,6,288915,-313.44,-0.11,7.44,8.28,0.00,-309.72,-0.11,-6670.32,-13.34,12
107,Exit short,2025-09-15 10:00,JJ_SX,24263.5,6,290856,-313.44,-0.11,7.44,5.28,0.00,-309.72,-0.11,-6983.76,-13.97,8
107,Entry short,2025-09-15 09:52,JJ_S,24238,6,290856,-313.44,-0.11,7.44,5.28,0.00,-309.72,-0.11,-6983.76,-13.97,8
108,Exit short,2025-09-15 11:00,JJ_SX,24274.75,6,290991,-313.44,-0.11,7.44,335.28,0.12,-309.72,-0.11,-7297.2,-14.59,51
108,Entry short,2025-09-15 10:09,JJ_S,24249.25,6,290991,-313.44,-0.11,7.44,335.28,0.12,-309.72,-0.11,-7297.2,-14.59,51
109,Exit long,2025-09-16 11:02,JJ_LX,24513.25,6,294465,-313.44,-0.11,7.44,263.28,0.09,-309.72,-0.11,-7610.64,-15.22,49
109,Entry long,2025-09-16 10:13,JJ_L,24538.75,6,294465,-313.44,-0.11,7.44,263.28,0.09,-309.72,-0.11,-7610.64,-15.22,49
110,Exit long,2025-09-17 10:01,JJ_LX,24463.25,6,293865,-313.44,-0.11,7.44,377.28,0.13,-309.72,-0.11,-7924.08,-15.85,14
110,Entry long,2025-09-17 09:47,JJ_L,24488.75,6,293865,-313.44,-0.11,7.44,377.28,0.13,-309.72,-0.11,-7924.08,-15.85,14
111,Exit long,2025-09-17 10:28,JJ_LX,24438.25,6,293565,-313.44,-0.11,7.44,200.28,0.07,-309.72,-0.11,-8237.52,-16.48,26
111,Entry long,2025-09-17 10:02,JJ_L,24463.75,6,293565,-313.44,-0.11,7.44,200.28,0.07,-309.72,-0.11,-8237.52,-16.48,26
112,Exit long,2025-09-17 10:45,JJ_LX,24418,6,293322,-313.44,-0.11,7.44,65.28,0.02,-309.72,-0.11,-8550.96,-17.10,6
112,Entry long,2025-09-17 10:39,JJ_L,24443.5,6,293322,-313.44,-0.11,7.44,65.28,0.02,-309.72,-0.11,-8550.96,-17.10,6
113,Exit long,2025-09-17 11:42,JJ_LX,24400,6,293106,-313.44,-0.11,7.44,206.28,0.07,-309.72,-0.11,-8864.4,-17.73,56
113,Entry long,2025-09-17 10:46,JJ_L,24425.5,6,293106,-313.44,-0.11,7.44,206.28,0.07,-309.72,-0.11,-8864.4,-17.73,56
114,Exit long,2025-09-18 09:50,JJ_LX,24670,6,295593,439.56,0.15,7.44,443.28,0.15,-15.72,-0.01,-8424.84,-16.85,2
114,Entry long,2025-09-18 09:48,JJ_L,24632.75,6,295593,439.56,0.15,7.44,443.28,0.15,-15.72,-0.01,-8424.84,-16.85,2
115,Exit short,2025-09-18 10:19,JJ_SX,24771.25,6,296949,-313.44,-0.11,7.44,29.28,0.01,-309.72,-0.10,-8738.28,-17.48,8
115,Entry short,2025-09-18 10:11,JJ_S,24745.75,6,296949,-313.44,-0.11,7.44,29.28,0.01,-309.72,-0.10,-8738.28,-17.48,8
116,Exit short,2025-09-18 10:30,JJ_SX,24796.75,6,297255,-313.44,-0.11,7.44,203.28,0.07,-309.72,-0.10,-9051.72,-18.10,9
116,Entry short,2025-09-18 10:21,JJ_S,24771.25,6,297255,-313.44,-0.11,7.44,203.28,0.07,-309.72,-0.10,-9051.72,-18.10,9
117,Exit short,2025-09-18 10:41,JJ_SX,24760,6,297567,439.56,0.15,7.44,443.28,0.15,-21.72,-0.01,-8612.16,-17.22,9
117,Entry short,2025-09-18 10:32,JJ_S,24797.25,6,297567,439.56,0.15,7.44,443.28,0.15,-21.72,-0.01,-8612.16,-17.22,9
118,Exit short,2025-09-18 10:47,JJ_SX,24777.25,6,297021,-313.44,-0.11,7.44,0,0.00,-309.72,-0.10,-8925.6,-17.85,2
118,Entry short,2025-09-18 10:45,JJ_S,24751.75,6,297021,-313.44,-0.11,7.44,0,0.00,-309.72,-0.10,-8925.6,-17.85,2
119,Exit short,2025-09-19 10:20,JJ_SX,24755.5,6,297513,439.56,0.15,7.44,443.28,0.15,-177.72,-0.06,-8486.04,-16.97,24
119,Entry short,2025-09-19 09:56,JJ_S,24792.75,6,297513,439.56,0.15,7.44,443.28,0.15,-177.72,-0.06,-8486.04,-16.97,24
120,Exit short,2025-09-19 10:47,JJ_SX,24736.75,6,297288,439.56,0.15,7.44,443.28,0.15,-201.72,-0.07,-8046.48,-16.09,15
120,Entry short,2025-09-19 10:32,JJ_S,24774,6,297288,439.56,0.15,7.44,443.28,0.15,-201.72,-0.07,-8046.48,-16.09,15
121,Exit long,2025-09-19 11:15,JJ_LX,24726,6,297018,-313.44,-0.11,7.44,326.28,0.11,-309.72,-0.10,-8359.92,-16.72,27
121,Entry long,2025-09-19 10:48,JJ_L,24751.5,6,297018,-313.44,-0.11,7.44,326.28,0.11,-309.72,-0.10,-8359.92,-16.72,27
122,Exit short,2025-09-22 09:51,JJ_SX,24867,6,298098,-313.44,-0.11,7.44,2.28,0.00,-309.72,-0.10,-8673.36,-17.35,6
122,Entry short,2025-09-22 09:45,JJ_S,24841.5,6,298098,-313.44,-0.11,7.44,2.28,0.00,-309.72,-0.10,-8673.36,-17.35,6
123,Exit short,2025-09-22 10:21,JJ_SX,24894,6,298422,-313.44,-0.11,7.44,161.28,0.05,-309.72,-0.10,-8986.8,-17.97,26
123,Entry short,2025-09-22 09:55,JJ_S,24868.5,6,298422,-313.44,-0.11,7.44,161.28,0.05,-309.72,-0.10,-8986.8,-17.97,26
124,Exit short,2025-09-22 10:40,JJ_SX,24911.5,6,298632,-313.44,-0.10,7.44,17.28,0.01,-309.72,-0.10,-9300.24,-18.60,15
124,Entry short,2025-09-22 10:25,JJ_S,24886,6,298632,-313.44,-0.10,7.44,17.28,0.01,-309.72,-0.10,-9300.24,-18.60,15
125,Exit short,2025-09-22 12:09,JJ_SX,24940.5,6,298980,-313.44,-0.10,7.44,206.28,0.07,-309.72,-0.10,-9613.68,-19.23,80
125,Entry short,2025-09-22 10:49,JJ_S,24915,6,298980,-313.44,-0.10,7.44,206.28,0.07,-309.72,-0.10,-9613.68,-19.23,80
126,Exit long,2025-09-23 11:42,JJ_LX,24930,6,299466,-313.44,-0.10,7.44,230.28,0.08,-309.72,-0.10,-9927.12,-19.85,97
126,Entry long,2025-09-23 10:05,JJ_L,24955.5,6,299466,-313.44,-0.10,7.44,230.28,0.08,-309.72,-0.10,-9927.12,-19.85,97
127,Exit long,2025-09-24 10:33,JJ_LX,24799.25,6,297897,-313.44,-0.11,7.44,176.28,0.06,-309.72,-0.10,-10240.56,-20.48,26
127,Entry long,2025-09-24 10:07,JJ_L,24824.75,6,297897,-313.44,-0.11,7.44,176.28,0.06,-309.72,-0.10,-10240.56,-20.48,26
128,Exit long,2025-09-24 10:54,JJ_LX,24800.5,6,297912,-313.44,-0.11,7.44,41.28,0.01,-309.72,-0.10,-10554,-21.11,3
128,Entry long,2025-09-24 10:51,JJ_L,24826,6,297912,-313.44,-0.11,7.44,41.28,0.01,-309.72,-0.10,-10554,-21.11,3
129,Exit long,2025-09-24 11:11,JJ_LX,24778.75,6,297651,-313.44,-0.11,7.44,0,0.00,-309.72,-0.10,-10867.44,-21.73,13
129,Entry long,2025-09-24 10:58,JJ_L,24804.25,6,297651,-313.44,-0.11,7.44,0,0.00,-309.72,-0.10,-10867.44,-21.73,13
130,Exit long,2025-09-25 09:48,JJ_LX,24488,6,293409,439.56,0.15,7.44,443.28,0.15,-171.72,-0.06,-10427.88,-20.86,3
130,Entry long,2025-09-25 09:45,JJ_L,24450.75,6,293409,439.56,0.15,7.44,443.28,0.15,-171.72,-0.06,-10427.88,-20.86,3
131,Exit long,2025-09-25 09:58,JJ_LX,24440.25,3,146944.5,-306.72,-0.21,3.72,188.64,0.13,-304.86,-0.21,-10734.6,-21.47,10
131,Entry long,2025-09-25 09:48,JJ_L,24490.75,3,146944.5,-306.72,-0.21,3.72,188.64,0.13,-304.86,-0.21,-10734.6,-21.47,10
132,Exit long,2025-09-25 10:05,JJ_LX,24527.75,3,146718,444.78,0.30,3.72,446.64,0.30,-52.86,-0.04,-10289.82,-20.58,6
132,Entry long,2025-09-25 09:59,JJ_L,24453,3,146718,444.78,0.30,3.72,446.64,0.30,-52.86,-0.04,-10289.82,-20.58,6
133,Exit long,2025-09-25 10:21,JJ_LX,24614.75,3,147240,444.78,0.30,3.72,446.64,0.30,-33.36,-0.02,-9845.04,-19.69,16
133,Entry long,2025-09-25 10:05,JJ_L,24540,3,147240,444.78,0.30,3.72,446.64,0.30,-33.36,-0.02,-9845.04,-19.69,16
134,Exit short,2025-09-25 10:48,JJ_SX,24654.5,6,295548,-313.44,-0.11,7.44,320.28,0.11,-309.72,-0.10,-10158.48,-20.32,23
134,Entry short,2025-09-25 10:25,JJ_S,24629,6,295548,-313.44,-0.11,7.44,320.28,0.11,-309.72,-0.10,-10158.48,-20.32,23
135,Exit short,2025-09-26 10:05,JJ_SX,24670.75,6,296496,439.56,0.15,7.44,443.28,0.15,-24.72,-0.01,-9718.92,-19.44,3
135,Entry short,2025-09-26 10:02,JJ_S,24708,6,296496,439.56,0.15,7.44,443.28,0.15,-24.72,-0.01,-9718.92,-19.44,3
136,Exit long,2025-09-26 10:25,JJ_LX,24557.25,3,147646.5,-306.72,-0.21,3.72,22.14,0.01,-304.86,-0.21,-10025.64,-20.05,6
136,Entry long,2025-09-26 10:19,JJ_L,24607.75,3,147646.5,-306.72,-0.21,3.72,22.14,0.01,-304.86,-0.21,-10025.64,-20.05,6
137,Exit long,2025-09-26 12:21,JJ_LX,24644.25,3,147417,444.78,0.30,3.72,446.64,0.30,-184.86,-0.13,-9580.86,-19.16,112
137,Entry long,2025-09-26 10:29,JJ_L,24569.5,3,147417,444.78,0.30,3.72,446.64,0.30,-184.86,-0.13,-9580.86,-19.16,112
138,Exit short,2025-09-29 10:00,JJ_SX,24959,6,299202,-313.44,-0.10,7.44,8.28,0.00,-309.72,-0.10,-9894.3,-19.79,2
138,Entry short,2025-09-29 09:58,JJ_S,24933.5,6,299202,-313.44,-0.10,7.44,8.28,0.00,-309.72,-0.10,-9894.3,-19.79,2
139,Exit short,2025-09-29 11:10,JJ_SX,24914,6,299415,439.56,0.15,7.44,443.28,0.15,-222.72,-0.07,-9454.74,-18.91,58
139,Entry short,2025-09-29 10:12,JJ_S,24951.25,6,299415,439.56,0.15,7.44,443.28,0.15,-222.72,-0.07,-9454.74,-18.91,58
140,Exit long,2025-09-30 09:49,JJ_LX,24775,6,297606,-313.44,-0.11,7.44,35.28,0.01,-309.72,-0.10,-9768.18,-19.54,2
140,Entry long,2025-09-30 09:47,JJ_L,24800.5,6,297606,-313.44,-0.11,7.44,35.28,0.01,-309.72,-0.10,-9768.18,-19.54,2
141,Exit long,2025-09-30 09:54,JJ_LX,24743.5,6,297228,-313.44,-0.11,7.44,38.28,0.01,-309.72,-0.10,-10081.62,-20.16,2
141,Entry long,2025-09-30 09:52,JJ_L,24769,6,297228,-313.44,-0.11,7.44,38.28,0.01,-309.72,-0.10,-10081.62,-20.16,2
142,Exit long,2025-09-30 10:03,JJ_LX,24806.25,6,297228,439.56,0.15,7.44,443.28,0.15,-51.72,-0.02,-9642.06,-19.28,6
142,Entry long,2025-09-30 09:57,JJ_L,24769,6,297228,439.56,0.15,7.44,443.28,0.15,-51.72,-0.02,-9642.06,-19.28,6
143,Exit long,2025-09-30 10:39,JJ_LX,24756.75,6,297387,-313.44,-0.11,7.44,323.28,0.11,-309.72,-0.10,-9955.5,-19.91,23
143,Entry long,2025-09-30 10:16,JJ_L,24782.25,6,297387,-313.44,-0.11,7.44,323.28,0.11,-309.72,-0.10,-9955.5,-19.91,23
144,Exit long,2025-09-30 10:46,JJ_LX,24805.75,6,297222,439.56,0.15,7.44,443.28,0.15,-48.72,-0.02,-9515.94,-19.03,6
144,Entry long,2025-09-30 10:40,JJ_L,24768.5,6,297222,439.56,0.15,7.44,443.28,0.15,-48.72,-0.02,-9515.94,-19.03,6
145,Exit short,2025-10-01 09:49,JJ_SX,24772.25,6,297714,439.56,0.15,7.44,443.28,0.15,-117.72,-0.04,-9076.38,-18.15,4
145,Entry short,2025-10-01 09:45,JJ_S,24809.5,6,297714,439.56,0.15,7.44,443.28,0.15,-117.72,-0.04,-9076.38,-18.15,4
146,Exit short,2025-10-01 10:14,JJ_SX,24833.25,3,148696.5,-306.72,-0.21,3.72,164.64,0.11,-304.86,-0.21,-9383.1,-18.77,16
146,Entry short,2025-10-01 09:58,JJ_S,24782.75,3,148696.5,-306.72,-0.21,3.72,164.64,0.11,-304.86,-0.21,-9383.1,-18.77,16
147,Exit short,2025-10-01 10:35,JJ_SX,24904,6,298542,-313.44,-0.10,7.44,41.28,0.01,-309.72,-0.10,-9696.54,-19.39,4
147,Entry short,2025-10-01 10:31,JJ_S,24878.5,6,298542,-313.44,-0.10,7.44,41.28,0.01,-309.72,-0.10,-9696.54,-19.39,4
148,Exit short,2025-10-01 11:01,JJ_SX,24912.25,6,298641,-313.44,-0.10,7.44,17.28,0.01,-309.72,-0.10,-10009.98,-20.02,9
148,Entry short,2025-10-01 10:52,JJ_S,24886.75,6,298641,-313.44,-0.10,7.44,17.28,0.01,-309.72,-0.10,-10009.98,-20.02,9
149,Exit long,2025-10-02 09:49,JJ_LX,25043.75,6,300831,-313.44,-0.10,7.44,20.28,0.01,-309.72,-0.10,-10323.42,-20.65,3
149,Entry long,2025-10-02 09:46,JJ_L,25069.25,6,300831,-313.44,-0.10,7.44,20.28,0.01,-309.72,-0.10,-10323.42,-20.65,3
150,Exit long,2025-10-02 10:46,JJ_LX,25030.5,6,300672,-313.44,-0.10,7.44,425.28,0.14,-309.72,-0.10,-10636.86,-21.27,48
150,Entry long,2025-10-02 09:58,JJ_L,25056,6,300672,-313.44,-0.10,7.44,425.28,0.14,-309.72,-0.10,-10636.86,-21.27,48
151,Exit long,2025-10-02 11:00,JJ_LX,25014.5,6,300480,-313.44,-0.10,7.44,200.28,0.07,-309.72,-0.10,-10950.3,-21.90,13
151,Entry long,2025-10-02 10:47,JJ_L,25040,6,300480,-313.44,-0.10,7.44,200.28,0.07,-309.72,-0.10,-10950.3,-21.90,13
152,Exit long,2025-10-03 10:37,JJ_LX,25111.5,6,300891,439.56,0.15,7.44,443.28,0.15,-216.72,-0.07,-10510.74,-21.02,28
152,Entry long,2025-10-03 10:09,JJ_L,25074.25,6,300891,439.56,0.15,7.44,443.28,0.15,-216.72,-0.07,-10510.74,-21.02,28
153,Exit long,2025-10-03 11:57,JJ_LX,25148,6,301329,439.56,0.15,7.44,443.28,0.15,-237.72,-0.08,-10071.18,-20.14,80
153,Entry long,2025-10-03 10:37,JJ_L,25110.75,6,301329,439.56,0.15,7.44,443.28,0.15,-237.72,-0.08,-10071.18,-20.14,80
154,Exit long,2025-10-06 09:51,JJ_LX,25140.75,6,301995,-313.44,-0.10,7.44,92.28,0.03,-309.72,-0.10,-10384.62,-20.77,5
154,Entry long,2025-10-06 09:46,JJ_L,25166.25,6,301995,-313.44,-0.10,7.44,92.28,0.03,-309.72,-0.10,-10384.62,-20.77,5
155,Exit long,2025-10-06 10:31,JJ_LX,25130,6,301866,-313.44,-0.10,7.44,344.28,0.11,-309.72,-0.10,-10698.06,-21.40,33
155,Entry long,2025-10-06 09:58,JJ_L,25155.5,6,301866,-313.44,-0.10,7.44,344.28,0.11,-309.72,-0.10,-10698.06,-21.40,33
156,Exit long,2025-10-06 10:42,JJ_LX,25116.75,6,301707,-313.44,-0.10,7.44,41.28,0.01,-309.72,-0.10,-11011.5,-22.02,10
156,Entry long,2025-10-06 10:32,JJ_L,25142.25,6,301707,-313.44,-0.10,7.44,41.28,0.01,-309.72,-0.10,-11011.5,-22.02,10
157,Exit long,2025-10-06 11:05,JJ_LX,25166.25,6,301548,439.56,0.15,7.44,443.28,0.15,-78.72,-0.03,-10571.94,-21.14,23
157,Entry long,2025-10-06 10:42,JJ_L,25129,6,301548,439.56,0.15,7.44,443.28,0.15,-78.72,-0.03,-10571.94,-21.14,23
158,Exit short,2025-10-07 10:03,JJ_SX,25216.25,6,303042,439.56,0.15,7.44,443.28,0.15,-27.72,-0.01,-10132.38,-20.26,7
158,Entry short,2025-10-07 09:56,JJ_S,25253.5,6,303042,439.56,0.15,7.44,443.28,0.15,-27.72,-0.01,-10132.38,-20.26,7
159,Exit long,2025-10-07 10:35,JJ_LX,25201.5,6,302724,-313.44,-0.10,7.44,23.28,0.01,-309.72,-0.10,-10445.82,-20.89,2
159,Entry long,2025-10-07 10:33,JJ_L,25227,6,302724,-313.44,-0.10,7.44,23.28,0.01,-309.72,-0.10,-10445.82,-20.89,2
160,Exit long,2025-10-07 10:50,JJ_LX,25183,6,302502,-313.44,-0.10,7.44,32.28,0.01,-309.72,-0.10,-10759.26,-21.52,10
160,Entry long,2025-10-07 10:40,JJ_L,25208.5,6,302502,-313.44,-0.10,7.44,32.28,0.01,-309.72,-0.10,-10759.26,-21.52,10
161,Exit short,2025-10-08 09:57,JJ_SX,25173.5,6,301776,-313.44,-0.10,7.44,59.28,0.02,-309.72,-0.10,-11072.7,-22.15,7
161,Entry short,2025-10-08 09:50,JJ_S,25148,6,301776,-313.44,-0.10,7.44,59.28,0.02,-309.72,-0.10,-11072.7,-22.15,7
162,Exit short,2025-10-08 11:25,JJ_SX,25235,6,302514,-313.44,-0.10,7.44,437.28,0.14,-309.72,-0.10,-11386.14,-22.77,67
162,Entry short,2025-10-08 10:18,JJ_S,25209.5,6,302514,-313.44,-0.10,7.44,437.28,0.14,-309.72,-0.10,-11386.14,-22.77,67
163,Exit long,2025-10-09 09:53,JJ_LX,25269,6,303534,-313.44,-0.10,7.44,266.28,0.09,-309.72,-0.10,-11699.58,-23.40,5
163,Entry long,2025-10-09 09:48,JJ_L,25294.5,6,303534,-313.44,-0.10,7.44,266.28,0.09,-309.72,-0.10,-11699.58,-23.40,5
164,Exit long,2025-10-09 10:21,JJ_LX,25247,6,303270,-313.44,-0.10,7.44,254.28,0.08,-309.72,-0.10,-12013.02,-24.03,25
164,Entry long,2025-10-09 09:56,JJ_L,25272.5,6,303270,-313.44,-0.10,7.44,254.28,0.08,-309.72,-0.10,-12013.02,-24.03,25
165,Exit long,2025-10-09 10:44,JJ_LX,25203,6,302742,-313.44,-0.10,7.44,50.28,0.02,-309.72,-0.10,-12326.46,-24.65,4
165,Entry long,2025-10-09 10:40,JJ_L,25228.5,6,302742,-313.44,-0.10,7.44,50.28,0.02,-309.72,-0.10,-12326.46,-24.65,4
166,Exit long,2025-10-09 10:57,JJ_LX,25252.5,6,302583,439.56,0.15,7.44,443.28,0.15,-15.72,-0.01,-11886.9,-23.77,9
166,Entry long,2025-10-09 10:48,JJ_L,25215.25,6,302583,439.56,0.15,7.44,443.28,0.15,-15.72,-0.01,-11886.9,-23.77,9
167,Exit long,2025-10-09 11:24,JJ_LX,25230.75,6,303075,-313.44,-0.10,7.44,212.28,0.07,-309.72,-0.10,-12200.34,-24.40,27
167,Entry long,2025-10-09 10:57,JJ_L,25256.25,6,303075,-313.44,-0.10,7.44,212.28,0.07,-309.72,-0.10,-12200.34,-24.40,27
168,Exit short,2025-10-10 09:50,JJ_SX,25339.5,6,304521,439.56,0.14,7.44,443.28,0.15,-138.72,-0.05,-11760.78,-23.52,4
168,Entry short,2025-10-10 09:46,JJ_S,25376.75,6,304521,439.56,0.14,7.44,443.28,0.15,-138.72,-0.05,-11760.78,-23.52,4
169,Exit short,2025-10-10 10:16,JJ_SX,25302.5,6,304077,439.56,0.14,7.44,443.28,0.15,-186.72,-0.06,-11321.22,-22.64,6
169,Entry short,2025-10-10 10:10,JJ_S,25339.75,6,304077,439.56,0.14,7.44,443.28,0.15,-186.72,-0.06,-11321.22,-22.64,6
170,Exit short,2025-10-10 10:48,JJ_SX,25358.75,6,303999,-313.44,-0.10,7.44,209.28,0.07,-309.72,-0.10,-11634.66,-23.27,20
170,Entry short,2025-10-10 10:28,JJ_S,25333.25,6,303999,-313.44,-0.10,7.44,209.28,0.07,-309.72,-0.10,-11634.66,-23.27,20
171,Exit short,2025-10-10 10:57,JJ_SX,25298.5,6,304029,439.56,0.14,7.44,443.28,0.15,-126.72,-0.04,-11195.1,-22.39,5
171,Entry short,2025-10-10 10:52,JJ_S,25335.75,6,304029,439.56,0.14,7.44,443.28,0.15,-126.72,-0.04,-11195.1,-22.39,5
172,Exit long,2025-10-13 09:57,JJ_LX,24878.5,3,148822.5,444.78,0.30,3.72,446.64,0.30,-57.36,-0.04,-10750.32,-21.50,11
172,Entry long,2025-10-13 09:46,JJ_L,24803.75,3,148822.5,444.78,0.30,3.72,446.64,0.30,-57.36,-0.04,-10750.32,-21.50,11
173,Exit short,2025-10-13 10:22,JJ_SX,24815.75,3,149343,444.78,0.30,3.72,446.64,0.30,-21.36,-0.01,-10305.54,-20.61,6
173,Entry short,2025-10-13 10:16,JJ_S,24890.5,3,149343,444.78,0.30,3.72,446.64,0.30,-21.36,-0.01,-10305.54,-20.61,6
174,Exit long,2025-10-13 11:19,JJ_LX,24867.25,3,148755,444.78,0.30,3.72,446.64,0.30,-295.86,-0.20,-9860.76,-19.72,26
174,Entry long,2025-10-13 10:53,JJ_L,24792.5,3,148755,444.78,0.30,3.72,446.64,0.30,-295.86,-0.20,-9860.76,-19.72,26
175,Exit long,2025-10-14 10:07,JJ_LX,24618.75,3,147264,444.78,0.30,3.72,446.64,0.30,-63.36,-0.04,-9415.98,-18.83,14
175,Entry long,2025-10-14 09:53,JJ_L,24544,3,147264,444.78,0.30,3.72,446.64,0.30,-63.36,-0.04,-9415.98,-18.83,14
176,Exit long,2025-10-14 10:23,JJ_LX,24683,3,147649.5,444.78,0.30,3.72,446.64,0.30,-37.86,-0.03,-8971.2,-17.94,11
176,Entry long,2025-10-14 10:12,JJ_L,24608.25,3,147649.5,444.78,0.30,3.72,446.64,0.30,-37.86,-0.03,-8971.2,-17.94,11
177,Exit short,2025-10-14 11:05,JJ_SX,24750.5,3,148200,-306.72,-0.21,3.72,175.14,0.12,-304.86,-0.21,-9277.92,-18.56,35
177,Entry short,2025-10-14 10:30,JJ_S,24700,3,148200,-306.72,-0.21,3.72,175.14,0.12,-304.86,-0.21,-9277.92,-18.56,35
178,Exit long,2025-10-15 09:55,JJ_LX,24993,3,149509.5,444.78,0.30,3.72,446.64,0.30,-60.36,-0.04,-8833.14,-17.67,6
178,Entry long,2025-10-15 09:49,JJ_L,24918.25,3,149509.5,444.78,0.30,3.72,446.64,0.30,-60.36,-0.04,-8833.14,-17.67,6
179,Exit short,2025-10-15 11:34,JJ_SX,25011.5,3,150517.5,444.78,0.30,3.72,446.64,0.30,-190.86,-0.13,-8388.36,-16.78,83
179,Entry short,2025-10-15 10:11,JJ_S,25086.25,3,150517.5,444.78,0.30,3.72,446.64,0.30,-190.86,-0.13,-8388.36,-16.78,83
180,Exit short,2025-10-16 10:35,JJ_SX,25116.75,3,150397.5,-306.72,-0.20,3.72,314.64,0.21,-304.86,-0.20,-8695.08,-17.39,48
180,Entry short,2025-10-16 09:47,JJ_S,25066.25,3,150397.5,-306.72,-0.20,3.72,314.64,0.21,-304.86,-0.20,-8695.08,-17.39,48
181,Exit short,2025-10-16 10:44,JJ_SX,25179,3,150771,-306.72,-0.20,3.72,53.64,0.04,-304.86,-0.20,-9001.8,-18.00,6
181,Entry short,2025-10-16 10:38,JJ_S,25128.5,3,150771,-306.72,-0.20,3.72,53.64,0.04,-304.86,-0.20,-9001.8,-18.00,6
182,Exit short,2025-10-17 09:52,JJ_SX,24816.25,3,148594.5,-306.72,-0.21,3.72,13.14,0.01,-304.86,-0.21,-9308.52,-18.62,3
182,Entry short,2025-10-17 09:49,JJ_S,24765.75,3,148594.5,-306.72,-0.21,3.72,13.14,0.01,-304.86,-0.21,-9308.52,-18.62,3
183,Exit short,2025-10-17 10:00,JJ_SX,24786,3,149164.5,444.78,0.30,3.72,446.64,0.30,-19.86,-0.01,-8863.74,-17.73,3
183,Entry short,2025-10-17 09:57,JJ_S,24860.75,3,149164.5,444.78,0.30,3.72,446.64,0.30,-19.86,-0.01,-8863.74,-17.73,3
184,Exit short,2025-10-17 10:02,JJ_SX,24833.5,3,148698,-306.72,-0.21,3.72,38.64,0.03,-304.86,-0.21,-9170.46,-18.34,2
184,Entry short,2025-10-17 10:00,JJ_S,24783,3,148698,-306.72,-0.21,3.72,38.64,0.03,-304.86,-0.21,-9170.46,-18.34,2
185,Exit short,2025-10-17 10:11,JJ_SX,24881.25,3,148984.5,-306.72,-0.21,3.72,116.64,0.08,-304.86,-0.20,-9477.18,-18.95,4
185,Entry short,2025-10-17 10:07,JJ_S,24830.75,3,148984.5,-306.72,-0.21,3.72,116.64,0.08,-304.86,-0.20,-9477.18,-18.95,4
186,Exit short,2025-10-17 10:35,JJ_SX,24829.5,3,149425.5,444.78,0.30,3.72,446.64,0.30,-192.36,-0.13,-9032.4,-18.06,18
186,Entry short,2025-10-17 10:17,JJ_S,24904.25,3,149425.5,444.78,0.30,3.72,446.64,0.30,-192.36,-0.13,-9032.4,-18.06,18
187,Exit short,2025-10-20 10:22,JJ_SX,25243.5,6,302616,-313.44,-0.10,7.44,29.28,0.01,-309.72,-0.10,-9345.84,-18.69,5
187,Entry short,2025-10-20 10:17,JJ_S,25218,6,302616,-313.44,-0.10,7.44,29.28,0.01,-309.72,-0.10,-9345.84,-18.69,5
188,Exit short,2025-10-20 10:43,JJ_SX,25300.25,6,303297,-313.44,-0.10,7.44,113.28,0.04,-309.72,-0.10,-9659.28,-19.32,13
188,Entry short,2025-10-20 10:30,JJ_S,25274.75,6,303297,-313.44,-0.10,7.44,113.28,0.04,-309.72,-0.10,-9659.28,-19.32,13
189,Exit short,2025-10-20 11:50,JJ_SX,25337.5,6,303744,-313.44,-0.10,7.44,269.28,0.09,-309.72,-0.10,-9972.72,-19.95,54
189,Entry short,2025-10-20 10:56,JJ_S,25312,6,303744,-313.44,-0.10,7.44,269.28,0.09,-309.72,-0.10,-9972.72,-19.95,54
190,Exit long,2025-10-21 09:48,JJ_LX,25232.5,6,303096,-313.44,-0.10,7.44,38.28,0.01,-309.72,-0.10,-10286.16,-20.57,2
190,Entry long,2025-10-21 09:46,JJ_L,25258,6,303096,-313.44,-0.10,7.44,38.28,0.01,-309.72,-0.10,-10286.16,-20.57,2
191,Exit long,2025-10-21 09:57,JJ_LX,25215.25,6,302889,-313.44,-0.10,7.44,389.28,0.13,-309.72,-0.10,-10599.6,-21.20,8
191,Entry long,2025-10-21 09:49,JJ_L,25240.75,6,302889,-313.44,-0.10,7.44,389.28,0.13,-309.72,-0.10,-10599.6,-21.20,8
192,Exit long,2025-10-21 10:02,JJ_LX,25212.75,6,302859,-313.44,-0.10,7.44,44.28,0.01,-309.72,-0.10,-10913.04,-21.83,4
192,Entry long,2025-10-21 09:58,JJ_L,25238.25,6,302859,-313.44,-0.10,7.44,44.28,0.01,-309.72,-0.10,-10913.04,-21.83,4
193,Exit long,2025-10-21 10:20,JJ_LX,25277.25,6,302880,439.56,0.15,7.44,443.28,0.15,-261.72,-0.09,-10473.48,-20.95,15
193,Entry long,2025-10-21 10:05,JJ_L,25240,6,302880,439.56,0.15,7.44,443.28,0.15,-261.72,-0.09,-10473.48,-20.95,15
194,Exit long,2025-10-21 10:37,JJ_LX,25260,6,302673,439.56,0.15,7.44,443.28,0.15,-33.72,-0.01,-10033.92,-20.07,4
194,Entry long,2025-10-21 10:33,JJ_L,25222.75,6,302673,439.56,0.15,7.44,443.28,0.15,-33.72,-0.01,-10033.92,-20.07,4
195,Exit long,2025-10-22 10:42,JJ_LX,25079.5,3,150780,-306.72,-0.20,3.72,5.64,0.00,-304.86,-0.20,-10340.64,-20.68,6
195,Entry long,2025-10-22 10:36,JJ_L,25130,3,150780,-306.72,-0.20,3.72,5.64,0.00,-304.86,-0.20,-10340.64,-20.68,6
196,Exit long,2025-10-22 10:59,JJ_LX,25170.5,3,150574.5,444.78,0.30,3.72,446.64,0.30,-39.36,-0.03,-9895.86,-19.79,11
196,Entry long,2025-10-22 10:48,JJ_L,25095.75,3,150574.5,444.78,0.30,3.72,446.64,0.30,-39.36,-0.03,-9895.86,-19.79,11
197,Exit short,2025-10-23 09:49,JJ_SX,25128,6,301230,-313.44,-0.10,7.44,92.28,0.03,-309.72,-0.10,-10209.3,-20.42,3
197,Entry short,2025-10-23 09:46,JJ_S,25102.5,6,301230,-313.44,-0.10,7.44,92.28,0.03,-309.72,-0.10,-10209.3,-20.42,3
198,Exit short,2025-10-23 10:10,JJ_SX,25117.5,6,301857,439.56,0.15,7.44,443.28,0.15,-261.72,-0.09,-9769.74,-19.54,13
198,Entry short,2025-10-23 09:57,JJ_S,25154.75,6,301857,439.56,0.15,7.44,443.28,0.15,-261.72,-0.09,-9769.74,-19.54,13
199,Exit short,2025-10-23 10:49,JJ_SX,25195.5,3,150870,-306.72,-0.20,3.72,68.64,0.05,-304.86,-0.20,-10076.46,-20.15,24
199,Entry short,2025-10-23 10:25,JJ_S,25145,3,150870,-306.72,-0.20,3.72,68.64,0.05,-304.86,-0.20,-10076.46,-20.15,24
200,Exit short,2025-10-23 11:00,JJ_SX,25192.25,6,302001,-313.44,-0.10,7.44,227.28,0.08,-309.72,-0.10,-10389.9,-20.78,8
200,Entry short,2025-10-23 10:52,JJ_S,25166.75,6,302001,-313.44,-0.10,7.44,227.28,0.08,-309.72,-0.10,-10389.9,-20.78,8
201,Exit short,2025-10-24 09:59,JJ_SX,25519.25,6,305925,-313.44,-0.10,7.44,353.28,0.12,-309.72,-0.10,-10703.34,-21.41,12
201,Entry short,2025-10-24 09:47,JJ_S,25493.75,6,305925,-313.44,-0.10,7.44,353.28,0.12,-309.72,-0.10,-10703.34,-21.41,12
202,Exit short,2025-10-24 10:56,JJ_SX,25432.75,3,153045,444.78,0.29,3.72,446.64,0.29,-204.36,-0.13,-10258.56,-20.52,54
202,Entry short,2025-10-24 10:02,JJ_S,25507.5,3,153045,444.78,0.29,3.72,446.64,0.29,-204.36,-0.13,-10258.56,-20.52,54
203,Exit long,2025-10-24 11:13,JJ_LX,25495.75,6,305502,439.56,0.14,7.44,443.28,0.15,-45.72,-0.01,-9819,-19.64,16
203,Entry long,2025-10-24 10:57,JJ_L,25458.5,6,305502,439.56,0.14,7.44,443.28,0.15,-45.72,-0.01,-9819,-19.64,16
204,Exit short,2025-10-27 09:48,JJ_SX,25850.25,6,309897,-313.44,-0.10,7.44,2.28,0.00,-309.72,-0.10,-10132.44,-20.26,3
204,Entry short,2025-10-27 09:45,JJ_S,25824.75,6,309897,-313.44,-0.10,7.44,2.28,0.00,-309.72,-0.10,-10132.44,-20.26,3
205,Exit short,2025-10-27 10:20,JJ_SX,25828.25,6,310386,439.56,0.14,7.44,443.28,0.14,-105.72,-0.03,-9692.88,-19.39,13
205,Entry short,2025-10-27 10:07,JJ_S,25865.5,6,310386,439.56,0.14,7.44,443.28,0.14,-105.72,-0.03,-9692.88,-19.39,13
206,Exit short,2025-10-27 10:28,JJ_SX,25855.25,6,309957,-313.44,-0.10,7.44,71.28,0.02,-309.72,-0.10,-10006.32,-20.01,7
206,Entry short,2025-10-27 10:21,JJ_S,25829.75,6,309957,-313.44,-0.10,7.44,71.28,0.02,-309.72,-0.10,-10006.32,-20.01,7
207,Exit short,2025-10-27 11:34,JJ_SX,25904.25,6,310545,-313.44,-0.10,7.44,341.28,0.11,-309.72,-0.10,-10319.76,-20.64,54
207,Entry short,2025-10-27 10:40,JJ_S,25878.75,6,310545,-313.44,-0.10,7.44,341.28,0.11,-309.72,-0.10,-10319.76,-20.64,54
208,Exit long,2025-10-28 09:56,JJ_LX,26079,6,312501,439.56,0.14,7.44,443.28,0.14,-156.72,-0.05,-9880.2,-19.76,3
208,Entry long,2025-10-28 09:53,JJ_L,26041.75,6,312501,439.56,0.14,7.44,443.28,0.14,-156.72,-0.05,-9880.2,-19.76,3
209,Exit short,2025-10-28 10:40,JJ_SX,26022.25,6,312714,439.56,0.14,7.44,443.28,0.14,-201.72,-0.06,-9440.64,-18.88,35
209,Entry short,2025-10-28 10:05,JJ_S,26059.5,6,312714,439.56,0.14,7.44,443.28,0.14,-201.72,-0.06,-9440.64,-18.88,35
210,Exit long,2025-10-28 11:35,JJ_LX,26011.75,6,312447,-313.44,-0.10,7.44,227.28,0.07,-309.72,-0.10,-9754.08,-19.51,48
210,Entry long,2025-10-28 10:47,JJ_L,26037.25,6,312447,-313.44,-0.10,7.44,227.28,0.07,-309.72,-0.10,-9754.08,-19.51,48
211,Exit short,2025-10-29 09:56,JJ_SX,26314.5,6,315468,-313.44,-0.10,7.44,17.28,0.01,-309.72,-0.10,-10067.52,-20.14,3
211,Entry short,2025-10-29 09:53,JJ_S,26289,6,315468,-313.44,-0.10,7.44,17.28,0.01,-309.72,-0.10,-10067.52,-20.14,3
212,Exit short,2025-10-29 10:08,JJ_SX,26276,6,315759,439.56,0.14,7.44,443.28,0.14,-27.72,-0.01,-9627.96,-19.26,6
212,Entry short,2025-10-29 10:02,JJ_S,26313.25,6,315759,439.56,0.14,7.44,443.28,0.14,-27.72,-0.01,-9627.96,-19.26,6
213,Exit short,2025-10-29 10:31,JJ_SX,26304.75,6,315351,-313.44,-0.10,7.44,206.28,0.07,-309.72,-0.10,-9941.4,-19.88,20
213,Entry short,2025-10-29 10:11,JJ_S,26279.25,6,315351,-313.44,-0.10,7.44,206.28,0.07,-309.72,-0.10,-9941.4,-19.88,20
214,Exit short,2025-10-29 10:50,JJ_SX,26253.75,6,315492,439.56,0.14,7.44,443.28,0.14,-135.72,-0.04,-9501.84,-19.00,10
214,Entry short,2025-10-29 10:40,JJ_S,26291,6,315492,439.56,0.14,7.44,443.28,0.14,-135.72,-0.04,-9501.84,-19.00,10
215,Exit long,2025-10-30 09:51,JJ_LX,26105.75,3,156186,444.78,0.28,3.72,446.64,0.29,-106.86,-0.07,-9057.06,-18.11,5
215,Entry long,2025-10-30 09:46,JJ_L,26031,3,156186,444.78,0.28,3.72,446.64,0.29,-106.86,-0.07,-9057.06,-18.11,5
216,Exit long,2025-10-30 10:56,JJ_LX,25981.75,3,156193.5,-306.72,-0.20,3.72,395.64,0.25,-304.86,-0.20,-9363.78,-18.73,30
216,Entry long,2025-10-30 10:26,JJ_L,26032.25,3,156193.5,-306.72,-0.20,3.72,395.64,0.25,-304.86,-0.20,-9363.78,-18.73,30
217,Exit long,2025-10-30 12:12,JJ_LX,26082,3,156043.5,444.78,0.29,3.72,446.64,0.29,-243.36,-0.16,-8919,-17.84,75
217,Entry long,2025-10-30 10:57,JJ_L,26007.25,3,156043.5,444.78,0.29,3.72,446.64,0.29,-243.36,-0.16,-8919,-17.84,75
218,Exit long,2025-10-31 09:54,JJ_LX,26084.5,6,313320,-313.44,-0.10,7.44,257.28,0.08,-309.72,-0.10,-9232.44,-18.46,8
218,Entry long,2025-10-31 09:46,JJ_L,26110,6,313320,-313.44,-0.10,7.44,257.28,0.08,-309.72,-0.10,-9232.44,-18.46,8
219,Exit long,2025-10-31 10:42,JJ_LX,26162.25,3,156525,444.78,0.28,3.72,446.64,0.29,-180.36,-0.12,-8787.66,-17.58,37
219,Entry long,2025-10-31 10:05,JJ_L,26087.5,3,156525,444.78,0.28,3.72,446.64,0.29,-180.36,-0.12,-8787.66,-17.58,37
220,Exit long,2025-10-31 11:27,JJ_LX,26137.75,6,313959,-313.44,-0.10,7.44,233.28,0.07,-309.72,-0.10,-9101.1,-18.20,44
220,Entry long,2025-10-31 10:43,JJ_L,26163.25,6,313959,-313.44,-0.10,7.44,233.28,0.07,-309.72,-0.10,-9101.1,-18.20,44
221,Exit long,2025-11-03 09:49,JJ_LX,26154,6,314154,-313.44,-0.10,7.44,32.28,0.01,-309.72,-0.10,-9414.54,-18.83,4
221,Entry long,2025-11-03 09:45,JJ_L,26179.5,6,314154,-313.44,-0.10,7.44,32.28,0.01,-309.72,-0.10,-9414.54,-18.83,4
222,Exit long,2025-11-03 10:00,JJ_LX,26118.75,6,313731,-313.44,-0.10,7.44,149.28,0.05,-309.72,-0.10,-9727.98,-19.46,9
222,Entry long,2025-11-03 09:51,JJ_L,26144.25,6,313731,-313.44,-0.10,7.44,149.28,0.05,-309.72,-0.10,-9727.98,-19.46,9
223,Exit long,2025-11-03 10:16,JJ_LX,26099.5,6,313500,-313.44,-0.10,7.44,356.28,0.11,-309.72,-0.10,-10041.42,-20.08,8
223,Entry long,2025-11-03 10:08,JJ_L,26125,6,313500,-313.44,-0.10,7.44,356.28,0.11,-309.72,-0.10,-10041.42,-20.08,8
224,Exit long,2025-11-03 10:44,JJ_LX,26097.5,6,312723,439.56,0.14,7.44,443.28,0.14,-24.72,-0.01,-9601.86,-19.20,6
224,Entry long,2025-11-03 10:38,JJ_L,26060.25,6,312723,439.56,0.14,7.44,443.28,0.14,-24.72,-0.01,-9601.86,-19.20,6
225,Exit long,2025-11-03 10:58,JJ_LX,26112.25,6,312900,439.56,0.14,7.44,443.28,0.14,-90.72,-0.03,-9162.3,-18.32,8
225,Entry long,2025-11-03 10:50,JJ_L,26075,6,312900,439.56,0.14,7.44,443.28,0.14,-90.72,-0.03,-9162.3,-18.32,8
226,Exit short,2025-11-04 10:55,JJ_SX,25792.25,3,155202,444.78,0.29,3.72,446.64,0.29,-162.36,-0.10,-8717.52,-17.44,52
226,Entry short,2025-11-04 10:03,JJ_S,25867,3,155202,444.78,0.29,3.72,446.64,0.29,-162.36,-0.10,-8717.52,-17.44,52
227,Exit short,2025-11-04 11:00,JJ_SX,25817.25,6,309501,-313.44,-0.10,7.44,332.28,0.11,-309.72,-0.10,-9030.96,-18.06,5
227,Entry short,2025-11-04 10:55,JJ_S,25791.75,6,309501,-313.44,-0.10,7.44,332.28,0.11,-309.72,-0.10,-9030.96,-18.06,5
228,Exit short,2025-11-05 10:26,JJ_SX,25699.5,3,153894,-306.72,-0.20,3.72,181.14,0.12,-304.86,-0.20,-9337.68,-18.68,7
228,Entry short,2025-11-05 10:19,JJ_S,25649,3,153894,-306.72,-0.20,3.72,181.14,0.12,-304.86,-0.20,-9337.68,-18.68,7
229,Exit short,2025-11-05 11:29,JJ_SX,25746.25,3,154174.5,-306.72,-0.20,3.72,223.14,0.14,-304.86,-0.20,-9644.4,-19.29,55
229,Entry short,2025-11-05 10:34,JJ_S,25695.75,3,154174.5,-306.72,-0.20,3.72,223.14,0.14,-304.86,-0.20,-9644.4,-19.29,55
230,Exit long,2025-11-06 09:50,JJ_LX,25592,3,153855,-306.72,-0.20,3.72,181.14,0.12,-304.86,-0.20,-9951.12,-19.90,5
230,Entry long,2025-11-06 09:45,JJ_L,25642.5,3,153855,-306.72,-0.20,3.72,181.14,0.12,-304.86,-0.20,-9951.12,-19.90,5
231,Exit long,2025-11-06 10:14,JJ_LX,25422,3,152835,-306.72,-0.20,3.72,103.14,0.07,-304.86,-0.20,-10257.84,-20.52,8
231,Entry long,2025-11-06 10:06,JJ_L,25472.5,3,152835,-306.72,-0.20,3.72,103.14,0.07,-304.86,-0.20,-10257.84,-20.52,8
232,Exit long,2025-11-06 10:33,JJ_LX,25448.5,3,152994,-306.72,-0.20,3.72,268.14,0.18,-304.86,-0.20,-10564.56,-21.13,15
232,Entry long,2025-11-06 10:18,JJ_L,25499,3,152994,-306.72,-0.20,3.72,268.14,0.18,-304.86,-0.20,-10564.56,-21.13,15
233,Exit long,2025-11-06 10:48,JJ_LX,25313.75,3,152185.5,-306.72,-0.20,3.72,0,0.00,-304.86,-0.20,-10871.28,-21.74,3
233,Entry long,2025-11-06 10:45,JJ_L,25364.25,3,152185.5,-306.72,-0.20,3.72,0,0.00,-304.86,-0.20,-10871.28,-21.74,3
234,Exit long,2025-11-06 11:22,JJ_LX,25288.75,3,152035.5,-306.72,-0.20,3.72,185.64,0.12,-304.86,-0.20,-11178,-22.36,33
234,Entry long,2025-11-06 10:49,JJ_L,25339.25,3,152035.5,-306.72,-0.20,3.72,185.64,0.12,-304.86,-0.20,-11178,-22.36,33
235,Exit long,2025-11-07 09:49,JJ_LX,24937.25,3,149926.5,-306.72,-0.20,3.72,59.64,0.04,-304.86,-0.20,-11484.72,-22.97,1
235,Entry long,2025-11-07 09:48,JJ_L,24987.75,3,149926.5,-306.72,-0.20,3.72,59.64,0.04,-304.86,-0.20,-11484.72,-22.97,1
236,Exit long,2025-11-07 10:03,JJ_LX,24947.75,3,149989.5,-306.72,-0.20,3.72,281.64,0.19,-304.86,-0.20,-11791.44,-23.58,11
236,Entry long,2025-11-07 09:52,JJ_L,24998.25,3,149989.5,-306.72,-0.20,3.72,281.64,0.19,-304.86,-0.20,-11791.44,-23.58,11
237,Exit long,2025-11-07 10:11,JJ_LX,25006.75,3,149592,444.78,0.30,3.72,446.64,0.30,-84.36,-0.06,-11346.66,-22.69,3
237,Entry long,2025-11-07 10:08,JJ_L,24932,3,149592,444.78,0.30,3.72,446.64,0.30,-84.36,-0.06,-11346.66,-22.69,3
238,Exit long,2025-11-07 10:33,JJ_LX,24944.75,3,149971.5,-306.72,-0.20,3.72,184.14,0.12,-304.86,-0.20,-11653.38,-23.31,8
238,Entry long,2025-11-07 10:25,JJ_L,24995.25,3,149971.5,-306.72,-0.20,3.72,184.14,0.12,-304.86,-0.20,-11653.38,-23.31,8
239,Exit long,2025-11-07 10:39,JJ_LX,24894.75,3,149671.5,-306.72,-0.20,3.72,116.64,0.08,-304.86,-0.20,-11960.1,-23.92,3
239,Entry long,2025-11-07 10:36,JJ_L,24945.25,3,149671.5,-306.72,-0.20,3.72,116.64,0.08,-304.86,-0.20,-11960.1,-23.92,3
240,Exit short,2025-11-10 09:55,JJ_SX,25620,6,307134,-313.44,-0.10,7.44,68.28,0.02,-309.72,-0.10,-12273.54,-24.55,3
240,Entry short,2025-11-10 09:52,JJ_S,25594.5,6,307134,-313.44,-0.10,7.44,68.28,0.02,-309.72,-0.10,-12273.54,-24.55,3
241,Exit short,2025-11-10 10:25,JJ_SX,25663.5,6,307656,-313.44,-0.10,7.44,326.28,0.11,-309.72,-0.10,-12586.98,-25.17,26
241,Entry short,2025-11-10 09:59,JJ_S,25638,6,307656,-313.44,-0.10,7.44,326.28,0.11,-309.72,-0.10,-12586.98,-25.17,26
242,Exit short,2025-11-10 10:48,JJ_SX,25605.25,6,307710,439.56,0.14,7.44,443.28,0.14,-261.72,-0.09,-12147.42,-24.29,19
242,Entry short,2025-11-10 10:29,JJ_S,25642.5,6,307710,439.56,0.14,7.44,443.28,0.14,-261.72,-0.09,-12147.42,-24.29,19
243,Exit short,2025-11-10 10:54,JJ_SX,25540.5,6,306933,439.56,0.14,7.44,443.28,0.14,-39.72,-0.01,-11707.86,-23.42,4
243,Entry short,2025-11-10 10:50,JJ_S,25577.75,6,306933,439.56,0.14,7.44,443.28,0.14,-39.72,-0.01,-11707.86,-23.42,4
244,Exit long,2025-11-11 09:57,JJ_LX,25622.25,6,307020,439.56,0.14,7.44,443.28,0.14,-18.72,-0.01,-11268.3,-22.54,2
244,Entry long,2025-11-11 09:55,JJ_L,25585,6,307020,439.56,0.14,7.44,443.28,0.14,-18.72,-0.01,-11268.3,-22.54,2
245,Exit long,2025-11-11 10:34,JJ_LX,25513.5,3,153384,-306.72,-0.20,3.72,200.64,0.13,-304.86,-0.20,-11575.02,-23.15,27
245,Entry long,2025-11-11 10:07,JJ_L,25564,3,153384,-306.72,-0.20,3.72,200.64,0.13,-304.86,-0.20,-11575.02,-23.15,27
246,Exit long,2025-11-11 10:51,JJ_LX,25497.25,6,306273,-313.44,-0.10,7.44,341.28,0.11,-309.72,-0.10,-11888.46,-23.78,12
246,Entry long,2025-11-11 10:39,JJ_L,25522.75,6,306273,-313.44,-0.10,7.44,341.28,0.11,-309.72,-0.10,-11888.46,-23.78,12
247,Exit long,2025-11-11 11:19,JJ_LX,25544.75,6,306090,439.56,0.14,7.44,443.28,0.14,-60.72,-0.02,-11448.9,-22.90,22
247,Entry long,2025-11-11 10:57,JJ_L,25507.5,6,306090,439.56,0.14,7.44,443.28,0.14,-60.72,-0.02,-11448.9,-22.90,22
248,Exit long,2025-11-12 10:36,JJ_LX,25549.75,3,153601.5,-306.72,-0.20,3.72,355.14,0.23,-304.86,-0.20,-11755.62,-23.51,46
248,Entry long,2025-11-12 09:50,JJ_L,25600.25,3,153601.5,-306.72,-0.20,3.72,355.14,0.23,-304.86,-0.20,-11755.62,-23.51,46
249,Exit long,2025-11-12 11:10,JJ_LX,25512.5,3,153378,-306.72,-0.20,3.72,292.14,0.19,-304.86,-0.20,-12062.34,-24.12,33
249,Entry long,2025-11-12 10:37,JJ_L,25563,3,153378,-306.72,-0.20,3.72,292.14,0.19,-304.86,-0.20,-12062.34,-24.12,33
250,Exit long,2025-11-13 09:57,JJ_LX,25401.75,3,151962,444.78,0.29,3.72,446.64,0.29,-120.36,-0.08,-11617.56,-23.24,9
250,Entry long,2025-11-13 09:48,JJ_L,25327,3,151962,444.78,0.29,3.72,446.64,0.29,-120.36,-0.08,-11617.56,-23.24,9
251,Exit long,2025-11-13 10:08,JJ_LX,25434.5,3,152158.5,444.78,0.29,3.72,446.64,0.29,-217.86,-0.14,-11172.78,-22.35,5
251,Entry long,2025-11-13 10:03,JJ_L,25359.75,3,152158.5,444.78,0.29,3.72,446.64,0.29,-217.86,-0.14,-11172.78,-22.35,5
252,Exit long,2025-11-13 10:23,JJ_LX,25389.5,3,152640,-306.72,-0.20,3.72,340.14,0.22,-304.86,-0.20,-11479.5,-22.96,14
252,Entry long,2025-11-13 10:09,JJ_L,25440,3,152640,-306.72,-0.20,3.72,340.14,0.22,-304.86,-0.20,-11479.5,-22.96,14
253,Exit long,2025-11-13 10:45,JJ_LX,25280.25,3,151984.5,-306.72,-0.20,3.72,28.14,0.02,-304.86,-0.20,-11786.22,-23.57,5
253,Entry long,2025-11-13 10:40,JJ_L,25330.75,3,151984.5,-306.72,-0.20,3.72,28.14,0.02,-304.86,-0.20,-11786.22,-23.57,5
254,Exit long,2025-11-13 11:07,JJ_LX,25192.5,3,151458,-306.72,-0.20,3.72,206.64,0.14,-304.86,-0.20,-12092.94,-24.19,9
254,Entry long,2025-11-13 10:58,JJ_L,25243,3,151458,-306.72,-0.20,3.72,206.64,0.14,-304.86,-0.20,-12092.94,-24.19,9
255,Exit short,2025-11-14 10:16,JJ_SX,24978.75,3,149569.5,-306.72,-0.21,3.72,392.64,0.26,-304.86,-0.20,-12399.66,-24.80,9
255,Entry short,2025-11-14 10:07,JJ_S,24928.25,3,149569.5,-306.72,-0.21,3.72,392.64,0.26,-304.86,-0.20,-12399.66,-24.80,9
256,Exit short,2025-11-14 10:26,JJ_SX,24957,3,149439,-306.72,-0.21,3.72,20.64,0.01,-304.86,-0.20,-12706.38,-25.41,1
256,Entry short,2025-11-14 10:25,JJ_S,24906.5,3,149439,-306.72,-0.21,3.72,20.64,0.01,-304.86,-0.20,-12706.38,-25.41,1
257,Exit short,2025-11-14 11:19,JJ_SX,25165.75,3,150691.5,-306.72,-0.20,3.72,274.14,0.18,-304.86,-0.20,-13013.1,-26.03,24
257,Entry short,2025-11-14 10:55,JJ_S,25115.25,3,150691.5,-306.72,-0.20,3.72,274.14,0.18,-304.86,-0.20,-13013.1,-26.03,24
258,Exit short,2025-11-17 10:09,JJ_SX,25067.5,3,150853.5,444.78,0.29,3.72,446.64,0.30,-102.36,-0.07,-12568.32,-25.14,6
258,Entry short,2025-11-17 10:03,JJ_S,25142.25,3,150853.5,444.78,0.29,3.72,446.64,0.30,-102.36,-0.07,-12568.32,-25.14,6
259,Exit short,2025-11-17 10:29,JJ_SX,25146.5,3,150576,-306.72,-0.20,3.72,238.14,0.16,-304.86,-0.20,-12875.04,-25.75,12
259,Entry short,2025-11-17 10:17,JJ_S,25096,3,150576,-306.72,-0.20,3.72,238.14,0.16,-304.86,-0.20,-12875.04,-25.75,12
260,Exit short,2025-11-17 10:44,JJ_SX,25137.25,3,150520.5,-306.72,-0.20,3.72,166.14,0.11,-304.86,-0.20,-13181.76,-26.36,12
260,Entry short,2025-11-17 10:32,JJ_S,25086.75,3,150520.5,-306.72,-0.20,3.72,166.14,0.11,-304.86,-0.20,-13181.76,-26.36,12
261,Exit short,2025-11-17 11:06,JJ_SX,25013.25,3,150528,444.78,0.30,3.72,446.64,0.30,-208.86,-0.14,-12736.98,-25.47,16
261,Entry short,2025-11-17 10:50,JJ_S,25088,3,150528,444.78,0.30,3.72,446.64,0.30,-208.86,-0.14,-12736.98,-25.47,16
262,Exit long,2025-11-18 09:49,JJ_LX,24618.75,3,148015.5,-306.72,-0.21,3.72,62.64,0.04,-304.86,-0.21,-13043.7,-26.09,1
262,Entry long,2025-11-18 09:48,JJ_L,24669.25,3,148015.5,-306.72,-0.21,3.72,62.64,0.04,-304.86,-0.21,-13043.7,-26.09,1
263,Exit long,2025-11-18 10:07,JJ_LX,24548.5,3,146842.5,444.78,0.30,3.72,446.64,0.30,-18.36,-0.01,-12598.92,-25.20,2
263,Entry long,2025-11-18 10:05,JJ_L,24473.75,3,146842.5,444.78,0.30,3.72,446.64,0.30,-18.36,-0.01,-12598.92,-25.20,2
264,Exit long,2025-11-18 10:16,JJ_LX,24477.5,3,147168,-306.72,-0.21,3.72,116.64,0.08,-304.86,-0.21,-12905.64,-25.81,3
264,Entry long,2025-11-18 10:13,JJ_L,24528,3,147168,-306.72,-0.21,3.72,116.64,0.08,-304.86,-0.21,-12905.64,-25.81,3
265,Exit long,2025-11-18 10:21,JJ_LX,24573,3,146989.5,444.78,0.30,3.72,446.64,0.30,-49.86,-0.03,-12460.86,-24.92,2
265,Entry long,2025-11-18 10:19,JJ_L,24498.25,3,146989.5,444.78,0.30,3.72,446.64,0.30,-49.86,-0.03,-12460.86,-24.92,2
266,Exit long,2025-11-18 10:34,JJ_LX,24529.25,3,147478.5,-306.72,-0.21,3.72,59.64,0.04,-304.86,-0.21,-12767.58,-25.54,2
266,Entry long,2025-11-18 10:32,JJ_L,24579.75,3,147478.5,-306.72,-0.21,3.72,59.64,0.04,-304.86,-0.21,-12767.58,-25.54,2
267,Exit short,2025-11-19 10:48,JJ_SX,24865.5,3,149641.5,444.78,0.30,3.72,446.64,0.30,-178.86,-0.12,-12322.8,-24.65,23
267,Entry short,2025-11-19 10:25,JJ_S,24940.25,3,149641.5,444.78,0.30,3.72,446.64,0.30,-178.86,-0.12,-12322.8,-24.65,23
268,Exit short,2025-11-19 10:55,JJ_SX,24788.75,3,149181,444.78,0.30,3.72,446.64,0.30,-4.86,0.00,-11878.02,-23.76,6
268,Entry short,2025-11-19 10:49,JJ_S,24863.5,3,149181,444.78,0.30,3.72,446.64,0.30,-4.86,0.00,-11878.02,-23.76,6
269,Exit short,2025-11-19 11:06,JJ_SX,24713,3,148726.5,444.78,0.30,3.72,446.64,0.30,-40.86,-0.03,-11433.24,-22.87,11
269,Entry short,2025-11-19 10:55,JJ_S,24787.75,3,148726.5,444.78,0.30,3.72,446.64,0.30,-40.86,-0.03,-11433.24,-22.87,11
270,Exit short,2025-11-20 10:54,JJ_SX,25194.25,3,151614,444.78,0.29,3.72,446.64,0.29,-67.86,-0.04,-10988.46,-21.98,8
270,Entry short,2025-11-20 10:46,JJ_S,25269,3,151614,444.78,0.29,3.72,446.64,0.29,-67.86,-0.04,-10988.46,-21.98,8
271,Exit long,2025-11-21 10:06,JJ_LX,24202.25,3,144765,444.78,0.31,3.72,446.64,0.31,-133.86,-0.09,-10543.68,-21.09,3
271,Entry long,2025-11-21 10:03,JJ_L,24127.5,3,144765,444.78,0.31,3.72,446.64,0.31,-133.86,-0.09,-10543.68,-21.09,3
272,Exit long,2025-11-21 10:20,JJ_LX,24067.25,3,144706.5,-306.72,-0.21,3.72,172.14,0.12,-304.86,-0.21,-10850.4,-21.70,2
272,Entry long,2025-11-21 10:18,JJ_L,24117.75,3,144706.5,-306.72,-0.21,3.72,172.14,0.12,-304.86,-0.21,-10850.4,-21.70,2
273,Exit long,2025-11-21 10:25,JJ_LX,24192,3,144703.5,444.78,0.31,3.72,446.64,0.31,-181.86,-0.13,-10405.62,-20.81,3
273,Entry long,2025-11-21 10:22,JJ_L,24117.25,3,144703.5,444.78,0.31,3.72,446.64,0.31,-181.86,-0.13,-10405.62,-20.81,3
274,Exit long,2025-11-21 10:34,JJ_LX,24012,3,144375,-306.72,-0.21,3.72,139.14,0.10,-304.86,-0.21,-10712.34,-21.42,3
274,Entry long,2025-11-21 10:31,JJ_L,24062.5,3,144375,-306.72,-0.21,3.72,139.14,0.10,-304.86,-0.21,-10712.34,-21.42,3
275,Exit long,2025-11-21 10:46,JJ_LX,24067.5,3,143956.5,444.78,0.31,3.72,446.64,0.31,-81.36,-0.06,-10267.56,-20.54,4
275,Entry long,2025-11-21 10:42,JJ_L,23992.75,3,143956.5,444.78,0.31,3.72,446.64,0.31,-81.36,-0.06,-10267.56,-20.54,4
276,Exit short,2025-11-24 09:53,JJ_SX,24668,3,147705,-306.72,-0.21,3.72,227.64,0.15,-304.86,-0.21,-10574.28,-21.15,4
276,Entry short,2025-11-24 09:49,JJ_S,24617.5,3,147705,-306.72,-0.21,3.72,227.64,0.15,-304.86,-0.21,-10574.28,-21.15,4
277,Exit short,2025-11-24 10:00,JJ_SX,24689.25,3,147832.5,-306.72,-0.21,3.72,77.64,0.05,-304.86,-0.21,-10881,-21.76,6
277,Entry short,2025-11-24 09:54,JJ_S,24638.75,3,147832.5,-306.72,-0.21,3.72,77.64,0.05,-304.86,-0.21,-10881,-21.76,6
278,Exit short,2025-11-24 11:08,JJ_SX,24846.5,3,148776,-306.72,-0.21,3.72,205.14,0.14,-304.86,-0.20,-11187.72,-22.38,22
278,Entry short,2025-11-24 10:46,JJ_S,24796,3,148776,-306.72,-0.21,3.72,205.14,0.14,-304.86,-0.20,-11187.72,-22.38,22
279,Exit long,2025-11-25 09:52,JJ_LX,24727.5,3,147916.5,444.78,0.30,3.72,446.64,0.30,-28.86,-0.02,-10742.94,-21.49,2
279,Entry long,2025-11-25 09:50,JJ_L,24652.75,3,147916.5,444.78,0.30,3.72,446.64,0.30,-28.86,-0.02,-10742.94,-21.49,2
280,Exit long,2025-11-25 09:59,JJ_LX,24821.5,3,148480.5,444.78,0.30,3.72,446.64,0.30,-72.36,-0.05,-10298.16,-20.60,5
280,Entry long,2025-11-25 09:54,JJ_L,24746.75,3,148480.5,444.78,0.30,3.72,446.64,0.30,-72.36,-0.05,-10298.16,-20.60,5
281,Exit long,2025-11-25 10:23,JJ_LX,24704,3,148527,-306.72,-0.21,3.72,164.64,0.11,-304.86,-0.21,-10604.88,-21.21,11
281,Entry long,2025-11-25 10:12,JJ_L,24754.5,3,148527,-306.72,-0.21,3.72,164.64,0.11,-304.86,-0.21,-10604.88,-21.21,11
282,Exit long,2025-11-25 10:44,JJ_LX,24832.25,3,148545,444.78,0.30,3.72,446.64,0.30,-4.86,0.00,-10160.1,-20.32,16
282,Entry long,2025-11-25 10:28,JJ_L,24757.5,3,148545,444.78,0.30,3.72,446.64,0.30,-4.86,0.00,-10160.1,-20.32,16
283,Exit long,2025-11-25 11:52,JJ_LX,24892.25,3,148905,444.78,0.30,3.72,446.64,0.30,-264.36,-0.18,-9715.32,-19.43,55
283,Entry long,2025-11-25 10:57,JJ_L,24817.5,3,148905,444.78,0.30,3.72,446.64,0.30,-264.36,-0.18,-9715.32,-19.43,55
284,Exit long,2025-11-26 10:58,JJ_LX,25258.25,3,151101,444.78,0.29,3.72,446.64,0.30,-249.36,-0.17,-9270.54,-18.54,51
284,Entry long,2025-11-26 10:07,JJ_L,25183.5,3,151101,444.78,0.29,3.72,446.64,0.30,-249.36,-0.17,-9270.54,-18.54,51
285,Exit long,2025-11-27 18:00,flat 15:55,25312.5,9,455328,285.84,0.06,11.16,426.42,0.09,-190.08,-0.04,-8984.7,-17.97,143
285,Entry long,2025-11-27 10:37,JJ_L,25296,9,455328,285.84,0.06,11.16,426.42,0.09,-190.08,-0.04,-8984.7,-17.97,143
286,Exit short,2025-11-28 10:49,JJ_SX,25396.5,6,304452,-313.44,-0.10,7.44,170.28,0.06,-309.72,-0.10,-9298.14,-18.60,23
286,Entry short,2025-11-28 10:26,JJ_S,25371,6,304452,-313.44,-0.10,7.44,170.28,0.06,-309.72,-0.10,-9298.14,-18.60,23
287,Exit short,2025-11-28 11:26,JJ_SX,25378.5,6,304989,439.56,0.14,7.44,443.28,0.15,-258.72,-0.08,-8858.58,-17.72,32
287,Entry short,2025-11-28 10:54,JJ_S,25415.75,6,304989,439.56,0.14,7.44,443.28,0.15,-258.72,-0.08,-8858.58,-17.72,32
288,Exit short,2025-12-01 10:35,JJ_SX,25268,3,152056.5,444.78,0.29,3.72,446.64,0.29,-283.86,-0.19,-8413.8,-16.83,32
288,Entry short,2025-12-01 10:03,JJ_S,25342.75,3,152056.5,444.78,0.29,3.72,446.64,0.29,-283.86,-0.19,-8413.8,-16.83,32
289,Exit short,2025-12-01 10:40,JJ_SX,25356.25,3,151834.5,-306.72,-0.20,3.72,1.14,0.00,-304.86,-0.20,-8720.52,-17.44,3
289,Entry short,2025-12-01 10:37,JJ_S,25305.75,3,151834.5,-306.72,-0.20,3.72,1.14,0.00,-304.86,-0.20,-8720.52,-17.44,3
290,Exit short,2025-12-01 10:52,JJ_SX,25383.25,3,151996.5,-306.72,-0.20,3.72,97.14,0.06,-304.86,-0.20,-9027.24,-18.05,12
290,Entry short,2025-12-01 10:40,JJ_S,25332.75,3,151996.5,-306.72,-0.20,3.72,97.14,0.06,-304.86,-0.20,-9027.24,-18.05,12
291,Exit short,2025-12-02 10:02,JJ_SX,25646,3,153573,-306.72,-0.20,3.72,199.14,0.13,-304.86,-0.20,-9333.96,-18.67,10
291,Entry short,2025-12-02 09:52,JJ_S,25595.5,3,153573,-306.72,-0.20,3.72,199.14,0.13,-304.86,-0.20,-9333.96,-18.67,10
292,Exit short,2025-12-02 10:28,JJ_SX,25600.5,6,307653,439.56,0.14,7.44,443.28,0.14,-117.72,-0.04,-8894.4,-17.79,19
292,Entry short,2025-12-02 10:09,JJ_S,25637.75,6,307653,439.56,0.14,7.44,443.28,0.14,-117.72,-0.04,-8894.4,-17.79,19
293,Exit short,2025-12-02 10:34,JJ_SX,25539.5,6,306921,439.56,0.14,7.44,443.28,0.14,-63.72,-0.02,-8454.84,-16.91,6
293,Entry short,2025-12-02 10:28,JJ_S,25576.75,6,306921,439.56,0.14,7.44,443.28,0.14,-63.72,-0.02,-8454.84,-16.91,6
294,Exit short,2025-12-03 10:46,JJ_SX,25605.25,3,153328.5,-306.72,-0.20,3.72,338.64,0.22,-304.86,-0.20,-8761.56,-17.52,41
294,Entry short,2025-12-03 10:05,JJ_S,25554.75,3,153328.5,-306.72,-0.20,3.72,338.64,0.22,-304.86,-0.20,-8761.56,-17.52,41
295,Exit short,2025-12-03 11:10,JJ_SX,25550.75,6,307056,439.56,0.14,7.44,443.28,0.14,-138.72,-0.05,-8322,-16.64,21
295,Entry short,2025-12-03 10:49,JJ_S,25588,6,307056,439.56,0.14,7.44,443.28,0.14,-138.72,-0.05,-8322,-16.64,21
296,Exit long,2025-12-04 10:25,JJ_LX,25535.75,3,153517.5,-306.72,-0.20,3.72,101.64,0.07,-304.86,-0.20,-8628.72,-17.26,33
296,Entry long,2025-12-04 09:52,JJ_L,25586.25,3,153517.5,-306.72,-0.20,3.72,101.64,0.07,-304.86,-0.20,-8628.72,-17.26,33
297,Exit long,2025-12-04 11:04,JJ_LX,25533.25,3,153502.5,-306.72,-0.20,3.72,329.64,0.21,-304.86,-0.20,-8935.44,-17.87,36
297,Entry long,2025-12-04 10:28,JJ_L,25583.75,3,153502.5,-306.72,-0.20,3.72,329.64,0.21,-304.86,-0.20,-8935.44,-17.87,36
298,Exit short,2025-12-05 10:44,JJ_SX,25809.5,6,310161,439.56,0.14,7.44,443.28,0.14,-183.72,-0.06,-8495.88,-16.99,26
298,Entry short,2025-12-05 10:18,JJ_S,25846.75,6,310161,439.56,0.14,7.44,443.28,0.14,-183.72,-0.06,-8495.88,-16.99,26
299,Exit short,2025-12-05 10:47,JJ_SX,25824.25,6,309585,-313.44,-0.10,7.44,56.28,0.02,-309.72,-0.10,-8809.32,-17.62,2
299,Entry short,2025-12-05 10:45,JJ_S,25798.75,6,309585,-313.44,-0.10,7.44,56.28,0.02,-309.72,-0.10,-8809.32,-17.62,2
300,Exit short,2025-12-05 10:51,JJ_SX,25784,6,309855,439.56,0.14,7.44,443.28,0.14,-9.72,0.00,-8369.76,-16.74,2
300,Entry short,2025-12-05 10:49,JJ_S,25821.25,6,309855,439.56,0.14,7.44,443.28,0.14,-9.72,0.00,-8369.76,-16.74,2
301,Exit short,2025-12-05 10:56,JJ_SX,25730,6,309207,439.56,0.14,7.44,443.28,0.14,-9.72,0.00,-7930.2,-15.86,2
301,Entry short,2025-12-05 10:54,JJ_S,25767.25,6,309207,439.56,0.14,7.44,443.28,0.14,-9.72,0.00,-7930.2,-15.86,2
302,Exit long,2025-12-08 10:22,JJ_LX,25714.5,6,308880,-313.44,-0.10,7.44,101.28,0.03,-309.72,-0.10,-8243.64,-16.49,6
302,Entry long,2025-12-08 10:16,JJ_L,25740,6,308880,-313.44,-0.10,7.44,101.28,0.03,-309.72,-0.10,-8243.64,-16.49,6
303,Exit long,2025-12-08 10:52,JJ_LX,25667.5,6,308316,-313.44,-0.10,7.44,371.28,0.12,-309.72,-0.10,-8557.08,-17.11,25
303,Entry long,2025-12-08 10:27,JJ_L,25693,6,308316,-313.44,-0.10,7.44,371.28,0.12,-309.72,-0.10,-8557.08,-17.11,25
304,Exit long,2025-12-08 11:00,JJ_LX,25655.5,6,308172,-313.44,-0.10,7.44,20.28,0.01,-309.72,-0.10,-8870.52,-17.74,3
304,Entry long,2025-12-08 10:57,JJ_L,25681,6,308172,-313.44,-0.10,7.44,20.28,0.01,-309.72,-0.10,-8870.52,-17.74,3
305,Exit short,2025-12-09 10:02,JJ_SX,25653.75,6,307539,-313.44,-0.10,7.44,32.28,0.01,-309.72,-0.10,-9183.96,-18.37,1
305,Entry short,2025-12-09 10:01,JJ_S,25628.25,6,307539,-313.44,-0.10,7.44,32.28,0.01,-309.72,-0.10,-9183.96,-18.37,1
306,Exit short,2025-12-09 11:02,JJ_SX,25700.5,3,153900,-306.72,-0.20,3.72,206.64,0.13,-304.86,-0.20,-9490.68,-18.98,59
306,Entry short,2025-12-09 10:03,JJ_S,25650,3,153900,-306.72,-0.20,3.72,206.64,0.13,-304.86,-0.20,-9490.68,-18.98,59
307,Exit long,2025-12-10 10:34,JJ_LX,25614,6,307674,-313.44,-0.10,7.44,2.28,0.00,-309.72,-0.10,-9804.12,-19.61,3
307,Entry long,2025-12-10 10:31,JJ_L,25639.5,6,307674,-313.44,-0.10,7.44,2.28,0.00,-309.72,-0.10,-9804.12,-19.61,3
308,Exit long,2025-12-10 10:54,JJ_LX,25572,6,307170,-313.44,-0.10,7.44,350.28,0.11,-309.72,-0.10,-10117.56,-20.24,12
308,Entry long,2025-12-10 10:42,JJ_L,25597.5,6,307170,-313.44,-0.10,7.44,350.28,0.11,-309.72,-0.10,-10117.56,-20.24,12
309,Exit long,2025-12-10 11:00,JJ_LX,25549.5,6,306900,-313.44,-0.10,7.44,35.28,0.01,-309.72,-0.10,-10431,-20.86,3
309,Entry long,2025-12-10 10:57,JJ_L,25575,6,306900,-313.44,-0.10,7.44,35.28,0.01,-309.72,-0.10,-10431,-20.86,3
310,Exit long,2025-12-11 09:55,JJ_LX,25429.25,3,152878.5,-306.72,-0.20,3.72,133.14,0.09,-304.86,-0.20,-10737.72,-21.48,4
310,Entry long,2025-12-11 09:51,JJ_L,25479.75,3,152878.5,-306.72,-0.20,3.72,133.14,0.09,-304.86,-0.20,-10737.72,-21.48,4
311,Exit long,2025-12-11 10:07,JJ_LX,25492.75,3,152508,444.78,0.29,3.72,446.64,0.29,-168.36,-0.11,-10292.94,-20.59,10
311,Entry long,2025-12-11 09:57,JJ_L,25418,3,152508,444.78,0.29,3.72,446.64,0.29,-168.36,-0.11,-10292.94,-20.59,10
312,Exit long,2025-12-11 10:20,JJ_LX,25583.5,3,153052.5,444.78,0.29,3.72,446.64,0.29,-24.36,-0.02,-9848.16,-19.70,13
312,Entry long,2025-12-11 10:07,JJ_L,25508.75,3,153052.5,444.78,0.29,3.72,446.64,0.29,-24.36,-0.02,-9848.16,-19.70,13
313,Exit long,2025-12-11 10:37,JJ_LX,25550.25,3,153604.5,-306.72,-0.20,3.72,169.14,0.11,-304.86,-0.20,-10154.88,-20.31,16
313,Entry long,2025-12-11 10:21,JJ_L,25600.75,3,153604.5,-306.72,-0.20,3.72,169.14,0.11,-304.86,-0.20,-10154.88,-20.31,16
314,Exit long,2025-12-11 10:44,JJ_LX,25527.75,3,153469.5,-306.72,-0.20,3.72,43.14,0.03,-304.86,-0.20,-10461.6,-20.92,6
314,Entry long,2025-12-11 10:38,JJ_L,25578.25,3,153469.5,-306.72,-0.20,3.72,43.14,0.03,-304.86,-0.20,-10461.6,-20.92,6
315,Exit long,2025-12-12 10:24,JJ_LX,25371.25,3,152530.5,-306.72,-0.20,3.72,17.64,0.01,-304.86,-0.20,-10768.32,-21.54,2
315,Entry long,2025-12-12 10:22,JJ_L,25421.75,3,152530.5,-306.72,-0.20,3.72,17.64,0.01,-304.86,-0.20,-10768.32,-21.54,2
316,Exit long,2025-12-12 10:58,JJ_LX,25293.75,3,152065.5,-306.72,-0.20,3.72,341.64,0.22,-304.86,-0.20,-11075.04,-22.15,27
316,Entry long,2025-12-12 10:31,JJ_L,25344.25,3,152065.5,-306.72,-0.20,3.72,341.64,0.22,-304.86,-0.20,-11075.04,-22.15,27
317,Exit long,2025-12-15 09:52,JJ_LX,25254.25,3,151828.5,-306.72,-0.20,3.72,32.64,0.02,-304.86,-0.20,-11381.76,-22.76,3
317,Entry long,2025-12-15 09:49,JJ_L,25304.75,3,151828.5,-306.72,-0.20,3.72,32.64,0.02,-304.86,-0.20,-11381.76,-22.76,3
318,Exit long,2025-12-15 10:11,JJ_LX,25178.5,3,151374,-306.72,-0.20,3.72,40.14,0.03,-304.86,-0.20,-11688.48,-23.38,6
318,Entry long,2025-12-15 10:05,JJ_L,25229,3,151374,-306.72,-0.20,3.72,40.14,0.03,-304.86,-0.20,-11688.48,-23.38,6
319,Exit long,2025-12-15 10:19,JJ_LX,25130.25,3,151084.5,-306.72,-0.20,3.72,26.64,0.02,-304.86,-0.20,-11995.2,-23.99,6
319,Entry long,2025-12-15 10:13,JJ_L,25180.75,3,151084.5,-306.72,-0.20,3.72,26.64,0.02,-304.86,-0.20,-11995.2,-23.99,6
320,Exit long,2025-12-15 10:44,JJ_LX,25159,3,150505.5,444.78,0.30,3.72,446.64,0.30,-48.36,-0.03,-11550.42,-23.10,14
320,Entry long,2025-12-15 10:30,JJ_L,25084.25,3,150505.5,444.78,0.30,3.72,446.64,0.30,-48.36,-0.03,-11550.42,-23.10,14
321,Exit long,2025-12-15 10:53,JJ_LX,25126.5,3,151062,-306.72,-0.20,3.72,119.64,0.08,-304.86,-0.20,-11857.14,-23.71,9
321,Entry long,2025-12-15 10:44,JJ_L,25177,3,151062,-306.72,-0.20,3.72,119.64,0.08,-304.86,-0.20,-11857.14,-23.71,9
322,Exit short,2025-12-16 10:15,JJ_SX,25290.25,3,152190,444.78,0.29,3.72,446.64,0.29,-262.86,-0.17,-11412.36,-22.82,24
322,Entry short,2025-12-16 09:51,JJ_S,25365,3,152190,444.78,0.29,3.72,446.64,0.29,-262.86,-0.17,-11412.36,-22.82,24
323,Exit short,2025-12-16 10:25,JJ_SX,25220.5,3,151771.5,444.78,0.29,3.72,446.64,0.29,-66.36,-0.04,-10967.58,-21.94,10
323,Entry short,2025-12-16 10:15,JJ_S,25295.25,3,151771.5,444.78,0.29,3.72,446.64,0.29,-66.36,-0.04,-10967.58,-21.94,10
324,Exit long,2025-12-16 10:46,JJ_LX,25290.5,3,151294.5,444.78,0.29,3.72,446.64,0.30,-132.36,-0.09,-10522.8,-21.05,18
324,Entry long,2025-12-16 10:28,JJ_L,25215.75,3,151294.5,444.78,0.29,3.72,446.64,0.30,-132.36,-0.09,-10522.8,-21.05,18
325,Exit short,2025-12-16 11:17,JJ_SX,25231,3,151834.5,444.78,0.29,3.72,446.64,0.29,-231.36,-0.15,-10078.02,-20.16,20
325,Entry short,2025-12-16 10:57,JJ_S,25305.75,3,151834.5,444.78,0.29,3.72,446.64,0.29,-231.36,-0.15,-10078.02,-20.16,20
326,Exit long,2025-12-17 10:36,JJ_LX,25224.5,3,151650,-306.72,-0.20,3.72,443.64,0.29,-304.86,-0.20,-10384.74,-20.77,49
326,Entry long,2025-12-17 09:47,JJ_L,25275,3,151650,-306.72,-0.20,3.72,443.64,0.29,-304.86,-0.20,-10384.74,-20.77,49
327,Exit long,2025-12-17 10:50,JJ_LX,25107.25,3,150946.5,-306.72,-0.20,3.72,7.14,0.00,-304.86,-0.20,-10691.46,-21.38,2
327,Entry long,2025-12-17 10:48,JJ_L,25157.75,3,150946.5,-306.72,-0.20,3.72,7.14,0.00,-304.86,-0.20,-10691.46,-21.38,2
328,Exit long,2025-12-17 10:58,JJ_LX,25033.75,3,150505.5,-306.72,-0.20,3.72,52.14,0.03,-304.86,-0.20,-10998.18,-22.00,4
328,Entry long,2025-12-17 10:54,JJ_L,25084.25,3,150505.5,-306.72,-0.20,3.72,52.14,0.03,-304.86,-0.20,-10998.18,-22.00,4
329,Exit long,2025-12-18 09:49,JJ_LX,25179.5,3,151380,-306.72,-0.20,3.72,52.14,0.03,-304.86,-0.20,-11304.9,-22.61,3
329,Entry long,2025-12-18 09:46,JJ_L,25230,3,151380,-306.72,-0.20,3.72,52.14,0.03,-304.86,-0.20,-11304.9,-22.61,3
330,Exit long,2025-12-18 10:13,JJ_LX,25187.25,3,151426.5,-306.72,-0.20,3.72,377.64,0.25,-304.86,-0.20,-11611.62,-23.22,21
330,Entry long,2025-12-18 09:52,JJ_L,25237.75,3,151426.5,-306.72,-0.20,3.72,377.64,0.25,-304.86,-0.20,-11611.62,-23.22,21
331,Exit long,2025-12-18 10:26,JJ_LX,25297.25,3,151335,444.78,0.29,3.72,446.64,0.30,-10.86,-0.01,-11166.84,-22.33,5
331,Entry long,2025-12-18 10:21,JJ_L,25222.5,3,151335,444.78,0.29,3.72,446.64,0.30,-10.86,-0.01,-11166.84,-22.33,5
332,Exit short,2025-12-18 12:06,JJ_SX,25314.5,3,152335.5,444.78,0.29,3.72,446.64,0.29,-168.36,-0.11,-10722.06,-21.44,87
332,Entry short,2025-12-18 10:39,JJ_S,25389.25,3,152335.5,444.78,0.29,3.72,446.64,0.29,-168.36,-0.11,-10722.06,-21.44,87
333,Exit short,2025-12-19 10:00,JJ_SX,25587.75,3,153223.5,-306.72,-0.20,3.72,77.64,0.05,-304.86,-0.20,-11028.78,-22.06,6
333,Entry short,2025-12-19 09:54,JJ_S,25537.25,3,153223.5,-306.72,-0.20,3.72,77.64,0.05,-304.86,-0.20,-11028.78,-22.06,6
334,Exit short,2025-12-19 10:26,JJ_SX,25493.75,3,153411,444.78,0.29,3.72,446.64,0.29,-76.86,-0.05,-10584,-21.17,24
334,Entry short,2025-12-19 10:02,JJ_S,25568.5,3,153411,444.78,0.29,3.72,446.64,0.29,-76.86,-0.05,-10584,-21.17,24
335,Exit short,2025-12-19 10:28,JJ_SX,25501,6,305706,-313.44,-0.10,7.44,119.28,0.04,-309.72,-0.10,-10897.44,-21.79,2
335,Entry short,2025-12-19 10:26,JJ_S,25475.5,6,305706,-313.44,-0.10,7.44,119.28,0.04,-309.72,-0.10,-10897.44,-21.79,2
336,Exit short,2025-12-19 10:33,JJ_SX,25534.5,3,152904,-306.72,-0.20,3.72,11.64,0.01,-304.86,-0.20,-11204.16,-22.41,3
336,Entry short,2025-12-19 10:30,JJ_S,25484,3,152904,-306.72,-0.20,3.72,11.64,0.01,-304.86,-0.20,-11204.16,-22.41,3
337,Exit short,2025-12-19 12:18,JJ_SX,25572.5,3,153132,-306.72,-0.20,3.72,371.64,0.24,-304.86,-0.20,-11510.88,-23.02,104
337,Entry short,2025-12-19 10:34,JJ_S,25522,3,153132,-306.72,-0.20,3.72,371.64,0.24,-304.86,-0.20,-11510.88,-23.02,104
338,Exit long,2025-12-22 10:35,JJ_LX,25659.5,3,154260,-306.72,-0.20,3.72,289.14,0.19,-304.86,-0.20,-11817.6,-23.64,49
338,Entry long,2025-12-22 09:46,JJ_L,25710,3,154260,-306.72,-0.20,3.72,289.14,0.19,-304.86,-0.20,-11817.6,-23.64,49
339,Exit long,2025-12-22 11:15,JJ_LX,25710,6,308073,439.56,0.14,7.44,443.28,0.14,-168.72,-0.05,-11378.04,-22.76,33
339,Entry long,2025-12-22 10:42,JJ_L,25672.75,6,308073,439.56,0.14,7.44,443.28,0.14,-168.72,-0.05,-11378.04,-22.76,33
340,Exit short,2025-12-23 09:55,JJ_SX,25696.25,6,308802,439.56,0.14,7.44,443.28,0.14,-117.72,-0.04,-10938.48,-21.88,6
340,Entry short,2025-12-23 09:49,JJ_S,25733.5,6,308802,439.56,0.14,7.44,443.28,0.14,-117.72,-0.04,-10938.48,-21.88,6
341,Exit short,2025-12-23 10:03,JJ_SX,25646,6,308199,439.56,0.14,7.44,443.28,0.14,-204.72,-0.07,-10498.92,-21.00,7
341,Entry short,2025-12-23 09:56,JJ_S,25683.25,6,308199,439.56,0.14,7.44,443.28,0.14,-204.72,-0.07,-10498.92,-21.00,7
342,Exit short,2025-12-23 10:35,JJ_SX,25694,6,308022,-313.44,-0.10,7.44,110.28,0.04,-309.72,-0.10,-10812.36,-21.62,17
342,Entry short,2025-12-23 10:18,JJ_S,25668.5,6,308022,-313.44,-0.10,7.44,110.28,0.04,-309.72,-0.10,-10812.36,-21.62,17
343,Exit short,2025-12-23 11:28,JJ_SX,25756.5,6,308772,-313.44,-0.10,7.44,53.28,0.02,-309.72,-0.10,-11125.8,-22.25,29
343,Entry short,2025-12-23 10:59,JJ_S,25731,6,308772,-313.44,-0.10,7.44,53.28,0.02,-309.72,-0.10,-11125.8,-22.25,29
344,Exit short,2025-12-24 10:17,JJ_SX,25840.5,6,309780,-313.44,-0.10,7.44,44.28,0.01,-309.72,-0.10,-11439.24,-22.88,11
344,Entry short,2025-12-24 10:06,JJ_S,25815,6,309780,-313.44,-0.10,7.44,44.28,0.01,-309.72,-0.10,-11439.24,-22.88,11
345,Exit short,2025-12-24 11:09,JJ_SX,25842.75,6,309807,-313.44,-0.10,7.44,155.28,0.05,-309.72,-0.10,-11752.68,-23.51,47
345,Entry short,2025-12-24 10:22,JJ_S,25817.25,6,309807,-313.44,-0.10,7.44,155.28,0.05,-309.72,-0.10,-11752.68,-23.51,47
346,Exit long,2025-12-26 10:31,JJ_LX,25893.75,6,310278,439.56,0.14,7.44,443.28,0.14,-270.72,-0.09,-11313.12,-22.63,18
346,Entry long,2025-12-26 10:13,JJ_L,25856.5,6,310278,439.56,0.14,7.44,443.28,0.14,-270.72,-0.09,-11313.12,-22.63,18
347,Exit long,2025-12-26 11:14,JJ_LX,25862.5,6,310656,-313.44,-0.10,7.44,272.28,0.09,-309.72,-0.10,-11626.56,-23.25,41
347,Entry long,2025-12-26 10:33,JJ_L,25888,6,310656,-313.44,-0.10,7.44,272.28,0.09,-309.72,-0.10,-11626.56,-23.25,41
348,Exit short,2025-12-29 10:10,JJ_SX,25673.5,3,154489.5,444.78,0.29,3.72,446.64,0.29,-168.36,-0.11,-11181.78,-22.36,25
348,Entry short,2025-12-29 09:45,JJ_S,25748.25,3,154489.5,444.78,0.29,3.72,446.64,0.29,-168.36,-0.11,-11181.78,-22.36,25
349,Exit long,2025-12-29 10:14,JJ_LX,25664.75,6,308283,-313.44,-0.10,7.44,26.28,0.01,-309.72,-0.10,-11495.22,-22.99,4
349,Entry long,2025-12-29 10:10,JJ_L,25690.25,6,308283,-313.44,-0.10,7.44,26.28,0.01,-309.72,-0.10,-11495.22,-22.99,4
350,Exit short,2025-12-29 10:27,JJ_SX,25750,6,308694,-313.44,-0.10,7.44,2.28,0.00,-309.72,-0.10,-11808.66,-23.62,4
350,Entry short,2025-12-29 10:23,JJ_S,25724.5,6,308694,-313.44,-0.10,7.44,2.28,0.00,-309.72,-0.10,-11808.66,-23.62,4
351,Exit short,2025-12-29 10:35,JJ_SX,25764,6,308862,-313.44,-0.10,7.44,59.28,0.02,-309.72,-0.10,-12122.1,-24.24,7
351,Entry short,2025-12-29 10:28,JJ_S,25738.5,6,308862,-313.44,-0.10,7.44,59.28,0.02,-309.72,-0.10,-12122.1,-24.24,7
352,Exit short,2025-12-29 10:49,JJ_SX,25719.5,6,309081,439.56,0.14,7.44,443.28,0.14,-69.72,-0.02,-11682.54,-23.37,13
352,Entry short,2025-12-29 10:36,JJ_S,25756.75,6,309081,439.56,0.14,7.44,443.28,0.14,-69.72,-0.02,-11682.54,-23.37,13
353,Exit short,2025-12-30 10:11,JJ_SX,25705,6,308907,439.56,0.14,7.44,443.28,0.14,-75.72,-0.02,-11242.98,-22.49,11
353,Entry short,2025-12-30 10:00,JJ_S,25742.25,6,308907,439.56,0.14,7.44,443.28,0.14,-75.72,-0.02,-11242.98,-22.49,11
354,Exit short,2025-12-30 10:52,JJ_SX,25731.75,6,308475,-313.44,-0.10,7.44,332.28,0.11,-309.72,-0.10,-11556.42,-23.11,41
354,Entry short,2025-12-30 10:11,JJ_S,25706.25,6,308475,-313.44,-0.10,7.44,332.28,0.11,-309.72,-0.10,-11556.42,-23.11,41
355,Exit long,2025-12-31 10:18,JJ_LX,25579,6,307254,-313.44,-0.10,7.44,368.28,0.12,-309.72,-0.10,-11869.86,-23.74,29
355,Entry long,2025-12-31 09:49,JJ_L,25604.5,6,307254,-313.44,-0.10,7.44,368.28,0.12,-309.72,-0.10,-11869.86,-23.74,29
356,Exit long,2025-12-31 10:55,JJ_LX,25553.75,6,306951,-313.44,-0.10,7.44,365.28,0.12,-309.72,-0.10,-12183.3,-24.37,36
356,Entry long,2025-12-31 10:19,JJ_L,25579.25,6,306951,-313.44,-0.10,7.44,365.28,0.12,-309.72,-0.10,-12183.3,-24.37,36
357,Exit long,2025-12-31 11:29,JJ_LX,25593.25,6,306672,439.56,0.14,7.44,443.28,0.14,-75.72,-0.02,-11743.74,-23.49,31
357,Entry long,2025-12-31 10:58,JJ_L,25556,6,306672,439.56,0.14,7.44,443.28,0.14,-75.72,-0.02,-11743.74,-23.49,31
358,Exit short,2026-01-02 10:11,JJ_SX,25677,3,154510.5,444.78,0.29,3.72,446.64,0.29,-171.36,-0.11,-11298.96,-22.60,19
358,Entry short,2026-01-02 09:52,JJ_S,25751.75,3,154510.5,444.78,0.29,3.72,446.64,0.29,-171.36,-0.11,-11298.96,-22.60,19
359,Exit long,2026-01-02 10:21,JJ_LX,25526.75,3,153463.5,-306.72,-0.20,3.72,8.64,0.01,-304.86,-0.20,-11605.68,-23.21,2
359,Entry long,2026-01-02 10:19,JJ_L,25577.25,3,153463.5,-306.72,-0.20,3.72,8.64,0.01,-304.86,-0.20,-11605.68,-23.21,2
360,Exit long,2026-01-02 10:40,JJ_LX,25573.5,3,152992.5,444.78,0.29,3.72,446.64,0.29,-189.36,-0.12,-11160.9,-22.32,14
360,Entry long,2026-01-02 10:26,JJ_L,25498.75,3,152992.5,444.78,0.29,3.72,446.64,0.29,-189.36,-0.12,-11160.9,-22.32,14
361,Exit long,2026-01-02 10:49,JJ_LX,25534.25,3,153508.5,-306.72,-0.20,3.72,31.14,0.02,-304.86,-0.20,-11467.62,-22.94,2
361,Entry long,2026-01-02 10:47,JJ_L,25584.75,3,153508.5,-306.72,-0.20,3.72,31.14,0.02,-304.86,-0.20,-11467.62,-22.94,2
362,Exit long,2026-01-02 10:57,JJ_LX,25428,3,152871,-306.72,-0.20,3.72,89.64,0.06,-304.86,-0.20,-11774.34,-23.55,3
362,Entry long,2026-01-02 10:54,JJ_L,25478.5,3,152871,-306.72,-0.20,3.72,89.64,0.06,-304.86,-0.20,-11774.34,-23.55,3
363,Exit long,2026-01-05 10:28,JJ_LX,25671.25,3,153579,444.78,0.29,3.72,446.64,0.29,-187.86,-0.12,-11329.56,-22.66,39
363,Entry long,2026-01-05 09:49,JJ_L,25596.5,3,153579,444.78,0.29,3.72,446.64,0.29,-187.86,-0.12,-11329.56,-22.66,39
364,Exit short,2026-01-05 11:08,JJ_SX,25685.75,6,307923,-313.44,-0.10,7.44,278.28,0.09,-309.72,-0.10,-11643,-23.29,31
364,Entry short,2026-01-05 10:37,JJ_S,25660.25,6,307923,-313.44,-0.10,7.44,278.28,0.09,-309.72,-0.10,-11643,-23.29,31
365,Exit short,2026-01-06 09:51,JJ_SX,25743,3,154155,-306.72,-0.20,3.72,43.14,0.03,-304.86,-0.20,-11949.72,-23.90,3
365,Entry short,2026-01-06 09:48,JJ_S,25692.5,3,154155,-306.72,-0.20,3.72,43.14,0.03,-304.86,-0.20,-11949.72,-23.90,3
366,Exit short,2026-01-06 10:16,JJ_SX,25766,6,308886,-313.44,-0.10,7.44,167.28,0.05,-309.72,-0.10,-12263.16,-24.53,8
366,Entry short,2026-01-06 10:08,JJ_S,25740.5,6,308886,-313.44,-0.10,7.44,167.28,0.05,-309.72,-0.10,-12263.16,-24.53,8
367,Exit short,2026-01-06 10:44,JJ_SX,25717.25,6,309054,439.56,0.14,7.44,443.28,0.14,-294.72,-0.10,-11823.6,-23.65,26
367,Entry short,2026-01-06 10:18,JJ_S,25754.5,6,309054,439.56,0.14,7.44,443.28,0.14,-294.72,-0.10,-11823.6,-23.65,26
368,Exit short,2026-01-06 11:06,JJ_SX,25658.5,6,308349,439.56,0.14,7.44,443.28,0.14,-84.72,-0.03,-11384.04,-22.77,13
368,Entry short,2026-01-06 10:53,JJ_S,25695.75,6,308349,439.56,0.14,7.44,443.28,0.14,-84.72,-0.03,-11384.04,-22.77,13
369,Exit short,2026-01-07 09:56,JJ_SX,25879.5,6,310248,-313.44,-0.10,7.44,8.28,0.00,-309.72,-0.10,-11697.48,-23.39,2
369,Entry short,2026-01-07 09:54,JJ_S,25854,6,310248,-313.44,-0.10,7.44,8.28,0.00,-309.72,-0.10,-11697.48,-23.39,2
370,Exit short,2026-01-07 10:04,JJ_SX,25839.5,6,309768,-313.44,-0.10,7.44,20.28,0.01,-309.72,-0.10,-12010.92,-24.02,3
370,Entry short,2026-01-07 10:01,JJ_S,25814,6,309768,-313.44,-0.10,7.44,20.28,0.01,-309.72,-0.10,-12010.92,-24.02,3
371,Exit short,2026-01-07 10:32,JJ_SX,25881.5,6,310272,-313.44,-0.10,7.44,401.28,0.13,-309.72,-0.10,-12324.36,-24.65,19
371,Entry short,2026-01-07 10:13,JJ_S,25856,6,310272,-313.44,-0.10,7.44,401.28,0.13,-309.72,-0.10,-12324.36,-24.65,19
372,Exit short,2026-01-07 10:40,JJ_SX,25858.5,6,309996,-313.44,-0.10,7.44,284.28,0.09,-309.72,-0.10,-12637.8,-25.28,2
372,Entry short,2026-01-07 10:38,JJ_S,25833,6,309996,-313.44,-0.10,7.44,284.28,0.09,-309.72,-0.10,-12637.8,-25.28,2
373,Exit short,2026-01-07 10:47,JJ_SX,25883.25,6,310293,-313.44,-0.10,7.44,239.28,0.08,-309.72,-0.10,-12951.24,-25.90,6
373,Entry short,2026-01-07 10:41,JJ_S,25857.75,6,310293,-313.44,-0.10,7.44,239.28,0.08,-309.72,-0.10,-12951.24,-25.90,6
374,Exit long,2026-01-08 09:57,JJ_LX,25604,3,153927,-306.72,-0.20,3.72,128.64,0.08,-304.86,-0.20,-13257.96,-26.52,11
374,Entry long,2026-01-08 09:46,JJ_L,25654.5,3,153927,-306.72,-0.20,3.72,128.64,0.08,-304.86,-0.20,-13257.96,-26.52,11
375,Exit long,2026-01-08 11:35,JJ_LX,25602,3,153915,-306.72,-0.20,3.72,364.14,0.24,-304.86,-0.20,-13564.68,-27.13,88
375,Entry long,2026-01-08 10:07,JJ_L,25652.5,3,153915,-306.72,-0.20,3.72,364.14,0.24,-304.86,-0.20,-13564.68,-27.13,88
376,Exit short,2026-01-09 10:07,JJ_SX,25665,3,154438.5,444.78,0.29,3.72,446.64,0.29,-181.86,-0.12,-13119.9,-26.24,21
376,Entry short,2026-01-09 09:46,JJ_S,25739.75,3,154438.5,444.78,0.29,3.72,446.64,0.29,-181.86,-0.12,-13119.9,-26.24,21
377,Exit long,2026-01-09 10:13,JJ_LX,25742,3,154003.5,444.78,0.29,3.72,446.64,0.29,-31.86,-0.02,-12675.12,-25.35,3
377,Entry long,2026-01-09 10:10,JJ_L,25667.25,3,154003.5,444.78,0.29,3.72,446.64,0.29,-31.86,-0.02,-12675.12,-25.35,3
378,Exit short,2026-01-09 10:45,JJ_SX,25769,3,155062.5,444.78,0.29,3.72,446.64,0.29,-69.36,-0.04,-12230.34,-24.46,8
378,Entry short,2026-01-09 10:37,JJ_S,25843.75,3,155062.5,444.78,0.29,3.72,446.64,0.29,-69.36,-0.04,-12230.34,-24.46,8
379,Exit short,2026-01-09 11:00,JJ_SX,25818.25,3,154606.5,-306.72,-0.20,3.72,23.64,0.02,-304.86,-0.20,-12537.06,-25.07,12
379,Entry short,2026-01-09 10:48,JJ_S,25767.75,3,154606.5,-306.72,-0.20,3.72,23.64,0.02,-304.86,-0.20,-12537.06,-25.07,12
380,Exit short,2026-01-12 11:15,JJ_SX,25949,3,155391,-306.72,-0.20,3.72,208.14,0.13,-304.86,-0.20,-12843.78,-25.69,83
380,Entry short,2026-01-12 09:52,JJ_S,25898.5,3,155391,-306.72,-0.20,3.72,208.14,0.13,-304.86,-0.20,-12843.78,-25.69,83
381,Exit short,2026-01-13 10:02,JJ_SX,25902.75,3,155865,444.78,0.29,3.72,446.64,0.29,-154.86,-0.10,-12399,-24.80,17
381,Entry short,2026-01-13 09:45,JJ_S,25977.5,3,155865,444.78,0.29,3.72,446.64,0.29,-154.86,-0.10,-12399,-24.80,17
382,Exit long,2026-01-13 10:18,JJ_LX,25864,3,155487,-306.72,-0.20,3.72,0,0.00,-304.86,-0.20,-12705.72,-25.41,4
382,Entry long,2026-01-13 10:14,JJ_L,25914.5,3,155487,-306.72,-0.20,3.72,0,0.00,-304.86,-0.20,-12705.72,-25.41,4
383,Exit long,2026-01-13 10:24,JJ_LX,25832.5,3,155298,-306.72,-0.20,3.72,7.14,0.00,-304.86,-0.20,-13012.44,-26.02,5
383,Entry long,2026-01-13 10:19,JJ_L,25883,3,155298,-306.72,-0.20,3.72,7.14,0.00,-304.86,-0.20,-13012.44,-26.02,5
384,Exit long,2026-01-13 11:16,JJ_LX,25917.5,3,155056.5,444.78,0.29,3.72,446.64,0.29,-222.36,-0.14,-12567.66,-25.14,47
384,Entry long,2026-01-13 10:29,JJ_L,25842.75,3,155056.5,444.78,0.29,3.72,446.64,0.29,-222.36,-0.14,-12567.66,-25.14,47
385,Exit long,2026-01-14 09:55,JJ_LX,25602.25,3,153916.5,-306.72,-0.20,3.72,127.14,0.08,-304.86,-0.20,-12874.38,-25.75,9
385,Entry long,2026-01-14 09:46,JJ_L,25652.75,3,153916.5,-306.72,-0.20,3.72,127.14,0.08,-304.86,-0.20,-12874.38,-25.75,9
386,Exit long,2026-01-14 10:12,JJ_LX,25655.25,3,153483,444.78,0.29,3.72,446.64,0.29,-172.86,-0.11,-12429.6,-24.86,7
386,Entry long,2026-01-14 10:05,JJ_L,25580.5,3,153483,444.78,0.29,3.72,446.64,0.29,-172.86,-0.11,-12429.6,-24.86,7
387,Exit long,2026-01-14 10:28,JJ_LX,25623.75,3,154045.5,-306.72,-0.20,3.72,122.64,0.08,-304.86,-0.20,-12736.32,-25.47,14
387,Entry long,2026-01-14 10:14,JJ_L,25674.25,3,154045.5,-306.72,-0.20,3.72,122.64,0.08,-304.86,-0.20,-12736.32,-25.47,14
388,Exit long,2026-01-14 11:28,JJ_LX,25580.25,3,153033,444.78,0.29,3.72,446.64,0.29,-132.36,-0.09,-12291.54,-24.58,31
388,Entry long,2026-01-14 10:57,JJ_L,25505.5,3,153033,444.78,0.29,3.72,446.64,0.29,-132.36,-0.09,-12291.54,-24.58,31
389,Exit long,2026-01-15 10:46,JJ_LX,25831.75,3,155293.5,-306.72,-0.20,3.72,259.14,0.17,-304.86,-0.20,-12598.26,-25.20,53
389,Entry long,2026-01-15 09:53,JJ_L,25882.25,3,155293.5,-306.72,-0.20,3.72,259.14,0.17,-304.86,-0.20,-12598.26,-25.20,53
390,Exit long,2026-01-15 11:21,JJ_LX,25921.75,3,155082,444.78,0.29,3.72,446.64,0.29,-262.86,-0.17,-12153.48,-24.31,34
390,Entry long,2026-01-15 10:47,JJ_L,25847,3,155082,444.78,0.29,3.72,446.64,0.29,-262.86,-0.17,-12153.48,-24.31,34
391,Exit long,2026-01-16 10:14,JJ_LX,25722,6,308970,-313.44,-0.10,7.44,212.28,0.07,-309.72,-0.10,-12466.92,-24.93,11
391,Entry long,2026-01-16 10:03,JJ_L,25747.5,6,308970,-313.44,-0.10,7.44,212.28,0.07,-309.72,-0.10,-12466.92,-24.93,11
392,Exit long,2026-01-16 10:24,JJ_LX,25723.75,6,308238,439.56,0.14,7.44,443.28,0.14,-126.72,-0.04,-12027.36,-24.05,4
392,Entry long,2026-01-16 10:20,JJ_L,25686.5,6,308238,439.56,0.14,7.44,443.28,0.14,-126.72,-0.04,-12027.36,-24.05,4
393,Exit long,2026-01-16 10:25,JJ_LX,25702,6,308730,-313.44,-0.10,7.44,0,0.00,-309.72,-0.10,-12340.8,-24.68,1
393,Entry long,2026-01-16 10:24,JJ_L,25727.5,6,308730,-313.44,-0.10,7.44,0,0.00,-309.72,-0.10,-12340.8,-24.68,1
394,Exit long,2026-01-16 11:00,JJ_LX,25687,3,153673.5,444.78,0.29,3.72,446.64,0.29,-73.86,-0.05,-11896.02,-23.79,17
394,Entry long,2026-01-16 10:43,JJ_L,25612.25,3,153673.5,444.78,0.29,3.72,446.64,0.29,-73.86,-0.05,-11896.02,-23.79,17
395,Exit long,2026-01-19 09:54,JJ_LX,25291.75,6,303054,439.56,0.15,7.44,443.28,0.15,-33.72,-0.01,-11456.46,-22.91,7
395,Entry long,2026-01-19 09:47,JJ_L,25254.5,6,303054,439.56,0.15,7.44,443.28,0.15,-33.72,-0.01,-11456.46,-22.91,7
396,Exit short,2026-01-19 11:04,JJ_SX,25346,6,303846,-313.44,-0.10,7.44,389.28,0.13,-309.72,-0.10,-11769.9,-23.54,54
396,Entry short,2026-01-19 10:10,JJ_S,25320.5,6,303846,-313.44,-0.10,7.44,389.28,0.13,-309.72,-0.10,-11769.9,-23.54,54
397,Exit short,2026-01-20 09:50,JJ_SX,25320.75,3,151621.5,-306.72,-0.20,3.72,2.64,0.00,-304.86,-0.20,-12076.62,-24.15,3
397,Entry short,2026-01-20 09:47,JJ_S,25270.25,3,151621.5,-306.72,-0.20,3.72,2.64,0.00,-304.86,-0.20,-12076.62,-24.15,3
398,Exit short,2026-01-20 10:25,JJ_SX,25353.25,3,151816.5,-306.72,-0.20,3.72,290.64,0.19,-304.86,-0.20,-12383.34,-24.77,25
398,Entry short,2026-01-20 10:00,JJ_S,25302.75,3,151816.5,-306.72,-0.20,3.72,290.64,0.19,-304.86,-0.20,-12383.34,-24.77,25
399,Exit short,2026-01-20 11:10,JJ_SX,25422.75,3,152233.5,-306.72,-0.20,3.72,352.14,0.23,-304.86,-0.20,-12690.06,-25.38,37
399,Entry short,2026-01-20 10:33,JJ_S,25372.25,3,152233.5,-306.72,-0.20,3.72,352.14,0.23,-304.86,-0.20,-12690.06,-25.38,37
400,Exit short,2026-01-21 09:52,JJ_SX,25265.25,3,151288.5,-306.72,-0.20,3.72,38.64,0.03,-304.86,-0.20,-12996.78,-25.99,4
400,Entry short,2026-01-21 09:48,JJ_S,25214.75,3,151288.5,-306.72,-0.20,3.72,38.64,0.03,-304.86,-0.20,-12996.78,-25.99,4
401,Exit short,2026-01-21 10:16,JJ_SX,25368.5,3,151908,-306.72,-0.20,3.72,148.14,0.10,-304.86,-0.20,-13303.5,-26.61,12
401,Entry short,2026-01-21 10:04,JJ_S,25318,3,151908,-306.72,-0.20,3.72,148.14,0.10,-304.86,-0.20,-13303.5,-26.61,12
402,Exit short,2026-01-21 10:32,JJ_SX,25402,3,152109,-306.72,-0.20,3.72,197.64,0.13,-304.86,-0.20,-13610.22,-27.22,15
402,Entry short,2026-01-21 10:17,JJ_S,25351.5,3,152109,-306.72,-0.20,3.72,197.64,0.13,-304.86,-0.20,-13610.22,-27.22,15
403,Exit short,2026-01-21 10:45,JJ_SX,25461.5,3,152466,-306.72,-0.20,3.72,14.64,0.01,-304.86,-0.20,-13916.94,-27.83,11
403,Entry short,2026-01-21 10:34,JJ_S,25411,3,152466,-306.72,-0.20,3.72,14.64,0.01,-304.86,-0.20,-13916.94,-27.83,11
404,Exit short,2026-01-21 11:12,JJ_SX,25491,6,305586,-313.44,-0.10,7.44,221.28,0.07,-309.72,-0.10,-14230.38,-28.46,20
404,Entry short,2026-01-21 10:52,JJ_S,25465.5,6,305586,-313.44,-0.10,7.44,221.28,0.07,-309.72,-0.10,-14230.38,-28.46,20
405,Exit long,2026-01-22 10:42,JJ_LX,25639.5,3,153388.5,444.78,0.29,3.72,446.64,0.29,-165.36,-0.11,-13785.6,-27.57,34
405,Entry long,2026-01-22 10:08,JJ_L,25564.75,3,153388.5,444.78,0.29,3.72,446.64,0.29,-165.36,-0.11,-13785.6,-27.57,34
406,Exit long,2026-01-22 10:50,JJ_LX,25614.5,6,307680,-313.44,-0.10,7.44,221.28,0.07,-309.72,-0.10,-14099.04,-28.20,8
406,Entry long,2026-01-22 10:42,JJ_L,25640,6,307680,-313.44,-0.10,7.44,221.28,0.07,-309.72,-0.10,-14099.04,-28.20,8
407,Exit short,2026-01-23 10:21,JJ_SX,25727.5,6,308424,-313.44,-0.10,7.44,362.28,0.12,-309.72,-0.10,-14412.48,-28.82,10
407,Entry short,2026-01-23 10:11,JJ_S,25702,6,308424,-313.44,-0.10,7.44,362.28,0.12,-309.72,-0.10,-14412.48,-28.82,10
408,Exit short,2026-01-26 10:17,JJ_SX,25852.5,6,309924,-313.44,-0.10,7.44,284.28,0.09,-309.72,-0.10,-14725.92,-29.45,16
408,Entry short,2026-01-26 10:01,JJ_S,25827,6,309924,-313.44,-0.10,7.44,284.28,0.09,-309.72,-0.10,-14725.92,-29.45,16
409,Exit short,2026-01-26 10:33,JJ_SX,25867.5,6,310104,-313.44,-0.10,7.44,50.28,0.02,-309.72,-0.10,-15039.36,-30.08,5
409,Entry short,2026-01-26 10:28,JJ_S,25842,6,310104,-313.44,-0.10,7.44,50.28,0.02,-309.72,-0.10,-15039.36,-30.08,5
410,Exit short,2026-01-26 10:46,JJ_SX,25863.25,6,310053,-313.44,-0.10,7.44,53.28,0.02,-309.72,-0.10,-15352.8,-30.71,3
410,Entry short,2026-01-26 10:43,JJ_S,25837.75,6,310053,-313.44,-0.10,7.44,53.28,0.02,-309.72,-0.10,-15352.8,-30.71,3
411,Exit short,2026-01-27 10:09,JJ_SX,26070.5,6,312540,-313.44,-0.10,7.44,272.28,0.09,-309.72,-0.10,-15666.24,-31.33,12
411,Entry short,2026-01-27 09:57,JJ_S,26045,6,312540,-313.44,-0.10,7.44,272.28,0.09,-309.72,-0.10,-15666.24,-31.33,12
412,Exit short,2026-01-27 10:38,JJ_SX,26085.5,6,312720,-313.44,-0.10,7.44,263.28,0.08,-309.72,-0.10,-15979.68,-31.96,27
412,Entry short,2026-01-27 10:11,JJ_S,26060,6,312720,-313.44,-0.10,7.44,263.28,0.08,-309.72,-0.10,-15979.68,-31.96,27
413,Exit short,2026-01-27 11:19,JJ_SX,26106.25,6,312969,-313.44,-0.10,7.44,206.28,0.07,-309.72,-0.10,-16293.12,-32.59,40
413,Entry short,2026-01-27 10:39,JJ_S,26080.75,6,312969,-313.44,-0.10,7.44,206.28,0.07,-309.72,-0.10,-16293.12,-32.59,40
414,Exit short,2026-01-28 10:10,JJ_SX,26229.5,6,315201,439.56,0.14,7.44,443.28,0.14,-294.72,-0.09,-15853.56,-31.71,24
414,Entry short,2026-01-28 09:46,JJ_S,26266.75,6,315201,439.56,0.14,7.44,443.28,0.14,-294.72,-0.09,-15853.56,-31.71,24
415,Exit long,2026-01-28 10:35,JJ_LX,26193.5,6,314628,-313.44,-0.10,7.44,59.28,0.02,-309.72,-0.10,-16167,-32.33,2
415,Entry long,2026-01-28 10:33,JJ_L,26219,6,314628,-313.44,-0.10,7.44,59.28,0.02,-309.72,-0.10,-16167,-32.33,2
416,Exit long,2026-01-28 10:42,JJ_LX,26190.25,6,314589,-313.44,-0.10,7.44,146.28,0.05,-309.72,-0.10,-16480.44,-32.96,6
416,Entry long,2026-01-28 10:36,JJ_L,26215.75,6,314589,-313.44,-0.10,7.44,146.28,0.05,-309.72,-0.10,-16480.44,-32.96,6
417,Exit long,2026-01-28 11:22,JJ_LX,26155.25,6,314169,-313.44,-0.10,7.44,212.28,0.07,-309.72,-0.10,-16793.88,-33.59,34
417,Entry long,2026-01-28 10:48,JJ_L,26180.75,6,314169,-313.44,-0.10,7.44,212.28,0.07,-309.72,-0.10,-16793.88,-33.59,34
418,Exit long,2026-01-29 09:53,JJ_LX,25922.5,3,155838,-306.72,-0.20,3.72,208.14,0.13,-304.86,-0.20,-17100.6,-34.20,6
418,Entry long,2026-01-29 09:47,JJ_L,25973,3,155838,-306.72,-0.20,3.72,208.14,0.13,-304.86,-0.20,-17100.6,-34.20,6
419,Exit long,2026-01-29 09:58,JJ_LX,25901.5,3,155712,-306.72,-0.20,3.72,1.14,0.00,-304.86,-0.20,-17407.32,-34.81,3
419,Entry long,2026-01-29 09:55,JJ_L,25952,3,155712,-306.72,-0.20,3.72,1.14,0.00,-304.86,-0.20,-17407.32,-34.81,3
420,Exit long,2026-01-29 10:14,JJ_LX,25746.75,3,154783.5,-306.72,-0.20,3.72,170.64,0.11,-304.86,-0.20,-17714.04,-35.43,10
420,Entry long,2026-01-29 10:04,JJ_L,25797.25,3,154783.5,-306.72,-0.20,3.72,170.64,0.11,-304.86,-0.20,-17714.04,-35.43,10
421,Exit long,2026-01-29 10:32,JJ_LX,25699,3,154497,-306.72,-0.20,3.72,433.14,0.28,-304.86,-0.20,-18020.76,-36.04,17
421,Entry long,2026-01-29 10:15,JJ_L,25749.5,3,154497,-306.72,-0.20,3.72,433.14,0.28,-304.86,-0.20,-18020.76,-36.04,17
422,Exit long,2026-01-29 10:50,JJ_LX,25583.25,3,153802.5,-306.72,-0.20,3.72,56.64,0.04,-304.86,-0.20,-18327.48,-36.65,5
422,Entry long,2026-01-29 10:45,JJ_L,25633.75,3,153802.5,-306.72,-0.20,3.72,56.64,0.04,-304.86,-0.20,-18327.48,-36.65,5
423,Exit short,2026-01-30 09:50,JJ_SX,25908.25,3,155146.5,-306.72,-0.20,3.72,115.14,0.07,-304.86,-0.20,-18634.2,-37.27,5
423,Entry short,2026-01-30 09:45,JJ_S,25857.75,3,155146.5,-306.72,-0.20,3.72,115.14,0.07,-304.86,-0.20,-18634.2,-37.27,5
424,Exit short,2026-01-30 09:59,JJ_SX,25812.5,3,155323.5,444.78,0.29,3.72,446.64,0.29,-127.86,-0.08,-18189.42,-36.38,7
424,Entry short,2026-01-30 09:52,JJ_S,25887.25,3,155323.5,444.78,0.29,3.72,446.64,0.29,-127.86,-0.08,-18189.42,-36.38,7
425,Exit short,2026-01-30 10:26,JJ_SX,25827.5,3,155413.5,444.78,0.29,3.72,446.64,0.29,-103.86,-0.07,-17744.64,-35.49,14
425,Entry short,2026-01-30 10:12,JJ_S,25902.25,3,155413.5,444.78,0.29,3.72,446.64,0.29,-103.86,-0.07,-17744.64,-35.49,14
426,Exit long,2026-01-30 10:35,JJ_LX,25879.5,3,154828.5,444.78,0.29,3.72,446.64,0.29,-3.36,0.00,-17299.86,-34.60,1
426,Entry long,2026-01-30 10:34,JJ_L,25804.75,3,154828.5,444.78,0.29,3.72,446.64,0.29,-3.36,0.00,-17299.86,-34.60,1
427,Exit short,2026-01-30 11:18,JJ_SX,25780.5,3,155131.5,444.78,0.29,3.72,446.64,0.29,-115.86,-0.07,-16855.08,-33.71,25
427,Entry short,2026-01-30 10:53,JJ_S,25855.25,3,155131.5,444.78,0.29,3.72,446.64,0.29,-115.86,-0.07,-16855.08,-33.71,25
428,Exit short,2026-02-02 09:50,JJ_SX,25767.5,3,154302,-306.72,-0.20,3.72,49.14,0.03,-304.86,-0.20,-17161.8,-34.32,3
428,Entry short,2026-02-02 09:47,JJ_S,25717,3,154302,-306.72,-0.20,3.72,49.14,0.03,-304.86,-0.20,-17161.8,-34.32,3
429,Exit short,2026-02-02 09:59,JJ_SX,25782.75,3,154393.5,-306.72,-0.20,3.72,31.14,0.02,-304.86,-0.20,-17468.52,-34.94,1
429,Entry short,2026-02-02 09:58,JJ_S,25732.25,3,154393.5,-306.72,-0.20,3.72,31.14,0.02,-304.86,-0.20,-17468.52,-34.94,1
430,Exit short,2026-02-02 10:57,JJ_SX,25816.75,3,155349,444.78,0.29,3.72,446.64,0.29,-96.36,-0.06,-17023.74,-34.05,37
430,Entry short,2026-02-02 10:20,JJ_S,25891.5,3,155349,444.78,0.29,3.72,446.64,0.29,-96.36,-0.06,-17023.74,-34.05,37
431,Exit long,2026-02-03 09:54,JJ_LX,25728.5,3,154674,-306.72,-0.20,3.72,7.14,0.00,-304.86,-0.20,-17330.46,-34.66,2
431,Entry long,2026-02-03 09:52,JJ_L,25779,3,154674,-306.72,-0.20,3.72,7.14,0.00,-304.86,-0.20,-17330.46,-34.66,2
432,Exit long,2026-02-03 10:07,JJ_LX,25575,3,153753,-306.72,-0.20,3.72,112.14,0.07,-304.86,-0.20,-17637.18,-35.27,4
432,Entry long,2026-02-03 10:03,JJ_L,25625.5,3,153753,-306.72,-0.20,3.72,112.14,0.07,-304.86,-0.20,-17637.18,-35.27,4
433,Exit long,2026-02-03 10:14,JJ_LX,25532.25,3,153496.5,-306.72,-0.20,3.72,172.14,0.11,-304.86,-0.20,-17943.9,-35.89,6
433,Entry long,2026-02-03 10:08,JJ_L,25582.75,3,153496.5,-306.72,-0.20,3.72,172.14,0.11,-304.86,-0.20,-17943.9,-35.89,6
434,Exit long,2026-02-03 10:22,JJ_LX,25549,3,153597,-306.72,-0.20,3.72,29.64,0.02,-304.86,-0.20,-18250.62,-36.50,2
434,Entry long,2026-02-03 10:20,JJ_L,25599.5,3,153597,-306.72,-0.20,3.72,29.64,0.02,-304.86,-0.20,-18250.62,-36.50,2
435,Exit long,2026-02-03 10:50,JJ_LX,25597.5,3,153136.5,444.78,0.29,3.72,446.64,0.29,-250.86,-0.16,-17805.84,-35.61,25
435,Entry long,2026-02-03 10:25,JJ_L,25522.75,3,153136.5,444.78,0.29,3.72,446.64,0.29,-250.86,-0.16,-17805.84,-35.61,25
436,Exit long,2026-02-04 09:50,JJ_LX,25310.25,3,152164.5,-306.72,-0.20,3.72,49.14,0.03,-304.86,-0.20,-18112.56,-36.23,2
436,Entry long,2026-02-04 09:48,JJ_L,25360.75,3,152164.5,-306.72,-0.20,3.72,49.14,0.03,-304.86,-0.20,-18112.56,-36.23,2
437,Exit long,2026-02-04 09:56,JJ_LX,25253,3,151821,-306.72,-0.20,3.72,50.64,0.03,-304.86,-0.20,-18419.28,-36.84,2
437,Entry long,2026-02-04 09:54,JJ_L,25303.5,3,151821,-306.72,-0.20,3.72,50.64,0.03,-304.86,-0.20,-18419.28,-36.84,2
438,Exit long,2026-02-04 10:23,JJ_LX,25191,3,151449,-306.72,-0.20,3.72,34.14,0.02,-304.86,-0.20,-18726,-37.45,2
438,Entry long,2026-02-04 10:21,JJ_L,25241.5,3,151449,-306.72,-0.20,3.72,34.14,0.02,-304.86,-0.20,-18726,-37.45,2
439,Exit long,2026-02-04 10:30,JJ_LX,25212.75,3,151579.5,-306.72,-0.20,3.72,253.14,0.17,-304.86,-0.20,-19032.72,-38.07,7
439,Entry long,2026-02-04 10:23,JJ_L,25263.25,3,151579.5,-306.72,-0.20,3.72,253.14,0.17,-304.86,-0.20,-19032.72,-38.07,7
440,Exit long,2026-02-04 10:46,JJ_LX,25177.5,3,151368,-306.72,-0.20,3.72,256.14,0.17,-304.86,-0.20,-19339.44,-38.68,8
440,Entry long,2026-02-04 10:38,JJ_L,25228,3,151368,-306.72,-0.20,3.72,256.14,0.17,-304.86,-0.20,-19339.44,-38.68,8
441,Exit short,2026-02-05 09:49,JJ_SX,24925.75,3,149251.5,-306.72,-0.21,3.72,14.64,0.01,-304.86,-0.20,-19646.16,-39.29,1
441,Entry short,2026-02-05 09:48,JJ_S,24875.25,3,149251.5,-306.72,-0.21,3.72,14.64,0.01,-304.86,-0.20,-19646.16,-39.29,1
442,Exit short,2026-02-05 09:56,JJ_SX,24810.5,3,149311.5,444.78,0.30,3.72,446.64,0.30,-240.36,-0.16,-19201.38,-38.40,5
442,Entry short,2026-02-05 09:51,JJ_S,24885.25,3,149311.5,444.78,0.30,3.72,446.64,0.30,-240.36,-0.16,-19201.38,-38.40,5
443,Exit long,2026-02-05 10:22,JJ_LX,24659,3,147505.5,444.78,0.30,3.72,446.64,0.30,-27.36,-0.02,-18756.6,-37.51,7
443,Entry long,2026-02-05 10:15,JJ_L,24584.25,3,147505.5,444.78,0.30,3.72,446.64,0.30,-27.36,-0.02,-18756.6,-37.51,7
444,Exit long,2026-02-05 10:48,JJ_LX,24585,3,147813,-306.72,-0.21,3.72,391.14,0.26,-304.86,-0.21,-19063.32,-38.13,10
444,Entry long,2026-02-05 10:38,JJ_L,24635.5,3,147813,-306.72,-0.21,3.72,391.14,0.26,-304.86,-0.21,-19063.32,-38.13,10
445,Exit long,2026-02-05 11:14,JJ_LX,24538.5,3,147534,-306.72,-0.21,3.72,398.64,0.27,-304.86,-0.21,-19370.04,-38.74,25
445,Entry long,2026-02-05 10:49,JJ_L,24589,3,147534,-306.72,-0.21,3.72,398.64,0.27,-304.86,-0.21,-19370.04,-38.74,25
446,Exit short,2026-02-06 09:56,JJ_SX,24857.25,3,149592,444.78,0.30,3.72,446.64,0.30,-66.36,-0.04,-18925.26,-37.85,3
446,Entry short,2026-02-06 09:53,JJ_S,24932,3,149592,444.78,0.30,3.72,446.64,0.30,-66.36,-0.04,-18925.26,-37.85,3
447,Exit short,2026-02-06 10:04,JJ_SX,24785.25,3,149160,444.78,0.30,3.72,446.64,0.30,-222.36,-0.15,-18480.48,-36.96,8
447,Entry short,2026-02-06 09:56,JJ_S,24860,3,149160,444.78,0.30,3.72,446.64,0.30,-222.36,-0.15,-18480.48,-36.96,8
448,Exit short,2026-02-06 10:18,JJ_SX,24846.75,3,148777.5,-306.72,-0.21,3.72,323.64,0.22,-304.86,-0.20,-18787.2,-37.57,6
448,Entry short,2026-02-06 10:12,JJ_S,24796.25,3,148777.5,-306.72,-0.21,3.72,323.64,0.22,-304.86,-0.20,-18787.2,-37.57,6
449,Exit short,2026-02-06 10:21,JJ_SX,24892.5,3,149052,-306.72,-0.21,3.72,19.14,0.01,-304.86,-0.20,-19093.92,-38.19,1
449,Entry short,2026-02-06 10:20,JJ_S,24842,3,149052,-306.72,-0.21,3.72,19.14,0.01,-304.86,-0.20,-19093.92,-38.19,1
450,Exit short,2026-02-06 10:25,JJ_SX,24868.75,3,148909.5,-306.72,-0.21,3.72,70.14,0.05,-304.86,-0.20,-19400.64,-38.80,2
450,Entry short,2026-02-06 10:23,JJ_S,24818.25,3,148909.5,-306.72,-0.21,3.72,70.14,0.05,-304.86,-0.20,-19400.64,-38.80,2
451,Exit short,2026-02-09 10:04,JJ_SX,25154.5,3,150624,-306.72,-0.20,3.72,68.64,0.05,-304.86,-0.20,-19707.36,-39.41,12
451,Entry short,2026-02-09 09:52,JJ_S,25104,3,150624,-306.72,-0.20,3.72,68.64,0.05,-304.86,-0.20,-19707.36,-39.41,12
452,Exit short,2026-02-09 10:20,JJ_SX,25248.5,3,151188,-306.72,-0.20,3.72,142.14,0.09,-304.86,-0.20,-20014.08,-40.03,9
452,Entry short,2026-02-09 10:11,JJ_S,25198,3,151188,-306.72,-0.20,3.72,142.14,0.09,-304.86,-0.20,-20014.08,-40.03,9
453,Exit short,2026-02-09 10:49,JJ_SX,25289.5,3,151434,-306.72,-0.20,3.72,436.14,0.29,-304.86,-0.20,-20320.8,-40.64,28
453,Entry short,2026-02-09 10:21,JJ_S,25239,3,151434,-306.72,-0.20,3.72,436.14,0.29,-304.86,-0.20,-20320.8,-40.64,28
454,Exit short,2026-02-09 11:15,JJ_SX,25337.5,6,303744,-313.44,-0.10,7.44,74.28,0.02,-309.72,-0.10,-20634.24,-41.27,16
454,Entry short,2026-02-09 10:59,JJ_S,25312,6,303744,-313.44,-0.10,7.44,74.28,0.02,-309.72,-0.10,-20634.24,-41.27,16
455,Exit long,2026-02-10 09:54,JJ_LX,25353.5,3,151672.5,444.78,0.29,3.72,446.64,0.29,-34.86,-0.02,-20189.46,-40.38,5
455,Entry long,2026-02-10 09:49,JJ_L,25278.75,3,151672.5,444.78,0.29,3.72,446.64,0.29,-34.86,-0.02,-20189.46,-40.38,5
456,Exit short,2026-02-10 10:06,JJ_SX,25442,3,152349,-306.72,-0.20,3.72,67.14,0.04,-304.86,-0.20,-20496.18,-40.99,7
456,Entry short,2026-02-10 09:59,JJ_S,25391.5,3,152349,-306.72,-0.20,3.72,67.14,0.04,-304.86,-0.20,-20496.18,-40.99,7
457,Exit short,2026-02-10 11:34,JJ_SX,25331,3,152434.5,444.78,0.29,3.72,446.64,0.29,-142.86,-0.09,-20051.4,-40.10,60
457,Entry short,2026-02-10 10:34,JJ_S,25405.75,3,152434.5,444.78,0.29,3.72,446.64,0.29,-142.86,-0.09,-20051.4,-40.10,60
458,Exit long,2026-02-11 10:18,JJ_LX,25137.75,3,151129.5,-306.72,-0.20,3.72,38.64,0.03,-304.86,-0.20,-20358.12,-40.72,4
458,Entry long,2026-02-11 10:14,JJ_L,25188.25,3,151129.5,-306.72,-0.20,3.72,38.64,0.03,-304.86,-0.20,-20358.12,-40.72,4
459,Exit long,2026-02-11 10:40,JJ_LX,25175.75,3,150606,444.78,0.30,3.72,446.64,0.30,-60.36,-0.04,-19913.34,-39.83,10
459,Entry long,2026-02-11 10:30,JJ_L,25101,3,150606,444.78,0.30,3.72,446.64,0.30,-60.36,-0.04,-19913.34,-39.83,10
460,Exit long,2026-02-11 10:54,JJ_LX,25261.5,3,151120.5,444.78,0.29,3.72,446.64,0.30,-4.86,0.00,-19468.56,-38.94,3
460,Entry long,2026-02-11 10:51,JJ_L,25186.75,3,151120.5,444.78,0.29,3.72,446.64,0.30,-4.86,0.00,-19468.56,-38.94,3
461,Exit long,2026-02-11 11:03,JJ_LX,25209.75,3,151561.5,-306.72,-0.20,3.72,62.64,0.04,-304.86,-0.20,-19775.28,-39.55,9
461,Entry long,2026-02-11 10:54,JJ_L,25260.25,3,151561.5,-306.72,-0.20,3.72,62.64,0.04,-304.86,-0.20,-19775.28,-39.55,9
462,Exit long,2026-02-12 10:08,JJ_LX,25186,3,151419,-306.72,-0.20,3.72,89.64,0.06,-304.86,-0.20,-20082,-40.16,7
462,Entry long,2026-02-12 10:01,JJ_L,25236.5,3,151419,-306.72,-0.20,3.72,89.64,0.06,-304.86,-0.20,-20082,-40.16,7
463,Exit long,2026-02-12 10:38,JJ_LX,25144.25,3,151168.5,-306.72,-0.20,3.72,391.14,0.26,-304.86,-0.20,-20388.72,-40.78,29
463,Entry long,2026-02-12 10:09,JJ_L,25194.75,3,151168.5,-306.72,-0.20,3.72,391.14,0.26,-304.86,-0.20,-20388.72,-40.78,29
464,Exit long,2026-02-12 10:54,JJ_LX,25056.75,3,150643.5,-306.72,-0.20,3.72,82.14,0.05,-304.86,-0.20,-20695.44,-41.39,9
464,Entry long,2026-02-12 10:45,JJ_L,25107.25,3,150643.5,-306.72,-0.20,3.72,82.14,0.05,-304.86,-0.20,-20695.44,-41.39,9
465,Exit short,2026-02-13 09:50,JJ_SX,24700.5,3,148651.5,444.78,0.30,3.72,446.64,0.30,-16.86,-0.01,-20250.66,-40.50,1
465,Entry short,2026-02-13 09:49,JJ_S,24775.25,3,148651.5,444.78,0.30,3.72,446.64,0.30,-16.86,-0.01,-20250.66,-40.50,1
466,Exit short,2026-02-13 10:17,JJ_SX,24719,3,148762.5,444.78,0.30,3.72,446.64,0.30,-175.86,-0.12,-19805.88,-39.61,5
466,Entry short,2026-02-13 10:12,JJ_S,24793.75,3,148762.5,444.78,0.30,3.72,446.64,0.30,-175.86,-0.12,-19805.88,-39.61,5
467,Exit short,2026-02-13 10:39,JJ_SX,24832.5,3,149443.5,444.78,0.30,3.72,446.64,0.30,-118.86,-0.08,-19361.1,-38.72,5
467,Entry short,2026-02-13 10:34,JJ_S,24907.25,3,149443.5,444.78,0.30,3.72,446.64,0.30,-118.86,-0.08,-19361.1,-38.72,5
468,Exit short,2026-02-13 10:46,JJ_SX,24752.75,3,148965,444.78,0.30,3.72,446.64,0.30,-87.36,-0.06,-18916.32,-37.83,7
468,Entry short,2026-02-13 10:39,JJ_S,24827.5,3,148965,444.78,0.30,3.72,446.64,0.30,-87.36,-0.06,-18916.32,-37.83,7
469,Exit short,2026-02-13 11:05,JJ_SX,24848.5,3,148788,-306.72,-0.21,3.72,0,0.00,-304.86,-0.20,-19223.04,-38.45,9
469,Entry short,2026-02-13 10:56,JJ_S,24798,3,148788,-306.72,-0.21,3.72,0,0.00,-304.86,-0.20,-19223.04,-38.45,9
470,Exit long,2026-02-16 09:55,JJ_LX,24764.5,6,296727,439.56,0.15,7.44,443.28,0.15,-39.72,-0.01,-18783.48,-37.57,7
470,Entry long,2026-02-16 09:48,JJ_L,24727.25,6,296727,439.56,0.15,7.44,443.28,0.15,-39.72,-0.01,-18783.48,-37.57,7
471,Exit short,2026-02-16 10:21,JJ_SX,24738.25,6,297306,439.56,0.15,7.44,443.28,0.15,-267.72,-0.09,-18343.92,-36.69,20
471,Entry short,2026-02-16 10:01,JJ_S,24775.5,6,297306,439.56,0.15,7.44,443.28,0.15,-267.72,-0.09,-18343.92,-36.69,20
472,Exit long,2026-02-16 11:09,JJ_LX,24736.5,6,296391,439.56,0.15,7.44,443.28,0.15,-261.72,-0.09,-17904.36,-35.81,30
472,Entry long,2026-02-16 10:39,JJ_L,24699.25,6,296391,439.56,0.15,7.44,443.28,0.15,-261.72,-0.09,-17904.36,-35.81,30
473,Exit long,2026-02-17 10:07,JJ_LX,24509,3,147357,-306.72,-0.21,3.72,71.64,0.05,-304.86,-0.21,-18211.08,-36.42,4
473,Entry long,2026-02-17 10:03,JJ_L,24559.5,3,147357,-306.72,-0.21,3.72,71.64,0.05,-304.86,-0.21,-18211.08,-36.42,4
474,Exit long,2026-02-17 10:19,JJ_LX,24637.25,3,147375,444.78,0.30,3.72,446.64,0.30,-87.36,-0.06,-17766.3,-35.53,3
474,Entry long,2026-02-17 10:16,JJ_L,24562.5,3,147375,444.78,0.30,3.72,446.64,0.30,-87.36,-0.06,-17766.3,-35.53,3
475,Exit short,2026-02-18 10:40,JJ_SX,25077.5,3,150162,-306.72,-0.20,3.72,179.64,0.12,-304.86,-0.20,-18073.02,-36.15,34
475,Entry short,2026-02-18 10:06,JJ_S,25027,3,150162,-306.72,-0.20,3.72,179.64,0.12,-304.86,-0.20,-18073.02,-36.15,34
476,Exit short,2026-02-18 10:48,JJ_SX,25083.5,6,300696,-313.44,-0.10,7.44,107.28,0.04,-309.72,-0.10,-18386.46,-36.77,6
476,Entry short,2026-02-18 10:42,JJ_S,25058,6,300696,-313.44,-0.10,7.44,107.28,0.04,-309.72,-0.10,-18386.46,-36.77,6
477,Exit short,2026-02-18 10:55,JJ_SX,25097.25,6,300861,-313.44,-0.10,7.44,239.28,0.08,-309.72,-0.10,-18699.9,-37.40,6
477,Entry short,2026-02-18 10:49,JJ_S,25071.75,6,300861,-313.44,-0.10,7.44,239.28,0.08,-309.72,-0.10,-18699.9,-37.40,6
478,Exit short,2026-02-19 09:56,JJ_SX,24912.25,3,149170.5,-306.72,-0.21,3.72,10.14,0.01,-304.86,-0.20,-19006.62,-38.01,2
478,Entry short,2026-02-19 09:54,JJ_S,24861.75,3,149170.5,-306.72,-0.21,3.72,10.14,0.01,-304.86,-0.20,-19006.62,-38.01,2
479,Exit short,2026-02-19 11:20,JJ_SX,24958.5,3,149448,-306.72,-0.21,3.72,349.14,0.23,-304.86,-0.20,-19313.34,-38.63,75
479,Entry short,2026-02-19 10:05,JJ_S,24908,3,149448,-306.72,-0.21,3.72,349.14,0.23,-304.86,-0.20,-19313.34,-38.63,75
480,Exit short,2026-02-20 10:01,JJ_SX,24965.25,3,149488.5,-306.72,-0.21,3.72,413.64,0.28,-304.86,-0.20,-19620.06,-39.24,14
480,Entry short,2026-02-20 09:47,JJ_S,24914.75,3,149488.5,-306.72,-0.21,3.72,413.64,0.28,-304.86,-0.20,-19620.06,-39.24,14
481,Exit short,2026-02-20 10:08,JJ_SX,24944.75,3,149365.5,-306.72,-0.21,3.72,214.14,0.14,-304.86,-0.20,-19926.78,-39.85,3
481,Entry short,2026-02-20 10:05,JJ_S,24894.25,3,149365.5,-306.72,-0.21,3.72,214.14,0.14,-304.86,-0.20,-19926.78,-39.85,3
482,Exit short,2026-02-20 10:15,JJ_SX,24909.5,3,149905.5,444.78,0.30,3.72,446.64,0.30,-81.36,-0.05,-19482,-38.96,4
482,Entry short,2026-02-20 10:11,JJ_S,24984.25,3,149905.5,444.78,0.30,3.72,446.64,0.30,-81.36,-0.05,-19482,-38.96,4
483,Exit short,2026-02-20 10:17,JJ_SX,24915.75,3,149191.5,-306.72,-0.21,3.72,11.64,0.01,-304.86,-0.20,-19788.72,-39.58,1
483,Entry short,2026-02-20 10:16,JJ_S,24865.25,3,149191.5,-306.72,-0.21,3.72,11.64,0.01,-304.86,-0.20,-19788.72,-39.58,1
484,Exit short,2026-02-20 10:37,JJ_SX,24986,3,149613,-306.72,-0.21,3.72,163.14,0.11,-304.86,-0.20,-20095.44,-40.19,5
484,Entry short,2026-02-20 10:32,JJ_S,24935.5,3,149613,-306.72,-0.21,3.72,163.14,0.11,-304.86,-0.20,-20095.44,-40.19,5
485,Exit long,2026-02-23 10:05,JJ_LX,24862,3,149475,-306.72,-0.21,3.72,316.14,0.21,-304.86,-0.20,-20402.16,-40.80,19
485,Entry long,2026-02-23 09:46,JJ_L,24912.5,3,149475,-306.72,-0.21,3.72,316.14,0.21,-304.86,-0.20,-20402.16,-40.80,19
486,Exit long,2026-02-23 10:36,JJ_LX,24833,3,149301,-306.72,-0.21,3.72,275.64,0.18,-304.86,-0.20,-20708.88,-41.42,30
486,Entry long,2026-02-23 10:06,JJ_L,24883.5,3,149301,-306.72,-0.21,3.72,275.64,0.18,-304.86,-0.20,-20708.88,-41.42,30
487,Exit long,2026-02-23 10:52,JJ_LX,24797,3,149085,-306.72,-0.21,3.72,143.64,0.10,-304.86,-0.20,-21015.6,-42.03,16
487,Entry long,2026-02-23 10:36,JJ_L,24847.5,3,149085,-306.72,-0.21,3.72,143.64,0.10,-304.86,-0.20,-21015.6,-42.03,16
488,Exit long,2026-02-23 10:59,JJ_LX,24746.25,3,148780.5,-306.72,-0.21,3.72,0,0.00,-304.86,-0.20,-21322.32,-42.64,6
488,Entry long,2026-02-23 10:53,JJ_L,24796.75,3,148780.5,-306.72,-0.21,3.72,0,0.00,-304.86,-0.20,-21322.32,-42.64,6
489,Exit short,2026-02-24 10:21,JJ_SX,24931.75,3,149287.5,-306.72,-0.21,3.72,368.64,0.25,-304.86,-0.20,-21629.04,-43.26,26
489,Entry short,2026-02-24 09:55,JJ_S,24881.25,3,149287.5,-306.72,-0.21,3.72,368.64,0.25,-304.86,-0.20,-21629.04,-43.26,26
490,Exit short,2026-02-24 12:09,JJ_SX,25048.25,3,149986.5,-306.72,-0.20,3.72,182.64,0.12,-304.86,-0.20,-21935.76,-43.87,84
490,Entry short,2026-02-24 10:45,JJ_S,24997.75,3,149986.5,-306.72,-0.20,3.72,182.64,0.12,-304.86,-0.20,-21935.76,-43.87,84
491,Exit short,2026-02-25 14:18,JJ_SX,25375.75,3,151951.5,-306.72,-0.20,3.72,361.14,0.24,-304.86,-0.20,-22242.48,-44.48,266
491,Entry short,2026-02-25 09:52,JJ_S,25325.25,3,151951.5,-306.72,-0.20,3.72,361.14,0.24,-304.86,-0.20,-22242.48,-44.48,266
492,Exit long,2026-02-26 10:00,JJ_LX,25180,3,151383,-306.72,-0.20,3.72,139.14,0.09,-304.86,-0.20,-22549.2,-45.10,11
492,Entry long,2026-02-26 09:49,JJ_L,25230.5,3,151383,-306.72,-0.20,3.72,139.14,0.09,-304.86,-0.20,-22549.2,-45.10,11
493,Exit long,2026-02-26 10:12,JJ_LX,25107.75,3,150949.5,-306.72,-0.20,3.72,188.64,0.12,-304.86,-0.20,-22855.92,-45.71,10
493,Entry long,2026-02-26 10:02,JJ_L,25158.25,3,150949.5,-306.72,-0.20,3.72,188.64,0.12,-304.86,-0.20,-22855.92,-45.71,10
494,Exit long,2026-02-26 10:27,JJ_LX,24913.25,3,149782.5,-306.72,-0.20,3.72,10.14,0.01,-304.86,-0.20,-23162.64,-46.33,1
494,Entry long,2026-02-26 10:26,JJ_L,24963.75,3,149782.5,-306.72,-0.20,3.72,10.14,0.01,-304.86,-0.20,-23162.64,-46.33,1
495,Exit long,2026-02-26 10:40,JJ_LX,24980.5,3,149434.5,444.78,0.30,3.72,446.64,0.30,-103.86,-0.07,-22717.86,-45.44,5
495,Entry long,2026-02-26 10:35,JJ_L,24905.75,3,149434.5,444.78,0.30,3.72,446.64,0.30,-103.86,-0.07,-22717.86,-45.44,5
496,Exit long,2026-02-26 11:55,JJ_LX,24965.5,3,150096,-306.72,-0.20,3.72,415.14,0.28,-304.86,-0.20,-23024.58,-46.05,70
496,Entry long,2026-02-26 10:45,JJ_L,25016,3,150096,-306.72,-0.20,3.72,415.14,0.28,-304.86,-0.20,-23024.58,-46.05,70
497,Exit short,2026-02-27 10:01,JJ_SX,24916,3,149193,-306.72,-0.21,3.72,91.14,0.06,-304.86,-0.20,-23331.3,-46.66,6
497,Entry short,2026-02-27 09:55,JJ_S,24865.5,3,149193,-306.72,-0.21,3.72,91.14,0.06,-304.86,-0.20,-23331.3,-46.66,6
498,Exit short,2026-02-27 10:44,JJ_SX,25006,3,149733,-306.72,-0.20,3.72,205.14,0.14,-304.86,-0.20,-23638.02,-47.28,35
498,Entry short,2026-02-27 10:09,JJ_S,24955.5,3,149733,-306.72,-0.20,3.72,205.14,0.14,-304.86,-0.20,-23638.02,-47.28,35
499,Exit short,2026-02-27 11:01,JJ_SX,24994.25,3,149662.5,-306.72,-0.20,3.72,121.14,0.08,-304.86,-0.20,-23944.74,-47.89,10
499,Entry short,2026-02-27 10:51,JJ_S,24943.75,3,149662.5,-306.72,-0.20,3.72,121.14,0.08,-304.86,-0.20,-23944.74,-47.89,10
500,Exit short,2026-03-02 10:04,JJ_SX,24905.25,3,149128.5,-306.72,-0.21,3.72,308.64,0.21,-304.86,-0.20,-24251.46,-48.50,13
500,Entry short,2026-03-02 09:51,JJ_S,24854.75,3,149128.5,-306.72,-0.21,3.72,308.64,0.21,-304.86,-0.20,-24251.46,-48.50,13
501,Exit short,2026-03-02 10:32,JJ_SX,24845.5,3,149521.5,444.78,0.30,3.72,446.64,0.30,-52.86,-0.04,-23806.68,-47.61,15
501,Entry short,2026-03-02 10:17,JJ_S,24920.25,3,149521.5,444.78,0.30,3.72,446.64,0.30,-52.86,-0.04,-23806.68,-47.61,15
502,Exit short,2026-03-02 10:38,JJ_SX,24899,3,149091,-306.72,-0.21,3.72,37.14,0.02,-304.86,-0.20,-24113.4,-48.23,6
502,Entry short,2026-03-02 10:32,JJ_S,24848.5,3,149091,-306.72,-0.21,3.72,37.14,0.02,-304.86,-0.20,-24113.4,-48.23,6
503,Exit short,2026-03-02 11:08,JJ_SX,24967,3,149499,-306.72,-0.21,3.72,233.64,0.16,-304.86,-0.20,-24420.12,-48.84,20
503,Entry short,2026-03-02 10:48,JJ_S,24916.5,3,149499,-306.72,-0.21,3.72,233.64,0.16,-304.86,-0.20,-24420.12,-48.84,20
504,Exit long,2026-03-03 10:54,JJ_LX,24377.5,3,146568,-306.72,-0.21,3.72,263.64,0.18,-304.86,-0.21,-24726.84,-49.45,23
504,Entry long,2026-03-03 10:31,JJ_L,24428,3,146568,-306.72,-0.21,3.72,263.64,0.18,-304.86,-0.21,-24726.84,-49.45,23
505,Exit long,2026-03-03 11:04,JJ_LX,24496,3,146527.5,444.78,0.30,3.72,446.64,0.30,-9.36,-0.01,-24282.06,-48.56,7
505,Entry long,2026-03-03 10:57,JJ_L,24421.25,3,146527.5,444.78,0.30,3.72,446.64,0.30,-9.36,-0.01,-24282.06,-48.56,7
506,Exit short,2026-03-04 10:00,JJ_SX,24957,3,149439,-306.72,-0.21,3.72,157.14,0.11,-304.86,-0.20,-24588.78,-49.18,5
506,Entry short,2026-03-04 09:55,JJ_S,24906.5,3,149439,-306.72,-0.21,3.72,157.14,0.11,-304.86,-0.20,-24588.78,-49.18,5
507,Exit short,2026-03-04 10:05,JJ_SX,24951.25,3,149404.5,-306.72,-0.21,3.72,61.14,0.04,-304.86,-0.20,-24895.5,-49.79,2
507,Entry short,2026-03-04 10:03,JJ_S,24900.75,3,149404.5,-306.72,-0.21,3.72,61.14,0.04,-304.86,-0.20,-24895.5,-49.79,2
508,Exit short,2026-03-04 10:45,JJ_SX,25050.25,3,150750,444.78,0.30,3.72,446.64,0.30,-100.86,-0.07,-24450.72,-48.90,15
508,Entry short,2026-03-04 10:30,JJ_S,25125,3,150750,444.78,0.30,3.72,446.64,0.30,-100.86,-0.07,-24450.72,-48.90,15
509,Exit short,2026-03-04 10:55,JJ_SX,25097,3,150279,-306.72,-0.20,3.72,2.64,0.00,-304.86,-0.20,-24757.44,-49.51,3
509,Entry short,2026-03-04 10:52,JJ_S,25046.5,3,150279,-306.72,-0.20,3.72,2.64,0.00,-304.86,-0.20,-24757.44,-49.51,3
510,Exit short,2026-03-05 09:58,JJ_SX,25174.5,3,150744,-306.72,-0.20,3.72,110.64,0.07,-304.86,-0.20,-25064.16,-50.13,6
510,Entry short,2026-03-05 09:52,JJ_S,25124,3,150744,-306.72,-0.20,3.72,110.64,0.07,-304.86,-0.20,-25064.16,-50.13,6
511,Exit short,2026-03-05 10:17,JJ_SX,25108.5,3,151099.5,444.78,0.29,3.72,446.64,0.30,-84.36,-0.06,-24619.38,-49.24,16
511,Entry short,2026-03-05 10:01,JJ_S,25183.25,3,151099.5,444.78,0.29,3.72,446.64,0.30,-84.36,-0.06,-24619.38,-49.24,16
512,Exit short,2026-03-05 10:24,JJ_SX,25032.25,3,150642,444.78,0.30,3.72,446.64,0.30,-10.86,-0.01,-24174.6,-48.35,5
512,Entry short,2026-03-05 10:19,JJ_S,25107,3,150642,444.78,0.30,3.72,446.64,0.30,-10.86,-0.01,-24174.6,-48.35,5
513,Exit short,2026-03-05 10:30,JJ_SX,24948.5,3,150139.5,444.78,0.30,3.72,446.64,0.30,-61.86,-0.04,-23729.82,-47.46,6
513,Entry short,2026-03-05 10:24,JJ_S,25023.25,3,150139.5,444.78,0.30,3.72,446.64,0.30,-61.86,-0.04,-23729.82,-47.46,6
514,Exit long,2026-03-05 10:39,JJ_LX,25028.5,3,149722.5,444.78,0.30,3.72,446.64,0.30,-36.36,-0.02,-23285.04,-46.57,7
514,Entry long,2026-03-05 10:32,JJ_L,24953.75,3,149722.5,444.78,0.30,3.72,446.64,0.30,-36.36,-0.02,-23285.04,-46.57,7
515,Exit short,2026-03-06 10:13,JJ_SX,24783.25,3,148396.5,-306.72,-0.21,3.72,409.14,0.28,-304.86,-0.21,-23591.76,-47.18,6
515,Entry short,2026-03-06 10:07,JJ_S,24732.75,3,148396.5,-306.72,-0.21,3.72,409.14,0.28,-304.86,-0.21,-23591.76,-47.18,6
516,Exit short,2026-03-06 10:23,JJ_SX,24816.5,3,148596,-306.72,-0.21,3.72,34.14,0.02,-304.86,-0.21,-23898.48,-47.80,7
516,Entry short,2026-03-06 10:16,JJ_S,24766,3,148596,-306.72,-0.21,3.72,34.14,0.02,-304.86,-0.21,-23898.48,-47.80,7
517,Exit short,2026-03-06 10:31,JJ_SX,24857.25,3,148840.5,-306.72,-0.21,3.72,89.64,0.06,-304.86,-0.20,-24205.2,-48.41,5
517,Entry short,2026-03-06 10:26,JJ_S,24806.75,3,148840.5,-306.72,-0.21,3.72,89.64,0.06,-304.86,-0.20,-24205.2,-48.41,5
518,Exit short,2026-03-06 10:50,JJ_SX,24761.5,3,149017.5,444.78,0.30,3.72,446.64,0.30,-67.86,-0.05,-23760.42,-47.52,8
518,Entry short,2026-03-06 10:42,JJ_S,24836.25,3,149017.5,444.78,0.30,3.72,446.64,0.30,-67.86,-0.05,-23760.42,-47.52,8
519,Exit short,2026-03-06 10:55,JJ_SX,24812.25,3,148570.5,-306.72,-0.21,3.72,56.64,0.04,-304.86,-0.21,-24067.14,-48.13,5
519,Entry short,2026-03-06 10:50,JJ_S,24761.75,3,148570.5,-306.72,-0.21,3.72,56.64,0.04,-304.86,-0.21,-24067.14,-48.13,5
520,Exit long,2026-03-09 10:04,JJ_LX,24453.75,3,146274,444.78,0.30,3.72,446.64,0.31,-169.86,-0.12,-23622.36,-47.24,9
520,Entry long,2026-03-09 09:55,JJ_L,24379,3,146274,444.78,0.30,3.72,446.64,0.31,-169.86,-0.12,-23622.36,-47.24,9
521,Exit long,2026-03-09 10:11,JJ_LX,24335.75,3,146317.5,-306.72,-0.21,3.72,25.14,0.02,-304.86,-0.21,-23929.08,-47.86,2
521,Entry long,2026-03-09 10:09,JJ_L,24386.25,3,146317.5,-306.72,-0.21,3.72,25.14,0.02,-304.86,-0.21,-23929.08,-47.86,2
522,Exit long,2026-03-09 10:25,JJ_LX,24468.5,3,146362.5,444.78,0.30,3.72,446.64,0.31,-243.36,-0.17,-23484.3,-46.97,8
522,Entry long,2026-03-09 10:17,JJ_L,24393.75,3,146362.5,444.78,0.30,3.72,446.64,0.31,-243.36,-0.17,-23484.3,-46.97,8
523,Exit short,2026-03-09 10:44,JJ_SX,24533.75,3,146899.5,-306.72,-0.21,3.72,112.14,0.08,-304.86,-0.21,-23791.02,-47.58,5
523,Entry short,2026-03-09 10:39,JJ_S,24483.25,3,146899.5,-306.72,-0.21,3.72,112.14,0.08,-304.86,-0.21,-23791.02,-47.58,5
524,Exit short,2026-03-10 10:00,JJ_SX,24937.75,3,150075,444.78,0.30,3.72,446.64,0.30,-267.36,-0.18,-23346.24,-46.69,15
524,Entry short,2026-03-10 09:45,JJ_S,25012.5,3,150075,444.78,0.30,3.72,446.64,0.30,-267.36,-0.18,-23346.24,-46.69,15
525,Exit long,2026-03-10 10:09,JJ_LX,24904,3,149727,-306.72,-0.20,3.72,263.64,0.18,-304.86,-0.20,-23652.96,-47.31,8
525,Entry long,2026-03-10 10:01,JJ_L,24954.5,3,149727,-306.72,-0.20,3.72,263.64,0.18,-304.86,-0.20,-23652.96,-47.31,8
526,Exit long,2026-03-10 10:30,JJ_LX,25027.5,3,149716.5,444.78,0.30,3.72,446.64,0.30,-54.36,-0.04,-23208.18,-46.42,11
526,Entry long,2026-03-10 10:19,JJ_L,24952.75,3,149716.5,444.78,0.30,3.72,446.64,0.30,-54.36,-0.04,-23208.18,-46.42,11
527,Exit short,2026-03-10 10:56,JJ_SX,25137.5,3,150522,-306.72,-0.20,3.72,7.14,0.00,-304.86,-0.20,-23514.9,-47.03,9
527,Entry short,2026-03-10 10:47,JJ_S,25087,3,150522,-306.72,-0.20,3.72,7.14,0.00,-304.86,-0.20,-23514.9,-47.03,9
528,Exit short,2026-03-11 09:58,JJ_SX,25106.5,3,150336,-306.72,-0.20,3.72,245.64,0.16,-304.86,-0.20,-23821.62,-47.64,11
528,Entry short,2026-03-11 09:47,JJ_S,25056,3,150336,-306.72,-0.20,3.72,245.64,0.16,-304.86,-0.20,-23821.62,-47.64,11
529,Exit short,2026-03-11 10:23,JJ_SX,25026.75,3,150609,444.78,0.30,3.72,446.64,0.30,-100.86,-0.07,-23376.84,-46.75,17
529,Entry short,2026-03-11 10:06,JJ_S,25101.5,3,150609,444.78,0.30,3.72,446.64,0.30,-100.86,-0.07,-23376.84,-46.75,17
530,Exit long,2026-03-11 10:58,JJ_LX,25072,3,149983.5,444.78,0.30,3.72,446.64,0.30,-234.36,-0.16,-22932.06,-45.86,30
530,Entry long,2026-03-11 10:28,JJ_L,24997.25,3,149983.5,444.78,0.30,3.72,446.64,0.30,-234.36,-0.16,-22932.06,-45.86,30
531,Exit long,2026-03-12 09:53,JJ_LX,24686.25,3,148420.5,-306.72,-0.21,3.72,179.64,0.12,-304.86,-0.21,-23238.78,-46.48,4
531,Entry long,2026-03-12 09:49,JJ_L,24736.75,3,148420.5,-306.72,-0.21,3.72,179.64,0.12,-304.86,-0.21,-23238.78,-46.48,4
532,Exit long,2026-03-12 10:28,JJ_LX,24648.75,3,148195.5,-306.72,-0.21,3.72,302.64,0.20,-304.86,-0.21,-23545.5,-47.09,28
532,Entry long,2026-03-12 10:00,JJ_L,24699.25,3,148195.5,-306.72,-0.21,3.72,302.64,0.20,-304.86,-0.21,-23545.5,-47.09,28
533,Exit long,2026-03-12 10:46,JJ_LX,24680.5,3,147634.5,444.78,0.30,3.72,446.64,0.30,-201.36,-0.14,-23100.72,-46.20,12
533,Entry long,2026-03-12 10:34,JJ_L,24605.75,3,147634.5,444.78,0.30,3.72,446.64,0.30,-201.36,-0.14,-23100.72,-46.20,12
534,Exit long,2026-03-12 11:12,JJ_LX,24577.25,3,147766.5,-306.72,-0.21,3.72,107.64,0.07,-304.86,-0.21,-23407.44,-46.81,19
534,Entry long,2026-03-12 10:53,JJ_L,24627.75,3,147766.5,-306.72,-0.21,3.72,107.64,0.07,-304.86,-0.21,-23407.44,-46.81,19
535,Exit short,2026-03-13 10:09,JJ_SX,24680,3,148528.5,444.78,0.30,3.72,446.64,0.30,-255.36,-0.17,-22962.66,-45.93,20
535,Entry short,2026-03-13 09:49,JJ_S,24754.75,3,148528.5,444.78,0.30,3.72,446.64,0.30,-255.36,-0.17,-22962.66,-45.93,20
536,Exit short,2026-03-13 10:31,JJ_SX,24717,3,147999,-306.72,-0.21,3.72,194.64,0.13,-304.86,-0.21,-23269.38,-46.54,17
536,Entry short,2026-03-13 10:14,JJ_S,24666.5,3,147999,-306.72,-0.21,3.72,194.64,0.13,-304.86,-0.21,-23269.38,-46.54,17
537,Exit short,2026-03-13 10:40,JJ_SX,24631,3,148234.5,444.78,0.30,3.72,446.64,0.30,-4.86,0.00,-22824.6,-45.65,7
537,Entry short,2026-03-13 10:33,JJ_S,24705.75,3,148234.5,444.78,0.30,3.72,446.64,0.30,-4.86,0.00,-22824.6,-45.65,7
538,Exit short,2026-03-16 10:10,JJ_SX,24752.25,3,148210.5,-306.72,-0.21,3.72,125.64,0.08,-304.86,-0.21,-23131.32,-46.26,22
538,Entry short,2026-03-16 09:48,JJ_S,24701.75,3,148210.5,-306.72,-0.21,3.72,125.64,0.08,-304.86,-0.21,-23131.32,-46.26,22
539,Exit short,2026-03-16 10:38,JJ_SX,24652.25,3,148362,444.78,0.30,3.72,446.64,0.30,-234.36,-0.16,-22686.54,-45.37,26
539,Entry short,2026-03-16 10:12,JJ_S,24727,3,148362,444.78,0.30,3.72,446.64,0.30,-234.36,-0.16,-22686.54,-45.37,26
540,Exit short,2026-03-17 10:03,JJ_SX,25060.75,6,301176,439.56,0.15,7.44,443.28,0.15,-117.72,-0.04,-22246.98,-44.49,13
540,Entry short,2026-03-17 09:50,JJ_S,25098,6,301176,439.56,0.15,7.44,443.28,0.15,-117.72,-0.04,-22246.98,-44.49,13
541,Exit short,2026-03-17 10:14,JJ_SX,25028.75,6,300792,439.56,0.15,7.44,443.28,0.15,-189.72,-0.06,-21807.42,-43.61,7
541,Entry short,2026-03-17 10:07,JJ_S,25066,6,300792,439.56,0.15,7.44,443.28,0.15,-189.72,-0.06,-21807.42,-43.61,7
542,Exit short,2026-03-17 10:19,JJ_SX,25050.75,6,300303,-313.44,-0.10,7.44,347.28,0.12,-309.72,-0.10,-22120.86,-44.24,5
542,Entry short,2026-03-17 10:14,JJ_S,25025.25,6,300303,-313.44,-0.10,7.44,347.28,0.12,-309.72,-0.10,-22120.86,-44.24,5
543,Exit short,2026-03-17 10:35,JJ_SX,25082,6,300678,-313.44,-0.10,7.44,218.28,0.07,-309.72,-0.10,-22434.3,-44.87,5
543,Entry short,2026-03-17 10:30,JJ_S,25056.5,6,300678,-313.44,-0.10,7.44,218.28,0.07,-309.72,-0.10,-22434.3,-44.87,5
544,Exit short,2026-03-17 10:41,JJ_SX,25034.5,6,300861,439.56,0.15,7.44,443.28,0.15,-87.72,-0.03,-21994.74,-43.99,5
544,Entry short,2026-03-17 10:36,JJ_S,25071.75,6,300861,439.56,0.15,7.44,443.28,0.15,-87.72,-0.03,-21994.74,-43.99,5
545,Exit short,2026-03-18 10:22,JJ_SX,24890,3,149788.5,444.78,0.30,3.72,446.64,0.30,-123.36,-0.08,-21549.96,-43.10,34
545,Entry short,2026-03-18 09:48,JJ_S,24964.75,3,149788.5,444.78,0.30,3.72,446.64,0.30,-123.36,-0.08,-21549.96,-43.10,34
546,Exit long,2026-03-18 11:06,JJ_LX,24911.25,3,149019,444.78,0.30,3.72,446.64,0.30,-105.36,-0.07,-21105.18,-42.21,36
546,Entry long,2026-03-18 10:30,JJ_L,24836.5,3,149019,444.78,0.30,3.72,446.64,0.30,-105.36,-0.07,-21105.18,-42.21,36
547,Exit short,2026-03-19 10:11,JJ_SX,24531.25,3,146884.5,-306.72,-0.21,3.72,106.14,0.07,-304.86,-0.21,-21411.9,-42.82,16
547,Entry short,2026-03-19 09:55,JJ_S,24480.75,3,146884.5,-306.72,-0.21,3.72,106.14,0.07,-304.86,-0.21,-21411.9,-42.82,16
548,Exit short,2026-03-19 10:27,JJ_SX,24423.75,3,146991,444.78,0.30,3.72,446.64,0.30,-99.36,-0.07,-20967.12,-41.93,14
548,Entry short,2026-03-19 10:13,JJ_S,24498.5,3,146991,444.78,0.30,3.72,446.64,0.30,-99.36,-0.07,-20967.12,-41.93,14
549,Exit short,2026-03-19 11:05,JJ_SX,24545,3,146967,-306.72,-0.21,3.72,274.14,0.19,-304.86,-0.21,-21273.84,-42.55,28
549,Entry short,2026-03-19 10:37,JJ_S,24494.5,3,146967,-306.72,-0.21,3.72,274.14,0.19,-304.86,-0.21,-21273.84,-42.55,28
550,Exit long,2026-03-20 09:50,JJ_LX,24382.75,3,146599.5,-306.72,-0.21,3.72,50.64,0.03,-304.86,-0.21,-21580.56,-43.16,3
550,Entry long,2026-03-20 09:47,JJ_L,24433.25,3,146599.5,-306.72,-0.21,3.72,50.64,0.03,-304.86,-0.21,-21580.56,-43.16,3
551,Exit long,2026-03-20 10:54,JJ_LX,24236.25,3,145720.5,-306.72,-0.21,3.72,250.14,0.17,-304.86,-0.21,-21887.28,-43.77,52
551,Entry long,2026-03-20 10:02,JJ_L,24286.75,3,145720.5,-306.72,-0.21,3.72,250.14,0.17,-304.86,-0.21,-21887.28,-43.77,52
552,Exit long,2026-03-20 11:08,JJ_LX,24237.25,3,145726.5,-306.72,-0.21,3.72,184.14,0.13,-304.86,-0.21,-22194,-44.39,13
552,Entry long,2026-03-20 10:55,JJ_L,24287.75,3,145726.5,-306.72,-0.21,3.72,184.14,0.13,-304.86,-0.21,-22194,-44.39,13
553,Exit short,2026-03-23 10:15,JJ_SX,24630.25,3,147478.5,-306.72,-0.21,3.72,314.64,0.21,-304.86,-0.21,-22500.72,-45.00,21
553,Entry short,2026-03-23 09:54,JJ_S,24579.75,3,147478.5,-306.72,-0.21,3.72,314.64,0.21,-304.86,-0.21,-22500.72,-45.00,21
554,Exit short,2026-03-23 11:02,JJ_SX,24663.25,3,147676.5,-306.72,-0.21,3.72,202.14,0.14,-304.86,-0.21,-22807.44,-45.61,32
554,Entry short,2026-03-23 10:30,JJ_S,24612.75,3,147676.5,-306.72,-0.21,3.72,202.14,0.14,-304.86,-0.21,-22807.44,-45.61,32
555,Exit long,2026-03-24 09:48,JJ_LX,24173,3,145341,-306.72,-0.21,3.72,10.14,0.01,-304.86,-0.21,-23114.16,-46.23,2
555,Entry long,2026-03-24 09:46,JJ_L,24223.5,3,145341,-306.72,-0.21,3.72,10.14,0.01,-304.86,-0.21,-23114.16,-46.23,2
556,Exit long,2026-03-24 10:00,JJ_LX,24252.5,3,145066.5,444.78,0.31,3.72,446.64,0.31,-123.36,-0.09,-22669.38,-45.34,8
556,Entry long,2026-03-24 09:52,JJ_L,24177.75,3,145066.5,444.78,0.31,3.72,446.64,0.31,-123.36,-0.09,-22669.38,-45.34,8
557,Exit long,2026-03-24 10:13,JJ_LX,24182.75,3,145399.5,-306.72,-0.21,3.72,289.14,0.20,-304.86,-0.21,-22976.1,-45.95,7
557,Entry long,2026-03-24 10:06,JJ_L,24233.25,3,145399.5,-306.72,-0.21,3.72,289.14,0.20,-304.86,-0.21,-22976.1,-45.95,7
558,Exit long,2026-03-24 10:51,JJ_LX,24296.5,3,145330.5,444.78,0.31,3.72,446.64,0.31,-246.36,-0.17,-22531.32,-45.06,37
558,Entry long,2026-03-24 10:14,JJ_L,24221.75,3,145330.5,444.78,0.31,3.72,446.64,0.31,-246.36,-0.17,-22531.32,-45.06,37
559,Exit short,2026-03-24 10:56,JJ_SX,24331,3,145683,-306.72,-0.21,3.72,85.14,0.06,-304.86,-0.21,-22838.04,-45.68,2
559,Entry short,2026-03-24 10:54,JJ_S,24280.5,3,145683,-306.72,-0.21,3.72,85.14,0.06,-304.86,-0.21,-22838.04,-45.68,2
560,Exit short,2026-03-25 09:52,JJ_SX,24368.75,3,146661,444.78,0.30,3.72,446.64,0.30,-72.36,-0.05,-22393.26,-44.79,6
560,Entry short,2026-03-25 09:46,JJ_S,24443.5,3,146661,444.78,0.30,3.72,446.64,0.30,-72.36,-0.05,-22393.26,-44.79,6
561,Exit long,2026-03-25 10:00,JJ_LX,24334.25,3,146308.5,-306.72,-0.21,3.72,154.14,0.11,-304.86,-0.21,-22699.98,-45.40,5
561,Entry long,2026-03-25 09:55,JJ_L,24384.75,3,146308.5,-306.72,-0.21,3.72,154.14,0.11,-304.86,-0.21,-22699.98,-45.40,5
562,Exit short,2026-03-25 11:09,JJ_SX,24416.25,3,146946,444.78,0.30,3.72,446.64,0.30,-171.36,-0.12,-22255.2,-44.51,25
562,Entry short,2026-03-25 10:44,JJ_S,24491,3,146946,444.78,0.30,3.72,446.64,0.30,-171.36,-0.12,-22255.2,-44.51,25
563,Exit short,2026-03-26 10:15,JJ_SX,24230,3,145077,-306.72,-0.21,3.72,65.64,0.05,-304.86,-0.21,-22561.92,-45.12,7
563,Entry short,2026-03-26 10:08,JJ_S,24179.5,3,145077,-306.72,-0.21,3.72,65.64,0.05,-304.86,-0.21,-22561.92,-45.12,7
564,Exit short,2026-03-26 10:43,JJ_SX,24131.5,3,145237.5,444.78,0.31,3.72,446.64,0.31,-141.36,-0.10,-22117.14,-44.23,25
564,Entry short,2026-03-26 10:18,JJ_S,24206.25,3,145237.5,444.78,0.31,3.72,446.64,0.31,-141.36,-0.10,-22117.14,-44.23,25
565,Exit long,2026-03-27 10:38,JJ_LX,23464,3,141087,-306.72,-0.22,3.72,263.64,0.19,-304.86,-0.22,-22423.86,-44.85,36
565,Entry long,2026-03-27 10:02,JJ_L,23514.5,3,141087,-306.72,-0.22,3.72,263.64,0.19,-304.86,-0.22,-22423.86,-44.85,36
566,Exit long,2026-03-27 11:06,JJ_LX,23543.25,3,140811,444.78,0.32,3.72,446.64,0.32,-180.36,-0.13,-21979.08,-43.96,22
566,Entry long,2026-03-27 10:44,JJ_L,23468.5,3,140811,444.78,0.32,3.72,446.64,0.32,-180.36,-0.13,-21979.08,-43.96,22
567,Exit long,2026-03-30 10:36,JJ_LX,23297.75,3,140089.5,-306.72,-0.22,3.72,206.64,0.15,-304.86,-0.22,-22285.8,-44.57,27
567,Entry long,2026-03-30 10:09,JJ_L,23348.25,3,140089.5,-306.72,-0.22,3.72,206.64,0.15,-304.86,-0.22,-22285.8,-44.57,27
568,Exit long,2026-03-30 10:44,JJ_LX,23265.5,3,139896,-306.72,-0.22,3.72,94.14,0.07,-304.86,-0.22,-22592.52,-45.19,7
568,Entry long,2026-03-30 10:37,JJ_L,23316,3,139896,-306.72,-0.22,3.72,94.14,0.07,-304.86,-0.22,-22592.52,-45.19,7
569,Exit long,2026-03-30 11:01,JJ_LX,23400.5,3,139954.5,444.78,0.32,3.72,446.64,0.32,-105.36,-0.08,-22147.74,-44.30,8
569,Entry long,2026-03-30 10:53,JJ_L,23325.75,3,139954.5,444.78,0.32,3.72,446.64,0.32,-105.36,-0.08,-22147.74,-44.30,8
570,Exit short,2026-03-31 10:33,JJ_SX,23580,3,141177,-306.72,-0.22,3.72,203.64,0.14,-304.86,-0.22,-22454.46,-44.91,28
570,Entry short,2026-03-31 10:05,JJ_S,23529.5,3,141177,-306.72,-0.22,3.72,203.64,0.14,-304.86,-0.22,-22454.46,-44.91,28
571,Exit short,2026-03-31 10:43,JJ_SX,23484.5,3,141355.5,444.78,0.31,3.72,446.64,0.32,-55.86,-0.04,-22009.68,-44.02,9
571,Entry short,2026-03-31 10:34,JJ_S,23559.25,3,141355.5,444.78,0.31,3.72,446.64,0.32,-55.86,-0.04,-22009.68,-44.02,9
572,Exit short,2026-03-31 10:53,JJ_SX,23412,3,140920.5,444.78,0.32,3.72,446.64,0.32,-109.86,-0.08,-21564.9,-43.13,10
572,Entry short,2026-03-31 10:43,JJ_S,23486.75,3,140920.5,444.78,0.32,3.72,446.64,0.32,-109.86,-0.08,-21564.9,-43.13,10
573,Exit short,2026-04-01 10:15,JJ_SX,24185.5,3,144810,-306.72,-0.21,3.72,22.14,0.02,-304.86,-0.21,-21871.62,-43.74,4
573,Entry short,2026-04-01 10:11,JJ_S,24135,3,144810,-306.72,-0.21,3.72,22.14,0.02,-304.86,-0.21,-21871.62,-43.74,4
574,Exit short,2026-04-01 10:22,JJ_SX,24210,3,144957,-306.72,-0.21,3.72,4.14,0.00,-304.86,-0.21,-22178.34,-44.36,2
574,Entry short,2026-04-01 10:20,JJ_S,24159.5,3,144957,-306.72,-0.21,3.72,4.14,0.00,-304.86,-0.21,-22178.34,-44.36,2
575,Exit short,2026-04-01 10:39,JJ_SX,24226.25,3,145054.5,-306.72,-0.21,3.72,263.64,0.18,-304.86,-0.21,-22485.06,-44.97,13
575,Entry short,2026-04-01 10:26,JJ_S,24175.75,3,145054.5,-306.72,-0.21,3.72,263.64,0.18,-304.86,-0.21,-22485.06,-44.97,13
576,Exit short,2026-04-01 11:09,JJ_SX,24287.75,3,145423.5,-306.72,-0.21,3.72,34.14,0.02,-304.86,-0.21,-22791.78,-45.58,14
576,Entry short,2026-04-01 10:55,JJ_S,24237.25,3,145423.5,-306.72,-0.21,3.72,34.14,0.02,-304.86,-0.21,-22791.78,-45.58,14
577,Exit short,2026-04-02 10:06,JJ_SX,23924.5,3,143244,-306.72,-0.21,3.72,91.14,0.06,-304.86,-0.21,-23098.5,-46.20,4
577,Entry short,2026-04-02 10:02,JJ_S,23874,3,143244,-306.72,-0.21,3.72,91.14,0.06,-304.86,-0.21,-23098.5,-46.20,4
578,Exit short,2026-04-02 10:21,JJ_SX,24002.25,3,143710.5,-306.72,-0.21,3.72,29.64,0.02,-304.86,-0.21,-23405.22,-46.81,5
578,Entry short,2026-04-02 10:16,JJ_S,23951.75,3,143710.5,-306.72,-0.21,3.72,29.64,0.02,-304.86,-0.21,-23405.22,-46.81,5
579,Exit short,2026-04-02 10:33,JJ_SX,23994.75,3,143665.5,-306.72,-0.21,3.72,73.14,0.05,-304.86,-0.21,-23711.94,-47.42,7
579,Entry short,2026-04-02 10:26,JJ_S,23944.25,3,143665.5,-306.72,-0.21,3.72,73.14,0.05,-304.86,-0.21,-23711.94,-47.42,7
580,Exit short,2026-04-02 10:39,JJ_SX,24206.25,3,144934.5,-306.72,-0.21,3.72,109.14,0.08,-304.86,-0.21,-24018.66,-48.04,1
580,Entry short,2026-04-02 10:38,JJ_S,24155.75,3,144934.5,-306.72,-0.21,3.72,109.14,0.08,-304.86,-0.21,-24018.66,-48.04,1
581,Exit short,2026-04-02 10:44,JJ_SX,24207.25,3,144940.5,-306.72,-0.21,3.72,203.64,0.14,-304.86,-0.21,-24325.38,-48.65,4
581,Entry short,2026-04-02 10:40,JJ_S,24156.75,3,144940.5,-306.72,-0.21,3.72,203.64,0.14,-304.86,-0.21,-24325.38,-48.65,4
582,Exit short,2026-04-06 10:00,JJ_SX,24431,3,146283,-306.72,-0.21,3.72,116.64,0.08,-304.86,-0.21,-24632.1,-49.26,6
582,Entry short,2026-04-06 09:54,JJ_S,24380.5,3,146283,-306.72,-0.21,3.72,116.64,0.08,-304.86,-0.21,-24632.1,-49.26,6
583,Exit short,2026-04-06 10:04,JJ_SX,24291.75,3,146199,444.78,0.30,3.72,446.64,0.31,-72.36,-0.05,-24187.32,-48.37,3
583,Entry short,2026-04-06 10:01,JJ_S,24366.5,3,146199,444.78,0.30,3.72,446.64,0.31,-72.36,-0.05,-24187.32,-48.37,3
584,Exit short,2026-04-06 10:13,JJ_SX,24342.5,3,145752,-306.72,-0.21,3.72,127.14,0.09,-304.86,-0.21,-24494.04,-48.99,9
584,Entry short,2026-04-06 10:04,JJ_S,24292,3,145752,-306.72,-0.21,3.72,127.14,0.09,-304.86,-0.21,-24494.04,-48.99,9
585,Exit short,2026-04-06 10:48,JJ_SX,24279.5,3,146125.5,444.78,0.30,3.72,446.64,0.31,-178.86,-0.12,-24049.26,-48.10,15
585,Entry short,2026-04-06 10:33,JJ_S,24354.25,3,146125.5,444.78,0.30,3.72,446.64,0.31,-178.86,-0.12,-24049.26,-48.10,15
586,Exit long,2026-04-07 09:59,JJ_LX,24127.5,3,145068,-306.72,-0.21,3.72,190.14,0.13,-304.86,-0.21,-24355.98,-48.71,7
586,Entry long,2026-04-07 09:52,JJ_L,24178,3,145068,-306.72,-0.21,3.72,190.14,0.13,-304.86,-0.21,-24355.98,-48.71,7
587,Exit long,2026-04-07 10:21,JJ_LX,24094.5,3,144118.5,444.78,0.31,3.72,446.64,0.31,-40.86,-0.03,-23911.2,-47.82,12
587,Entry long,2026-04-07 10:09,JJ_L,24019.75,3,144118.5,444.78,0.31,3.72,446.64,0.31,-40.86,-0.03,-23911.2,-47.82,12
588,Exit long,2026-04-07 10:51,JJ_LX,24049.75,3,144601.5,-306.72,-0.21,3.72,272.64,0.19,-304.86,-0.21,-24217.92,-48.44,30
588,Entry long,2026-04-07 10:21,JJ_L,24100.25,3,144601.5,-306.72,-0.21,3.72,272.64,0.19,-304.86,-0.21,-24217.92,-48.44,30
589,Exit long,2026-04-08 09:51,JJ_LX,25097,3,150885,-306.72,-0.20,3.72,80.64,0.05,-304.86,-0.20,-24524.64,-49.05,5
589,Entry long,2026-04-08 09:46,JJ_L,25147.5,3,150885,-306.72,-0.20,3.72,80.64,0.05,-304.86,-0.20,-24524.64,-49.05,5
590,Exit long,2026-04-08 10:08,JJ_LX,25044.5,3,150570,-306.72,-0.20,3.72,5.64,0.00,-304.86,-0.20,-24831.36,-49.66,3
590,Entry long,2026-04-08 10:05,JJ_L,25095,3,150570,-306.72,-0.20,3.72,5.64,0.00,-304.86,-0.20,-24831.36,-49.66,3
591,Exit long,2026-04-08 10:31,JJ_LX,25034.25,3,150508.5,-306.72,-0.20,3.72,49.14,0.03,-304.86,-0.20,-25138.08,-50.28,15
591,Entry long,2026-04-08 10:16,JJ_L,25084.75,3,150508.5,-306.72,-0.20,3.72,49.14,0.03,-304.86,-0.20,-25138.08,-50.28,15
592,Exit long,2026-04-08 10:52,JJ_LX,24999.75,3,150301.5,-306.72,-0.20,3.72,70.14,0.05,-304.86,-0.20,-25444.8,-50.89,19
592,Entry long,2026-04-08 10:33,JJ_L,25050.25,3,150301.5,-306.72,-0.20,3.72,70.14,0.05,-304.86,-0.20,-25444.8,-50.89,19
593,Exit long,2026-04-08 11:35,JJ_LX,25047.25,3,149835,444.78,0.30,3.72,446.64,0.30,-3.36,0.00,-25000.02,-50.00,38
593,Entry long,2026-04-08 10:57,JJ_L,24972.5,3,149835,444.78,0.30,3.72,446.64,0.30,-3.36,0.00,-25000.02,-50.00,38
594,Exit long,2026-04-09 10:15,JJ_LX,24997.75,6,300279,-313.44,-0.10,7.44,401.28,0.13,-309.72,-0.10,-25313.46,-50.63,14
594,Entry long,2026-04-09 10:01,JJ_L,25023.25,6,300279,-313.44,-0.10,7.44,401.28,0.13,-309.72,-0.10,-25313.46,-50.63,14
595,Exit long,2026-04-09 10:33,JJ_LX,24963.25,6,299865,-313.44,-0.10,7.44,233.28,0.08,-309.72,-0.10,-25626.9,-51.25,14
595,Entry long,2026-04-09 10:19,JJ_L,24988.75,6,299865,-313.44,-0.10,7.44,233.28,0.08,-309.72,-0.10,-25626.9,-51.25,14
596,Exit long,2026-04-09 10:50,JJ_LX,25018.5,6,299775,439.56,0.15,7.44,443.28,0.15,-156.72,-0.05,-25187.34,-50.37,13
596,Entry long,2026-04-09 10:37,JJ_L,24981.25,6,299775,439.56,0.15,7.44,443.28,0.15,-156.72,-0.05,-25187.34,-50.37,13
597,Exit long,2026-04-09 11:13,JJ_LX,25064.5,6,300327,439.56,0.15,7.44,443.28,0.15,-168.72,-0.06,-24747.78,-49.50,21
597,Entry long,2026-04-09 10:52,JJ_L,25027.25,6,300327,439.56,0.15,7.44,443.28,0.15,-168.72,-0.06,-24747.78,-49.50,21
598,Exit short,2026-04-10 11:15,JJ_SX,25381.5,3,151986,-306.72,-0.20,3.72,371.64,0.24,-304.86,-0.20,-25054.5,-50.11,82
598,Entry short,2026-04-10 09:53,JJ_S,25331,3,151986,-306.72,-0.20,3.72,371.64,0.24,-304.86,-0.20,-25054.5,-50.11,82
599,Exit short,2026-04-13 09:59,JJ_SX,25302.25,3,151510.5,-306.72,-0.20,3.72,134.64,0.09,-304.86,-0.20,-25361.22,-50.72,8
599,Entry short,2026-04-13 09:51,JJ_S,25251.75,3,151510.5,-306.72,-0.20,3.72,134.64,0.09,-304.86,-0.20,-25361.22,-50.72,8
600,Exit short,2026-04-13 10:58,JJ_SX,25354.25,3,151822.5,-306.72,-0.20,3.72,350.64,0.23,-304.86,-0.20,-25667.94,-51.34,57
600,Entry short,2026-04-13 10:01,JJ_S,25303.75,3,151822.5,-306.72,-0.20,3.72,350.64,0.23,-304.86,-0.20,-25667.94,-51.34,57
601,Exit short,2026-04-14 10:04,JJ_SX,25712.75,6,309000,439.56,0.14,7.44,443.28,0.14,-129.72,-0.04,-25228.38,-50.46,18
601,Entry short,2026-04-14 09:46,JJ_S,25750,6,309000,439.56,0.14,7.44,443.28,0.14,-129.72,-0.04,-25228.38,-50.46,18
602,Exit short,2026-04-14 10:22,JJ_SX,25792.25,6,309201,-313.44,-0.10,7.44,20.28,0.01,-309.72,-0.10,-25541.82,-51.08,3
602,Entry short,2026-04-14 10:19,JJ_S,25766.75,6,309201,-313.44,-0.10,7.44,20.28,0.01,-309.72,-0.10,-25541.82,-51.08,3
603,Exit short,2026-04-14 11:21,JJ_SX,25824.75,6,309591,-313.44,-0.10,7.44,437.28,0.14,-309.72,-0.10,-25855.26,-51.71,49
603,Entry short,2026-04-14 10:32,JJ_S,25799.25,6,309591,-313.44,-0.10,7.44,437.28,0.14,-309.72,-0.10,-25855.26,-51.71,49
604,Exit short,2026-04-15 10:24,JJ_SX,26117.5,6,313104,-313.44,-0.10,7.44,242.28,0.08,-309.72,-0.10,-26168.7,-52.34,7
604,Entry short,2026-04-15 10:17,JJ_S,26092,6,313104,-313.44,-0.10,7.44,242.28,0.08,-309.72,-0.10,-26168.7,-52.34,7
605,Exit short,2026-04-15 10:32,JJ_SX,26147,6,313458,-313.44,-0.10,7.44,65.28,0.02,-309.72,-0.10,-26482.14,-52.96,5
605,Entry short,2026-04-15 10:27,JJ_S,26121.5,6,313458,-313.44,-0.10,7.44,65.28,0.02,-309.72,-0.10,-26482.14,-52.96,5
606,Exit short,2026-04-15 10:49,JJ_SX,26163.75,6,313659,-313.44,-0.10,7.44,374.28,0.12,-309.72,-0.10,-26795.58,-53.59,16
606,Entry short,2026-04-15 10:33,JJ_S,26138.25,6,313659,-313.44,-0.10,7.44,374.28,0.12,-309.72,-0.10,-26795.58,-53.59,16
607,Exit short,2026-04-15 11:02,JJ_SX,26179.25,6,313845,-313.44,-0.10,7.44,0,0.00,-309.72,-0.10,-27109.02,-54.22,9
607,Entry short,2026-04-15 10:53,JJ_S,26153.75,6,313845,-313.44,-0.10,7.44,0,0.00,-309.72,-0.10,-27109.02,-54.22,9
608,Exit long,2026-04-16 10:12,JJ_LX,26380.75,3,157836,444.78,0.28,3.72,446.64,0.28,-105.36,-0.07,-26664.24,-53.33,17
608,Entry long,2026-04-16 09:55,JJ_L,26306,3,157836,444.78,0.28,3.72,446.64,0.28,-105.36,-0.07,-26664.24,-53.33,17
609,Exit long,2026-04-16 11:03,JJ_LX,26436.75,3,158172,444.78,0.28,3.72,446.64,0.28,-91.86,-0.06,-26219.46,-52.44,35
609,Entry long,2026-04-16 10:28,JJ_L,26362,3,158172,444.78,0.28,3.72,446.64,0.28,-91.86,-0.06,-26219.46,-52.44,35
610,Exit short,2026-04-17 10:20,JJ_SX,26708.5,6,320949,439.56,0.14,7.44,443.28,0.14,-48.72,-0.02,-25779.9,-51.56,1
610,Entry short,2026-04-17 10:19,JJ_S,26745.75,6,320949,439.56,0.14,7.44,443.28,0.14,-48.72,-0.02,-25779.9,-51.56,1
611,Exit short,2026-04-17 10:33,JJ_SX,26788.5,3,160428,-306.72,-0.19,3.72,97.14,0.06,-304.86,-0.19,-26086.62,-52.17,11
611,Entry short,2026-04-17 10:22,JJ_S,26738,3,160428,-306.72,-0.19,3.72,97.14,0.06,-304.86,-0.19,-26086.62,-52.17,11
612,Exit short,2026-04-17 11:31,JJ_SX,26856.5,6,321972,-313.44,-0.10,7.44,344.28,0.11,-309.72,-0.10,-26400.06,-52.80,41
612,Entry short,2026-04-17 10:50,JJ_S,26831,6,321972,-313.44,-0.10,7.44,344.28,0.11,-309.72,-0.10,-26400.06,-52.80,41
613,Exit long,2026-04-20 10:31,JJ_LX,26715.25,3,160594.5,-306.72,-0.19,3.72,101.64,0.06,-304.86,-0.19,-26706.78,-53.41,22
613,Entry long,2026-04-20 10:09,JJ_L,26765.75,3,160594.5,-306.72,-0.19,3.72,101.64,0.06,-304.86,-0.19,-26706.78,-53.41,22
614,Exit long,2026-04-20 10:41,JJ_LX,26703.25,6,320745,-313.44,-0.10,7.44,152.28,0.05,-309.72,-0.10,-27020.22,-54.04,7
614,Entry long,2026-04-20 10:34,JJ_L,26728.75,6,320745,-313.44,-0.10,7.44,152.28,0.05,-309.72,-0.10,-27020.22,-54.04,7
615,Exit long,2026-04-20 10:51,JJ_LX,26675.5,6,320412,-313.44,-0.10,7.44,242.28,0.08,-309.72,-0.10,-27333.66,-54.67,5
615,Entry long,2026-04-20 10:46,JJ_L,26701,6,320412,-313.44,-0.10,7.44,242.28,0.08,-309.72,-0.10,-27333.66,-54.67,5
616,Exit long,2026-04-21 10:07,JJ_LX,26862.5,3,160726.5,444.78,0.28,3.72,446.64,0.28,-198.36,-0.12,-26888.88,-53.78,19
616,Entry long,2026-04-21 09:48,JJ_L,26787.75,3,160726.5,444.78,0.28,3.72,446.64,0.28,-198.36,-0.12,-26888.88,-53.78,19
617,Exit short,2026-04-21 10:23,JJ_SX,26819.75,6,322284,439.56,0.14,7.44,443.28,0.14,-42.72,-0.01,-26449.32,-52.90,5
617,Entry short,2026-04-21 10:18,JJ_S,26857,6,322284,439.56,0.14,7.44,443.28,0.14,-42.72,-0.01,-26449.32,-52.90,5
618,Exit long,2026-04-22 10:00,JJ_LX,26868.25,6,321972,439.56,0.14,7.44,443.28,0.14,-39.72,-0.01,-26009.76,-52.02,9
618,Entry long,2026-04-22 09:51,JJ_L,26831,6,321972,439.56,0.14,7.44,443.28,0.14,-39.72,-0.01,-26009.76,-52.02,9
619,Exit short,2026-04-22 10:28,JJ_SX,26986.75,6,323535,-313.44,-0.10,7.44,80.28,0.02,-309.72,-0.10,-26323.2,-52.65,6
619,Entry short,2026-04-22 10:22,JJ_S,26961.25,6,323535,-313.44,-0.10,7.44,80.28,0.02,-309.72,-0.10,-26323.2,-52.65,6
620,Exit short,2026-04-22 10:36,JJ_SX,26973.75,6,323379,-313.44,-0.10,7.44,17.28,0.01,-309.72,-0.10,-26636.64,-53.27,1
620,Entry short,2026-04-22 10:35,JJ_S,26948.25,6,323379,-313.44,-0.10,7.44,17.28,0.01,-309.72,-0.10,-26636.64,-53.27,1
621,Exit short,2026-04-22 10:53,JJ_SX,26948.25,6,323826,439.56,0.14,7.44,443.28,0.14,-57.72,-0.02,-26197.08,-52.39,12
621,Entry short,2026-04-22 10:41,JJ_S,26985.5,6,323826,439.56,0.14,7.44,443.28,0.14,-57.72,-0.02,-26197.08,-52.39,12
622,Exit short,2026-04-22 11:19,JJ_SX,26987.75,6,323547,-313.44,-0.10,7.44,260.28,0.08,-309.72,-0.10,-26510.52,-53.02,24
622,Entry short,2026-04-22 10:55,JJ_S,26962.25,6,323547,-313.44,-0.10,7.44,260.28,0.08,-309.72,-0.10,-26510.52,-53.02,24
623,Exit short,2026-04-23 10:00,JJ_SX,26983,3,162346.5,444.78,0.27,3.72,446.64,0.28,-13.86,-0.01,-26065.74,-52.13,6
623,Entry short,2026-04-23 09:54,JJ_S,27057.75,3,162346.5,444.78,0.27,3.72,446.64,0.28,-13.86,-0.01,-26065.74,-52.13,6
624,Exit short,2026-04-23 10:45,JJ_SX,27052.5,6,324324,-313.44,-0.10,7.44,266.28,0.08,-309.72,-0.10,-26379.18,-52.76,7
624,Entry short,2026-04-23 10:38,JJ_S,27027,6,324324,-313.44,-0.10,7.44,266.28,0.08,-309.72,-0.10,-26379.18,-52.76,7
625,Exit short,2026-04-23 10:52,JJ_SX,27068.5,6,324516,-313.44,-0.10,7.44,74.28,0.02,-309.72,-0.10,-26692.62,-53.39,6
625,Entry short,2026-04-23 10:46,JJ_S,27043,6,324516,-313.44,-0.10,7.44,74.28,0.02,-309.72,-0.10,-26692.62,-53.39,6
626,Exit long,2026-04-24 10:12,JJ_LX,27254.5,3,163078.5,444.78,0.27,3.72,446.64,0.27,-145.86,-0.09,-26247.84,-52.50,15
626,Entry long,2026-04-24 09:57,JJ_L,27179.75,3,163078.5,444.78,0.27,3.72,446.64,0.27,-145.86,-0.09,-26247.84,-52.50,15
627,Exit short,2026-04-24 10:46,JJ_SX,27279.5,3,163374,-306.72,-0.19,3.72,8.64,0.01,-304.86,-0.19,-26554.56,-53.11,4
627,Entry short,2026-04-24 10:42,JJ_S,27229,3,163374,-306.72,-0.19,3.72,8.64,0.01,-304.86,-0.19,-26554.56,-53.11,4
628,Exit short,2026-04-24 10:56,JJ_SX,27287.5,3,163422,-306.72,-0.19,3.72,41.64,0.03,-304.86,-0.19,-26861.28,-53.72,8
628,Entry short,2026-04-24 10:48,JJ_S,27237,3,163422,-306.72,-0.19,3.72,41.64,0.03,-304.86,-0.19,-26861.28,-53.72,8
629,Exit long,2026-04-27 09:51,JJ_LX,27313.25,3,164182.5,-306.72,-0.19,3.72,68.64,0.04,-304.86,-0.19,-27168,-54.34,3
629,Entry long,2026-04-27 09:48,JJ_L,27363.75,3,164182.5,-306.72,-0.19,3.72,68.64,0.04,-304.86,-0.19,-27168,-54.34,3
630,Exit long,2026-04-27 09:55,JJ_LX,27393,3,163909.5,444.78,0.27,3.72,446.64,0.27,-3.36,0.00,-26723.22,-53.45,3
630,Entry long,2026-04-27 09:52,JJ_L,27318.25,3,163909.5,444.78,0.27,3.72,446.64,0.27,-3.36,0.00,-26723.22,-53.45,3
631,Exit long,2026-04-27 10:30,JJ_LX,27347.5,3,164388,-306.72,-0.19,3.72,37.14,0.02,-304.86,-0.19,-27029.94,-54.06,27
631,Entry long,2026-04-27 10:03,JJ_L,27398,3,164388,-306.72,-0.19,3.72,37.14,0.02,-304.86,-0.19,-27029.94,-54.06,27
632,Exit long,2026-04-27 10:36,JJ_LX,27397,6,328266,490.56,0.15,7.44,494.28,0.15,-45.72,-0.01,-26539.38,-53.08,2
632,Entry long,2026-04-27 10:34,JJ_L,27355.5,6,328266,490.56,0.15,7.44,494.28,0.15,-45.72,-0.01,-26539.38,-53.08,2
633,Exit long,2026-04-27 10:46,JJ_LX,27352.5,6,328536,-313.44,-0.10,7.44,80.28,0.02,-309.72,-0.09,-26852.82,-53.71,7
633,Entry long,2026-04-27 10:39,JJ_L,27378,6,328536,-313.44,-0.10,7.44,80.28,0.02,-309.72,-0.09,-26852.82,-53.71,7
634,Exit short,2026-04-28 10:35,JJ_SX,27127.5,3,163213.5,444.78,0.27,3.72,446.64,0.27,-195.36,-0.12,-26408.04,-52.82,43
634,Entry short,2026-04-28 09:52,JJ_S,27202.25,3,163213.5,444.78,0.27,3.72,446.64,0.27,-195.36,-0.12,-26408.04,-52.82,43
635,Exit long,2026-04-28 10:51,JJ_LX,27022.5,3,162438,-306.72,-0.19,3.72,239.64,0.15,-304.86,-0.19,-26714.76,-53.43,12
635,Entry long,2026-04-28 10:39,JJ_L,27073,3,162438,-306.72,-0.19,3.72,239.64,0.15,-304.86,-0.19,-26714.76,-53.43,12
636,Exit long,2026-04-28 13:41,JJ_LX,27127.5,3,162316.5,444.78,0.27,3.72,446.64,0.28,-280.86,-0.17,-26269.98,-52.54,169
636,Entry long,2026-04-28 10:52,JJ_L,27052.75,3,162316.5,444.78,0.27,3.72,446.64,0.28,-280.86,-0.17,-26269.98,-52.54,169
637,Exit short,2026-04-29 10:28,JJ_SX,27267.25,6,326901,-313.44,-0.10,7.44,32.28,0.01,-309.72,-0.09,-26583.42,-53.17,2
637,Entry short,2026-04-29 10:26,JJ_S,27241.75,6,326901,-313.44,-0.10,7.44,32.28,0.01,-309.72,-0.09,-26583.42,-53.17,2
638,Exit short,2026-04-29 10:44,JJ_SX,27306.75,6,327375,-313.44,-0.10,7.44,17.28,0.01,-309.72,-0.09,-26896.86,-53.79,3
638,Entry short,2026-04-29 10:41,JJ_S,27281.25,6,327375,-313.44,-0.10,7.44,17.28,0.01,-309.72,-0.09,-26896.86,-53.79,3
639,Exit short,2026-04-29 11:09,JJ_SX,27250.75,6,327456,439.56,0.13,7.44,443.28,0.14,-273.72,-0.08,-26457.3,-52.91,20
639,Entry short,2026-04-29 10:49,JJ_S,27288,6,327456,439.56,0.13,7.44,443.28,0.14,-273.72,-0.08,-26457.3,-52.91,20
640,Exit long,2026-04-30 09:46,JJ_LX,27309.5,3,164160,-306.72,-0.19,3.72,29.64,0.02,-304.86,-0.19,-26764.02,-53.53,1
640,Entry long,2026-04-30 09:45,JJ_L,27360,3,164160,-306.72,-0.19,3.72,29.64,0.02,-304.86,-0.19,-26764.02,-53.53,1
641,Exit long,2026-04-30 09:52,JJ_LX,27272.25,3,163936.5,-306.72,-0.19,3.72,118.14,0.07,-304.86,-0.19,-27070.74,-54.14,5
641,Entry long,2026-04-30 09:47,JJ_L,27322.75,3,163936.5,-306.72,-0.19,3.72,118.14,0.07,-304.86,-0.19,-27070.74,-54.14,5
642,Exit long,2026-04-30 10:16,JJ_LX,27188.5,3,163434,-306.72,-0.19,3.72,385.14,0.24,-304.86,-0.19,-27377.46,-54.75,18
642,Entry long,2026-04-30 09:58,JJ_L,27239,3,163434,-306.72,-0.19,3.72,385.14,0.24,-304.86,-0.19,-27377.46,-54.75,18
643,Exit long,2026-04-30 10:26,JJ_LX,27200.5,3,163506,-306.72,-0.19,3.72,38.64,0.02,-304.86,-0.19,-27684.18,-55.37,4
643,Entry long,2026-04-30 10:22,JJ_L,27251,3,163506,-306.72,-0.19,3.72,38.64,0.02,-304.86,-0.19,-27684.18,-55.37,4
644,Exit long,2026-04-30 10:46,JJ_LX,27279,3,163225.5,444.78,0.27,3.72,446.64,0.27,-198.36,-0.12,-27239.4,-54.48,19
644,Entry long,2026-04-30 10:27,JJ_L,27204.25,3,163225.5,444.78,0.27,3.72,446.64,0.27,-198.36,-0.12,-27239.4,-54.48,19
645,Exit short,2026-05-01 10:36,JJ_SX,27798.25,3,167238,444.78,0.27,3.72,446.64,0.27,-213.36,-0.13,-26794.62,-53.59,26
645,Entry short,2026-05-01 10:10,JJ_S,27873,3,167238,444.78,0.27,3.72,446.64,0.27,-213.36,-0.13,-26794.62,-53.59,26
646,Exit short,2026-05-01 11:23,JJ_SX,27868.75,3,166909.5,-306.72,-0.18,3.72,292.14,0.18,-304.86,-0.18,-27101.34,-54.20,29
646,Entry short,2026-05-01 10:54,JJ_S,27818.25,3,166909.5,-306.72,-0.18,3.72,292.14,0.18,-304.86,-0.18,-27101.34,-54.20,29
647,Exit short,2026-05-04 10:41,JJ_SX,27918.75,3,167209.5,-306.72,-0.18,3.72,230.64,0.14,-304.86,-0.18,-27408.06,-54.82,52
647,Entry short,2026-05-04 09:49,JJ_S,27868.25,3,167209.5,-306.72,-0.18,3.72,230.64,0.14,-304.86,-0.18,-27408.06,-54.82,52
648,Exit short,2026-05-05 09:50,JJ_SX,28100.25,6,336897,-313.44,-0.09,7.44,38.28,0.01,-309.72,-0.09,-27721.5,-55.44,1
648,Entry short,2026-05-05 09:49,JJ_S,28074.75,6,336897,-313.44,-0.09,7.44,38.28,0.01,-309.72,-0.09,-27721.5,-55.44,1
649,Exit short,2026-05-05 10:00,JJ_SX,28060.75,6,337176,439.56,0.13,7.44,443.28,0.13,-99.72,-0.03,-27281.94,-54.56,8
649,Entry short,2026-05-05 09:52,JJ_S,28098,6,337176,439.56,0.13,7.44,443.28,0.13,-99.72,-0.03,-27281.94,-54.56,8
650,Exit short,2026-05-05 10:13,JJ_SX,28052.5,6,337077,439.56,0.13,7.44,443.28,0.13,-237.72,-0.07,-26842.38,-53.68,8
650,Entry short,2026-05-05 10:05,JJ_S,28089.75,6,337077,439.56,0.13,7.44,443.28,0.13,-237.72,-0.07,-26842.38,-53.68,8
651,Exit short,2026-05-05 14:04,JJ_SX,28169.75,3,168715.5,-306.72,-0.18,3.72,284.64,0.17,-304.86,-0.18,-27149.1,-54.30,215
651,Entry short,2026-05-05 10:29,JJ_S,28119.25,3,168715.5,-306.72,-0.18,3.72,284.64,0.17,-304.86,-0.18,-27149.1,-54.30,215
652,Exit short,2026-05-06 10:10,JJ_SX,28487.75,3,170623.5,-306.72,-0.18,3.72,313.14,0.18,-304.86,-0.18,-27455.82,-54.91,8
652,Entry short,2026-05-06 10:02,JJ_S,28437.25,3,170623.5,-306.72,-0.18,3.72,313.14,0.18,-304.86,-0.18,-27455.82,-54.91,8
653,Exit short,2026-05-06 10:43,JJ_SX,28526.5,3,170856,-306.72,-0.18,3.72,425.64,0.25,-304.86,-0.18,-27762.54,-55.53,31
653,Entry short,2026-05-06 10:12,JJ_S,28476,3,170856,-306.72,-0.18,3.72,425.64,0.25,-304.86,-0.18,-27762.54,-55.53,31
654,Exit short,2026-05-06 11:05,JJ_SX,28552.25,6,342321,-313.44,-0.09,7.44,53.28,0.02,-309.72,-0.09,-28075.98,-56.15,7
654,Entry short,2026-05-06 10:58,JJ_S,28526.75,6,342321,-313.44,-0.09,7.44,53.28,0.02,-309.72,-0.09,-28075.98,-56.15,7
655,Exit long,2026-05-07 10:04,JJ_LX,28804,3,172375.5,444.78,0.26,3.72,446.64,0.26,-51.36,-0.03,-27631.2,-55.26,16
655,Entry long,2026-05-07 09:48,JJ_L,28729.25,3,172375.5,444.78,0.26,3.72,446.64,0.26,-51.36,-0.03,-27631.2,-55.26,16
656,Exit short,2026-05-07 10:39,JJ_SX,28898.75,6,346479,-313.44,-0.09,7.44,152.28,0.04,-309.72,-0.09,-27944.64,-55.89,10
656,Entry short,2026-05-07 10:29,JJ_S,28873.25,6,346479,-313.44,-0.09,7.44,152.28,0.04,-309.72,-0.09,-27944.64,-55.89,10
657,Exit short,2026-05-07 11:01,JJ_SX,28895,6,347187,439.56,0.13,7.44,443.28,0.13,-21.72,-0.01,-27505.08,-55.01,5
657,Entry short,2026-05-07 10:56,JJ_S,28932.25,6,347187,439.56,0.13,7.44,443.28,0.13,-21.72,-0.01,-27505.08,-55.01,5
658,Exit short,2026-05-08 09:59,JJ_SX,29108.5,3,174348,-306.72,-0.18,3.72,73.14,0.04,-304.86,-0.17,-27811.8,-55.62,6
658,Entry short,2026-05-08 09:53,JJ_S,29058,3,174348,-306.72,-0.18,3.72,73.14,0.04,-304.86,-0.17,-27811.8,-55.62,6
659,Exit short,2026-05-08 10:30,JJ_SX,29102,6,349671,439.56,0.13,7.44,443.28,0.13,-45.72,-0.01,-27372.24,-54.74,3
659,Entry short,2026-05-08 10:27,JJ_S,29139.25,6,349671,439.56,0.13,7.44,443.28,0.13,-45.72,-0.01,-27372.24,-54.74,3
660,Exit short,2026-05-08 10:44,JJ_SX,29132.5,3,174492,-306.72,-0.18,3.72,52.14,0.03,-304.86,-0.17,-27678.96,-55.36,14
660,Entry short,2026-05-08 10:30,JJ_S,29082,3,174492,-306.72,-0.18,3.72,52.14,0.03,-304.86,-0.17,-27678.96,-55.36,14
661,Exit short,2026-05-08 10:58,JJ_SX,29168.5,6,349716,-313.44,-0.09,7.44,119.28,0.03,-309.72,-0.09,-27992.4,-55.98,11
661,Entry short,2026-05-08 10:47,JJ_S,29143,6,349716,-313.44,-0.09,7.44,119.28,0.03,-309.72,-0.09,-27992.4,-55.98,11
662,Exit short,2026-05-08 11:06,JJ_SX,29187,6,349938,-313.44,-0.09,7.44,38.28,0.01,-309.72,-0.09,-28305.84,-56.61,7
662,Entry short,2026-05-08 10:59,JJ_S,29161.5,6,349938,-313.44,-0.09,7.44,38.28,0.01,-309.72,-0.09,-28305.84,-56.61,7
663,Exit short,2026-05-11 09:55,JJ_SX,29318.25,3,176358,444.78,0.25,3.72,446.64,0.25,-130.86,-0.07,-27861.06,-55.72,9
663,Entry short,2026-05-11 09:46,JJ_S,29393,3,176358,444.78,0.25,3.72,446.64,0.25,-130.86,-0.07,-27861.06,-55.72,9
664,Exit short,2026-05-11 10:13,JJ_SX,29396.25,3,176074.5,-306.72,-0.17,3.72,4.14,0.00,-304.86,-0.17,-28167.78,-56.34,9
664,Entry short,2026-05-11 10:04,JJ_S,29345.75,3,176074.5,-306.72,-0.17,3.72,4.14,0.00,-304.86,-0.17,-28167.78,-56.34,9
665,Exit short,2026-05-11 10:27,JJ_SX,29336,6,352479,439.56,0.12,7.44,443.28,0.13,-69.72,-0.02,-27728.22,-55.46,2
665,Entry short,2026-05-11 10:25,JJ_S,29373.25,6,352479,439.56,0.12,7.44,443.28,0.13,-69.72,-0.02,-27728.22,-55.46,2
666,Exit short,2026-05-11 10:31,JJ_SX,29249.5,3,175945.5,444.78,0.25,3.72,446.64,0.25,-36.36,-0.02,-27283.44,-54.57,4
666,Entry short,2026-05-11 10:27,JJ_S,29324.25,3,175945.5,444.78,0.25,3.72,446.64,0.25,-36.36,-0.02,-27283.44,-54.57,4
667,Exit short,2026-05-11 10:54,JJ_SX,29407,3,176139,-306.72,-0.17,3.72,17.64,0.01,-304.86,-0.17,-27590.16,-55.18,12
667,Entry short,2026-05-11 10:42,JJ_S,29356.5,3,176139,-306.72,-0.17,3.72,17.64,0.01,-304.86,-0.17,-27590.16,-55.18,12
668,Exit long,2026-05-12 10:03,JJ_LX,29089.25,3,174838.5,-306.72,-0.18,3.72,134.64,0.08,-304.86,-0.17,-27896.88,-55.79,2
668,Entry long,2026-05-12 10:01,JJ_L,29139.75,3,174838.5,-306.72,-0.18,3.72,134.64,0.08,-304.86,-0.17,-27896.88,-55.79,2
669,Exit long,2026-05-12 10:26,JJ_LX,29140.75,3,175147.5,-306.72,-0.18,3.72,214.14,0.12,-304.86,-0.17,-28203.6,-56.41,12
669,Entry long,2026-05-12 10:14,JJ_L,29191.25,3,175147.5,-306.72,-0.18,3.72,214.14,0.12,-304.86,-0.17,-28203.6,-56.41,12
670,Exit long,2026-05-12 10:43,JJ_LX,29118,3,174259.5,444.78,0.26,3.72,446.64,0.26,-174.36,-0.10,-27758.82,-55.52,9
670,Entry long,2026-05-12 10:34,JJ_L,29043.25,3,174259.5,444.78,0.26,3.72,446.64,0.26,-174.36,-0.10,-27758.82,-55.52,9
671,Exit long,2026-05-12 10:59,JJ_LX,29006.25,3,174340.5,-306.72,-0.18,3.72,106.14,0.06,-304.86,-0.17,-28065.54,-56.13,7
671,Entry long,2026-05-12 10:52,JJ_L,29056.75,3,174340.5,-306.72,-0.18,3.72,106.14,0.06,-304.86,-0.17,-28065.54,-56.13,7
672,Exit long,2026-05-13 09:54,JJ_LX,29210.75,3,174816,444.78,0.25,3.72,446.64,0.26,-244.86,-0.14,-27620.76,-55.24,5
672,Entry long,2026-05-13 09:49,JJ_L,29136,3,174816,444.78,0.25,3.72,446.64,0.26,-244.86,-0.14,-27620.76,-55.24,5
673,Exit long,2026-05-13 09:56,JJ_LX,29171,3,175329,-306.72,-0.17,3.72,23.64,0.01,-304.86,-0.17,-27927.48,-55.85,2
673,Entry long,2026-05-13 09:54,JJ_L,29221.5,3,175329,-306.72,-0.17,3.72,23.64,0.01,-304.86,-0.17,-27927.48,-55.85,2
674,Exit long,2026-05-13 10:24,JJ_LX,29241,3,174997.5,444.78,0.25,3.72,446.64,0.26,-31.86,-0.02,-27482.7,-54.97,5
674,Entry long,2026-05-13 10:19,JJ_L,29166.25,3,174997.5,444.78,0.25,3.72,446.64,0.26,-31.86,-0.02,-27482.7,-54.97,5
675,Exit long,2026-05-13 11:01,JJ_LX,29335.5,3,175564.5,444.78,0.25,3.72,446.64,0.25,-136.86,-0.08,-27037.92,-54.08,19
675,Entry long,2026-05-13 10:42,JJ_L,29260.75,3,175564.5,444.78,0.25,3.72,446.64,0.25,-136.86,-0.08,-27037.92,-54.08,19
676,Exit short,2026-05-14 09:59,JJ_SX,29569.5,3,177865.5,444.78,0.25,3.72,446.64,0.25,-244.86,-0.14,-26593.14,-53.19,11
676,Entry short,2026-05-14 09:48,JJ_S,29644.25,3,177865.5,444.78,0.25,3.72,446.64,0.25,-244.86,-0.14,-26593.14,-53.19,11
677,Exit short,2026-05-14 10:19,JJ_SX,29639.25,3,177532.5,-306.72,-0.17,3.72,308.64,0.17,-304.86,-0.17,-26899.86,-53.80,17
677,Entry short,2026-05-14 10:02,JJ_S,29588.75,3,177532.5,-306.72,-0.17,3.72,308.64,0.17,-304.86,-0.17,-26899.86,-53.80,17
678,Exit short,2026-05-14 10:36,JJ_SX,29659,3,177651,-306.72,-0.17,3.72,77.64,0.04,-304.86,-0.17,-27206.58,-54.41,11
678,Entry short,2026-05-14 10:25,JJ_S,29608.5,3,177651,-306.72,-0.17,3.72,77.64,0.04,-304.86,-0.17,-27206.58,-54.41,11
679,Exit short,2026-05-14 11:10,JJ_SX,29726.25,6,356409,-313.44,-0.09,7.44,437.28,0.12,-309.72,-0.09,-27520.02,-55.04,17
679,Entry short,2026-05-14 10:53,JJ_S,29700.75,6,356409,-313.44,-0.09,7.44,437.28,0.12,-309.72,-0.09,-27520.02,-55.04,17
680,Exit long,2026-05-15 09:50,JJ_LX,29224.25,3,174897,444.78,0.25,3.72,446.64,0.26,-31.86,-0.02,-27075.24,-54.15,3
680,Entry long,2026-05-15 09:47,JJ_L,29149.5,3,174897,444.78,0.25,3.72,446.64,0.26,-31.86,-0.02,-27075.24,-54.15,3
681,Exit long,2026-05-15 09:56,JJ_LX,29286,3,175267.5,444.78,0.25,3.72,446.64,0.25,-39.36,-0.02,-26630.46,-53.26,4
681,Entry long,2026-05-15 09:52,JJ_L,29211.25,3,175267.5,444.78,0.25,3.72,446.64,0.25,-39.36,-0.02,-26630.46,-53.26,4
682,Exit long,2026-05-15 10:12,JJ_LX,29254.5,3,175078.5,444.78,0.25,3.72,446.64,0.26,-228.36,-0.13,-26185.68,-52.37,11
682,Entry long,2026-05-15 10:01,JJ_L,29179.75,3,175078.5,444.78,0.25,3.72,446.64,0.26,-228.36,-0.13,-26185.68,-52.37,11
683,Exit short,2026-05-15 10:50,JJ_SX,29265.25,3,176040,444.78,0.25,3.72,446.64,0.25,-127.86,-0.07,-25740.9,-51.48,26
683,Entry short,2026-05-15 10:24,JJ_S,29340,3,176040,444.78,0.25,3.72,446.64,0.25,-127.86,-0.07,-25740.9,-51.48,26
684,Exit long,2026-05-18 09:52,JJ_LX,29259.5,3,175108.5,444.78,0.25,3.72,446.64,0.26,-172.86,-0.10,-25296.12,-50.59,5
684,Entry long,2026-05-18 09:47,JJ_L,29184.75,3,175108.5,444.78,0.25,3.72,446.64,0.26,-172.86,-0.10,-25296.12,-50.59,5
685,Exit long,2026-05-18 10:00,JJ_LX,29222,3,175635,-306.72,-0.17,3.72,215.64,0.12,-304.86,-0.17,-25602.84,-51.21,6
685,Entry long,2026-05-18 09:54,JJ_L,29272.5,3,175635,-306.72,-0.17,3.72,215.64,0.12,-304.86,-0.17,-25602.84,-51.21,6
686,Exit long,2026-05-18 10:27,JJ_LX,29175.5,3,175356,-306.72,-0.17,3.72,434.64,0.25,-304.86,-0.17,-25909.56,-51.82,21
686,Entry long,2026-05-18 10:06,JJ_L,29226,3,175356,-306.72,-0.17,3.72,434.64,0.25,-304.86,-0.17,-25909.56,-51.82,21
687,Exit long,2026-05-18 11:19,JJ_LX,29001.5,3,174312,-306.72,-0.18,3.72,443.64,0.25,-304.86,-0.17,-26216.28,-52.43,42
687,Entry long,2026-05-18 10:37,JJ_L,29052,3,174312,-306.72,-0.18,3.72,443.64,0.25,-304.86,-0.17,-26216.28,-52.43,42
688,Exit short,2026-05-19 09:47,JJ_SX,28923.25,3,173236.5,-306.72,-0.18,3.72,22.14,0.01,-304.86,-0.18,-26523,-53.05,1
688,Entry short,2026-05-19 09:46,JJ_S,28872.75,3,173236.5,-306.72,-0.18,3.72,22.14,0.01,-304.86,-0.18,-26523,-53.05,1
689,Exit short,2026-05-19 09:54,JJ_SX,28994.25,3,173662.5,-306.72,-0.18,3.72,169.14,0.10,-304.86,-0.18,-26829.72,-53.66,5
689,Entry short,2026-05-19 09:49,JJ_S,28943.75,3,173662.5,-306.72,-0.18,3.72,169.14,0.10,-304.86,-0.18,-26829.72,-53.66,5
690,Exit short,2026-05-19 10:04,JJ_SX,28925,3,173247,-306.72,-0.18,3.72,49.14,0.03,-304.86,-0.18,-27136.44,-54.27,2
690,Entry short,2026-05-19 10:02,JJ_S,28874.5,3,173247,-306.72,-0.18,3.72,49.14,0.03,-304.86,-0.18,-27136.44,-54.27,2
691,Exit long,2026-05-19 10:11,JJ_LX,28765.5,3,172896,-306.72,-0.18,3.72,86.64,0.05,-304.86,-0.18,-27443.16,-54.89,1
691,Entry long,2026-05-19 10:10,JJ_L,28816,3,172896,-306.72,-0.18,3.72,86.64,0.05,-304.86,-0.18,-27443.16,-54.89,1
692,Exit long,2026-05-19 10:48,JJ_LX,28678.25,3,172372.5,-306.72,-0.18,3.72,433.14,0.25,-304.86,-0.18,-27749.88,-55.50,24
692,Entry long,2026-05-19 10:24,JJ_L,28728.75,3,172372.5,-306.72,-0.18,3.72,433.14,0.25,-304.86,-0.18,-27749.88,-55.50,24
693,Exit short,2026-05-20 10:20,JJ_SX,29206.75,3,174937.5,-306.72,-0.18,3.72,89.64,0.05,-304.86,-0.17,-28056.6,-56.11,3
693,Entry short,2026-05-20 10:17,JJ_S,29156.25,3,174937.5,-306.72,-0.18,3.72,89.64,0.05,-304.86,-0.17,-28056.6,-56.11,3
694,Exit short,2026-05-20 10:30,JJ_SX,29229.25,3,175072.5,-306.72,-0.18,3.72,370.14,0.21,-304.86,-0.17,-28363.32,-56.73,7
694,Entry short,2026-05-20 10:23,JJ_S,29178.75,3,175072.5,-306.72,-0.18,3.72,370.14,0.21,-304.86,-0.17,-28363.32,-56.73,7
695,Exit short,2026-05-20 11:15,JJ_SX,29286,3,175413,-306.72,-0.17,3.72,388.14,0.22,-304.86,-0.17,-28670.04,-57.34,43
695,Entry short,2026-05-20 10:32,JJ_S,29235.5,3,175413,-306.72,-0.17,3.72,388.14,0.22,-304.86,-0.17,-28670.04,-57.34,43
696,Exit short,2026-05-21 10:15,JJ_SX,29235.75,3,175863,444.78,0.25,3.72,446.64,0.25,-115.86,-0.07,-28225.26,-56.45,12
696,Entry short,2026-05-21 10:03,JJ_S,29310.5,3,175863,444.78,0.25,3.72,446.64,0.25,-115.86,-0.07,-28225.26,-56.45,12
697,Exit long,2026-05-21 11:23,JJ_LX,29255,3,175081.5,444.78,0.25,3.72,446.64,0.26,-255.36,-0.15,-27780.48,-55.56,58
697,Entry long,2026-05-21 10:25,JJ_L,29180.25,3,175081.5,444.78,0.25,3.72,446.64,0.26,-255.36,-0.15,-27780.48,-55.56,58
698,Exit short,2026-05-22 10:00,JJ_SX,29577,3,177910.5,444.78,0.25,3.72,446.64,0.25,-12.36,-0.01,-27335.7,-54.67,14
698,Entry short,2026-05-22 09:46,JJ_S,29651.75,3,177910.5,444.78,0.25,3.72,446.64,0.25,-12.36,-0.01,-27335.7,-54.67,14
699,Exit long,2026-05-22 10:23,JJ_LX,29514.25,3,177388.5,-306.72,-0.17,3.72,205.14,0.12,-304.86,-0.17,-27642.42,-55.28,15
699,Entry long,2026-05-22 10:08,JJ_L,29564.75,3,177388.5,-306.72,-0.17,3.72,205.14,0.12,-304.86,-0.17,-27642.42,-55.28,15
700,Exit long,2026-05-22 10:34,JJ_LX,29594,3,177115.5,444.78,0.25,3.72,446.64,0.25,-46.86,-0.03,-27197.64,-54.40,10
700,Entry long,2026-05-22 10:24,JJ_L,29519.25,3,177115.5,444.78,0.25,3.72,446.64,0.25,-46.86,-0.03,-27197.64,-54.40,10
701,Exit short,2026-05-25 10:09,JJ_SX,29964,9,539793,429.84,0.08,11.16,435.42,0.08,-32.58,-0.01,-26767.8,-53.54,7
701,Entry short,2026-05-25 10:02,JJ_S,29988.5,9,539793,429.84,0.08,11.16,435.42,0.08,-32.58,-0.01,-26767.8,-53.54,7
702,Exit short,2026-05-25 10:42,JJ_SX,29911.75,6,359388,439.56,0.12,7.44,443.28,0.12,-45.72,-0.01,-26328.24,-52.66,22
702,Entry short,2026-05-25 10:20,JJ_S,29949,6,359388,439.56,0.12,7.44,443.28,0.12,-45.72,-0.01,-26328.24,-52.66,22
703,Exit long,2026-05-25 11:10,JJ_LX,29963.75,6,359118,439.56,0.12,7.44,443.28,0.12,-45.72,-0.01,-25888.68,-51.78,24
703,Entry long,2026-05-25 10:46,JJ_L,29926.5,6,359118,439.56,0.12,7.44,443.28,0.12,-45.72,-0.01,-25888.68,-51.78,24
704,Exit short,2026-05-26 09:57,JJ_SX,29986.25,3,179614.5,-306.72,-0.17,3.72,131.64,0.07,-304.86,-0.17,-26195.4,-52.39,7
704,Entry short,2026-05-26 09:50,JJ_S,29935.75,3,179614.5,-306.72,-0.17,3.72,131.64,0.07,-304.86,-0.17,-26195.4,-52.39,7
705,Exit short,2026-05-26 10:15,JJ_SX,30032.5,3,179892,-306.72,-0.17,3.72,40.14,0.02,-304.86,-0.17,-26502.12,-53.00,13
705,Entry short,2026-05-26 10:02,JJ_S,29982,3,179892,-306.72,-0.17,3.72,40.14,0.02,-304.86,-0.17,-26502.12,-53.00,13
706,Exit long,2026-05-27 09:46,JJ_LX,29980.25,3,180184.5,-306.72,-0.17,3.72,1.14,0.00,-304.86,-0.17,-26808.84,-53.62,1
706,Entry long,2026-05-27 09:45,JJ_L,30030.75,3,180184.5,-306.72,-0.17,3.72,1.14,0.00,-304.86,-0.17,-26808.84,-53.62,1
707,Exit long,2026-05-27 09:53,JJ_LX,30068.75,3,179964,444.78,0.25,3.72,446.64,0.25,-103.86,-0.06,-26364.06,-52.73,5
707,Entry long,2026-05-27 09:48,JJ_L,29994,3,179964,444.78,0.25,3.72,446.64,0.25,-103.86,-0.06,-26364.06,-52.73,5
708,Exit long,2026-05-27 10:07,JJ_LX,30010,3,180363,-306.72,-0.17,3.72,230.64,0.13,-304.86,-0.17,-26670.78,-53.34,8
708,Entry long,2026-05-27 09:59,JJ_L,30060.5,3,180363,-306.72,-0.17,3.72,230.64,0.13,-304.86,-0.17,-26670.78,-53.34,8
709,Exit long,2026-05-27 10:25,JJ_LX,29951.75,3,180013.5,-306.72,-0.17,3.72,328.14,0.18,-304.86,-0.17,-26977.5,-53.95,13
709,Entry long,2026-05-27 10:12,JJ_L,30002.25,3,180013.5,-306.72,-0.17,3.72,328.14,0.18,-304.86,-0.17,-26977.5,-53.95,13
710,Exit long,2026-05-27 10:33,JJ_LX,29895.5,3,179676,-306.72,-0.17,3.72,8.64,0.00,-304.86,-0.17,-27284.22,-54.57,2
710,Entry long,2026-05-27 10:31,JJ_L,29946,3,179676,-306.72,-0.17,3.72,8.64,0.00,-304.86,-0.17,-27284.22,-54.57,2
711,Exit long,2026-05-28 10:12,JJ_LX,30069.75,3,179970,444.78,0.25,3.72,446.64,0.25,-288.36,-0.16,-26839.44,-53.68,20
711,Entry long,2026-05-28 09:52,JJ_L,29995,3,179970,444.78,0.25,3.72,446.64,0.25,-288.36,-0.16,-26839.44,-53.68,20
712,Exit short,2026-05-28 10:45,JJ_SX,30177.25,3,180760.5,-306.72,-0.17,3.72,379.14,0.21,-304.86,-0.17,-27146.16,-54.29,30
712,Entry short,2026-05-28 10:15,JJ_S,30126.75,3,180760.5,-306.72,-0.17,3.72,379.14,0.21,-304.86,-0.17,-27146.16,-54.29,30
713,Exit short,2026-05-28 11:01,JJ_SX,30218.5,3,181008,-306.72,-0.17,3.72,38.64,0.02,-304.86,-0.17,-27452.88,-54.91,7
713,Entry short,2026-05-28 10:54,JJ_S,30168,3,181008,-306.72,-0.17,3.72,38.64,0.02,-304.86,-0.17,-27452.88,-54.91,7
714,Exit short,2026-05-29 09:59,JJ_SX,30516.5,6,365892,-313.44,-0.09,7.44,0,0.00,-309.72,-0.08,-27766.32,-55.53,4
714,Entry short,2026-05-29 09:55,JJ_S,30491,6,365892,-313.44,-0.09,7.44,0,0.00,-309.72,-0.08,-27766.32,-55.53,4
715,Exit short,2026-05-29 10:08,JJ_SX,30482.75,6,366240,439.56,0.12,7.44,443.28,0.12,-48.72,-0.01,-27326.76,-54.65,5
715,Entry short,2026-05-29 10:03,JJ_S,30520,6,366240,439.56,0.12,7.44,443.28,0.12,-48.72,-0.01,-27326.76,-54.65,5
716,Exit short,2026-05-29 10:17,JJ_SX,30408.75,3,182901,444.78,0.24,3.72,446.64,0.24,-117.36,-0.06,-26881.98,-53.76,9
716,Entry short,2026-05-29 10:08,JJ_S,30483.5,3,182901,444.78,0.24,3.72,446.64,0.24,-117.36,-0.06,-26881.98,-53.76,9
717,Exit short,2026-05-29 10:42,JJ_SX,30327.25,3,182412,444.78,0.24,3.72,446.64,0.24,-249.36,-0.14,-26437.2,-52.87,25
717,Entry short,2026-05-29 10:17,JJ_S,30402,3,182412,444.78,0.24,3.72,446.64,0.24,-249.36,-0.14,-26437.2,-52.87,25
718,Exit long,2026-05-29 10:53,JJ_LX,30389.75,3,181890,444.78,0.24,3.72,446.64,0.25,-124.86,-0.07,-25992.42,-51.98,5
718,Entry long,2026-05-29 10:48,JJ_L,30315,3,181890,444.78,0.24,3.72,446.64,0.25,-124.86,-0.07,-25992.42,-51.98,5
719,Exit short,2026-06-01 09:56,JJ_SX,30352.25,3,182562,444.78,0.24,3.72,446.64,0.24,-145.86,-0.08,-25547.64,-51.10,7
719,Entry short,2026-06-01 09:49,JJ_S,30427,3,182562,444.78,0.24,3.72,446.64,0.24,-145.86,-0.08,-25547.64,-51.10,7
720,Exit short,2026-06-01 10:24,JJ_SX,30421.25,3,182224.5,-306.72,-0.17,3.72,136.14,0.07,-304.86,-0.17,-25854.36,-51.71,7
720,Entry short,2026-06-01 10:17,JJ_S,30370.75,3,182224.5,-306.72,-0.17,3.72,136.14,0.07,-304.86,-0.17,-25854.36,-51.71,7
721,Exit short,2026-06-01 10:48,JJ_SX,30442.75,3,182353.5,-306.72,-0.17,3.72,142.14,0.08,-304.86,-0.17,-26161.08,-52.32,23
721,Entry short,2026-06-01 10:25,JJ_S,30392.25,3,182353.5,-306.72,-0.17,3.72,142.14,0.08,-304.86,-0.17,-26161.08,-52.32,23
722,Exit short,2026-06-01 11:20,JJ_SX,30480.25,3,182578.5,-306.72,-0.17,3.72,107.64,0.06,-304.86,-0.17,-26467.8,-52.94,31
722,Entry short,2026-06-01 10:49,JJ_S,30429.75,3,182578.5,-306.72,-0.17,3.72,107.64,0.06,-304.86,-0.17,-26467.8,-52.94,31
723,Exit long,2026-06-02 09:59,JJ_LX,30599.5,3,183148.5,444.78,0.24,3.72,446.64,0.24,-61.86,-0.03,-26023.02,-52.05,13
723,Entry long,2026-06-02 09:46,JJ_L,30524.75,3,183148.5,444.78,0.24,3.72,446.64,0.24,-61.86,-0.03,-26023.02,-52.05,13
724,Exit short,2026-06-02 11:08,JJ_SX,30654.5,3,183624,-306.72,-0.17,3.72,398.64,0.22,-304.86,-0.17,-26329.74,-52.66,61
724,Entry short,2026-06-02 10:07,JJ_S,30604,3,183624,-306.72,-0.17,3.72,398.64,0.22,-304.86,-0.17,-26329.74,-52.66,61
725,Exit long,2026-06-03 10:02,JJ_LX,30629.5,3,183328.5,444.78,0.24,3.72,446.64,0.24,-139.86,-0.08,-25884.96,-51.77,12
725,Entry long,2026-06-03 09:50,JJ_L,30554.75,3,183328.5,444.78,0.24,3.72,446.64,0.24,-139.86,-0.08,-25884.96,-51.77,12
726,Exit long,2026-06-03 10:29,JJ_LX,30717,3,183853.5,444.78,0.24,3.72,446.64,0.24,-99.36,-0.05,-25440.18,-50.88,21
726,Entry long,2026-06-03 10:08,JJ_L,30642.25,3,183853.5,444.78,0.24,3.72,446.64,0.24,-99.36,-0.05,-25440.18,-50.88,21
727,Exit long,2026-06-03 10:36,JJ_LX,30672.5,3,184338,-306.72,-0.17,3.72,28.14,0.02,-304.86,-0.17,-25746.9,-51.49,7
727,Entry long,2026-06-03 10:29,JJ_L,30723,3,184338,-306.72,-0.17,3.72,28.14,0.02,-304.86,-0.17,-25746.9,-51.49,7
728,Exit long,2026-06-03 10:50,JJ_LX,30663.75,3,184285.5,-306.72,-0.17,3.72,149.64,0.08,-304.86,-0.17,-26053.62,-52.11,13
728,Entry long,2026-06-03 10:37,JJ_L,30714.25,3,184285.5,-306.72,-0.17,3.72,149.64,0.08,-304.86,-0.17,-26053.62,-52.11,13
729,Exit long,2026-06-03 10:57,JJ_LX,30647.75,3,184189.5,-306.72,-0.17,3.72,4.14,0.00,-304.86,-0.17,-26360.34,-52.72,6
729,Entry long,2026-06-03 10:51,JJ_L,30698.25,3,184189.5,-306.72,-0.17,3.72,4.14,0.00,-304.86,-0.17,-26360.34,-52.72,6
730,Exit long,2026-06-04 10:11,JJ_LX,30274.25,3,181197,444.78,0.25,3.72,446.64,0.25,-141.36,-0.08,-25915.56,-51.83,3
730,Entry long,2026-06-04 10:08,JJ_L,30199.5,3,181197,444.78,0.25,3.72,446.64,0.25,-141.36,-0.08,-25915.56,-51.83,3
731,Exit short,2026-06-04 11:00,JJ_SX,30368,3,181905,-306.72,-0.17,3.72,182.64,0.10,-304.86,-0.17,-26222.28,-52.44,18
731,Entry short,2026-06-04 10:42,JJ_S,30317.5,3,181905,-306.72,-0.17,3.72,182.64,0.10,-304.86,-0.17,-26222.28,-52.44,18
732,Exit long,2026-06-05 10:15,JJ_LX,29891.25,3,178899,444.78,0.25,3.72,446.64,0.25,-99.36,-0.06,-25777.5,-51.55,8
732,Entry long,2026-06-05 10:07,JJ_L,29816.5,3,178899,444.78,0.25,3.72,446.64,0.25,-99.36,-0.06,-25777.5,-51.55,8
733,Exit long,2026-06-05 10:25,JJ_LX,29844,3,179367,-306.72,-0.17,3.72,283.14,0.16,-304.86,-0.17,-26084.22,-52.17,10
733,Entry long,2026-06-05 10:15,JJ_L,29894.5,3,179367,-306.72,-0.17,3.72,283.14,0.16,-304.86,-0.17,-26084.22,-52.17,10
734,Exit long,2026-06-05 10:34,JJ_LX,29900.5,3,178954.5,444.78,0.25,3.72,446.64,0.25,-69.36,-0.04,-25639.44,-51.28,5
734,Entry long,2026-06-05 10:29,JJ_L,29825.75,3,178954.5,444.78,0.25,3.72,446.64,0.25,-69.36,-0.04,-25639.44,-51.28,5
735,Exit long,2026-06-05 10:42,JJ_LX,29850.75,3,179407.5,-306.72,-0.17,3.72,160.14,0.09,-304.86,-0.17,-25946.16,-51.89,8
735,Entry long,2026-06-05 10:34,JJ_L,29901.25,3,179407.5,-306.72,-0.17,3.72,160.14,0.09,-304.86,-0.17,-25946.16,-51.89,8
736,Exit long,2026-06-08 09:55,JJ_LX,29452.5,3,177018,-306.72,-0.17,3.72,272.64,0.15,-304.86,-0.17,-26252.88,-52.51,3
736,Entry long,2026-06-08 09:52,JJ_L,29503,3,177018,-306.72,-0.17,3.72,272.64,0.15,-304.86,-0.17,-26252.88,-52.51,3
737,Exit long,2026-06-08 10:09,JJ_LX,29442,3,176203.5,444.78,0.25,3.72,446.64,0.25,-114.36,-0.06,-25808.1,-51.62,9
737,Entry long,2026-06-08 10:00,JJ_L,29367.25,3,176203.5,444.78,0.25,3.72,446.64,0.25,-114.36,-0.06,-25808.1,-51.62,9
738,Exit long,2026-06-08 10:15,JJ_LX,29408.75,3,176755.5,-306.72,-0.17,3.72,77.64,0.04,-304.86,-0.17,-26114.82,-52.23,4
738,Entry long,2026-06-08 10:11,JJ_L,29459.25,3,176755.5,-306.72,-0.17,3.72,77.64,0.04,-304.86,-0.17,-26114.82,-52.23,4
739,Exit long,2026-06-08 10:25,JJ_LX,29491,3,176497.5,444.78,0.25,3.72,446.64,0.25,-181.86,-0.10,-25670.04,-51.34,8
739,Entry long,2026-06-08 10:17,JJ_L,29416.25,3,176497.5,444.78,0.25,3.72,446.64,0.25,-181.86,-0.10,-25670.04,-51.34,8
740,Exit short,2026-06-08 10:57,JJ_SX,29661.5,3,177666,-306.72,-0.17,3.72,61.14,0.03,-304.86,-0.17,-25976.76,-51.95,8
740,Entry short,2026-06-08 10:49,JJ_S,29611,3,177666,-306.72,-0.17,3.72,61.14,0.03,-304.86,-0.17,-25976.76,-51.95,8
741,Exit short,2026-06-09 09:54,JJ_SX,29731.25,3,178836,444.78,0.25,3.72,446.64,0.25,-78.36,-0.04,-25531.98,-51.06,4
741,Entry short,2026-06-09 09:50,JJ_S,29806,3,178836,444.78,0.25,3.72,446.64,0.25,-78.36,-0.04,-25531.98,-51.06,4
742,Exit long,2026-06-09 10:07,JJ_LX,29645.75,3,178177.5,-306.72,-0.17,3.72,103.14,0.06,-304.86,-0.17,-25838.7,-51.68,6
742,Entry long,2026-06-09 10:01,JJ_L,29696.25,3,178177.5,-306.72,-0.17,3.72,103.14,0.06,-304.86,-0.17,-25838.7,-51.68,6
743,Exit long,2026-06-09 10:20,JJ_LX,29361.5,3,176472,-306.72,-0.17,3.72,0,0.00,-304.86,-0.17,-26145.42,-52.29,1
743,Entry long,2026-06-09 10:19,JJ_L,29412,3,176472,-306.72,-0.17,3.72,0,0.00,-304.86,-0.17,-26145.42,-52.29,1
744,Exit long,2026-06-09 10:30,JJ_LX,29401.5,3,176712,-306.72,-0.17,3.72,442.14,0.25,-304.86,-0.17,-26452.14,-52.90,8
744,Entry long,2026-06-09 10:22,JJ_L,29452,3,176712,-306.72,-0.17,3.72,442.14,0.25,-304.86,-0.17,-26452.14,-52.90,8
745,Exit long,2026-06-09 10:35,JJ_LX,29405.75,3,176737.5,-306.72,-0.17,3.72,26.64,0.02,-304.86,-0.17,-26758.86,-53.52,3
745,Entry long,2026-06-09 10:32,JJ_L,29456.25,3,176737.5,-306.72,-0.17,3.72,26.64,0.02,-304.86,-0.17,-26758.86,-53.52,3
746,Exit short,2026-06-10 10:01,JJ_SX,28977.5,3,174313.5,444.78,0.26,3.72,446.64,0.26,-252.36,-0.14,-26314.08,-52.63,11
746,Entry short,2026-06-10 09:50,JJ_S,29052.25,3,174313.5,444.78,0.26,3.72,446.64,0.26,-252.36,-0.14,-26314.08,-52.63,11
747,Exit short,2026-06-10 10:23,JJ_SX,29142.5,3,174552,-306.72,-0.18,3.72,274.14,0.16,-304.86,-0.17,-26620.8,-53.24,9
747,Entry short,2026-06-10 10:14,JJ_S,29092,3,174552,-306.72,-0.18,3.72,274.14,0.16,-304.86,-0.17,-26620.8,-53.24,9
748,Exit short,2026-06-10 10:30,JJ_SX,29186.75,3,174817.5,-306.72,-0.18,3.72,0,0.00,-304.86,-0.17,-26927.52,-53.86,2
748,Entry short,2026-06-10 10:28,JJ_S,29136.25,3,174817.5,-306.72,-0.18,3.72,0,0.00,-304.86,-0.17,-26927.52,-53.86,2
749,Exit short,2026-06-10 10:32,JJ_SX,29151.5,3,174606,-306.72,-0.18,3.72,56.64,0.03,-304.86,-0.17,-27234.24,-54.47,1
749,Entry short,2026-06-10 10:31,JJ_S,29101,3,174606,-306.72,-0.18,3.72,56.64,0.03,-304.86,-0.17,-27234.24,-54.47,1
750,Exit short,2026-06-10 10:44,JJ_SX,29109.5,3,175105.5,444.78,0.25,3.72,446.64,0.26,-87.36,-0.05,-26789.46,-53.58,8
750,Entry short,2026-06-10 10:36,JJ_S,29184.25,3,175105.5,444.78,0.25,3.72,446.64,0.26,-87.36,-0.05,-26789.46,-53.58,8
751,Exit short,2026-06-11 09:50,JJ_SX,28866,3,172893,-306.72,-0.18,3.72,0,0.00,-304.86,-0.18,-27096.18,-54.19,1
751,Entry short,2026-06-11 09:49,JJ_S,28815.5,3,172893,-306.72,-0.18,3.72,0,0.00,-304.86,-0.18,-27096.18,-54.19,1
752,Exit short,2026-06-11 09:59,JJ_SX,28893.75,3,173811,444.78,0.26,3.72,446.64,0.26,-247.86,-0.14,-26651.4,-53.30,5
752,Entry short,2026-06-11 09:54,JJ_S,28968.5,3,173811,444.78,0.26,3.72,446.64,0.26,-247.86,-0.14,-26651.4,-53.30,5
753,Exit short,2026-06-11 10:16,JJ_SX,28818.25,3,173358,444.78,0.26,3.72,446.64,0.26,-187.86,-0.11,-26206.62,-52.41,6
753,Entry short,2026-06-11 10:10,JJ_S,28893,3,173358,444.78,0.26,3.72,446.64,0.26,-187.86,-0.11,-26206.62,-52.41,6
754,Exit short,2026-06-11 10:17,JJ_SX,28832.5,3,172692,-306.72,-0.18,3.72,13.14,0.01,-304.86,-0.18,-26513.34,-53.03,1
754,Entry short,2026-06-11 10:16,JJ_S,28782,3,172692,-306.72,-0.18,3.72,13.14,0.01,-304.86,-0.18,-26513.34,-53.03,1
755,Exit short,2026-06-11 10:30,JJ_SX,28902,3,173109,-306.72,-0.18,3.72,359.64,0.21,-304.86,-0.18,-26820.06,-53.64,4
755,Entry short,2026-06-11 10:26,JJ_S,28851.5,3,173109,-306.72,-0.18,3.72,359.64,0.21,-304.86,-0.18,-26820.06,-53.64,4
756,Exit long,2026-06-12 09:57,JJ_LX,29379,3,175825.5,444.78,0.25,3.72,446.64,0.25,-291.36,-0.17,-26375.28,-52.75,11
756,Entry long,2026-06-12 09:46,JJ_L,29304.25,3,175825.5,444.78,0.25,3.72,446.64,0.25,-291.36,-0.17,-26375.28,-52.75,11
757,Exit long,2026-06-12 10:06,JJ_LX,29514,3,176635.5,444.78,0.25,3.72,446.64,0.25,-126.36,-0.07,-25930.5,-51.86,6
757,Entry long,2026-06-12 10:00,JJ_L,29439.25,3,176635.5,444.78,0.25,3.72,446.64,0.25,-126.36,-0.07,-25930.5,-51.86,6
758,Exit short,2026-06-12 10:17,JJ_SX,29590.75,3,177241.5,-306.72,-0.17,3.72,164.64,0.09,-304.86,-0.17,-26237.22,-52.47,5
758,Entry short,2026-06-12 10:12,JJ_S,29540.25,3,177241.5,-306.72,-0.17,3.72,164.64,0.09,-304.86,-0.17,-26237.22,-52.47,5
759,Exit short,2026-06-12 10:35,JJ_SX,29586.75,3,177217.5,-306.72,-0.17,3.72,298.14,0.17,-304.86,-0.17,-26543.94,-53.09,14
759,Entry short,2026-06-12 10:21,JJ_S,29536.25,3,177217.5,-306.72,-0.17,3.72,298.14,0.17,-304.86,-0.17,-26543.94,-53.09,14
760,Exit long,2026-06-12 10:52,JJ_LX,29499.25,3,176547,444.78,0.25,3.72,446.64,0.25,-247.86,-0.14,-26099.16,-52.20,2
760,Entry long,2026-06-12 10:50,JJ_L,29424.5,3,176547,444.78,0.25,3.72,446.64,0.25,-247.86,-0.14,-26099.16,-52.20,2
761,Exit short,2026-06-15 10:14,JJ_SX,30688.25,3,184578,444.78,0.24,3.72,446.64,0.24,-124.86,-0.07,-25654.38,-51.31,20
761,Entry short,2026-06-15 09:54,JJ_S,30763,3,184578,444.78,0.24,3.72,446.64,0.24,-124.86,-0.07,-25654.38,-51.31,20
762,Exit short,2026-06-15 10:28,JJ_SX,30750,3,184197,-306.72,-0.17,3.72,29.64,0.02,-304.86,-0.17,-25961.1,-51.92,4
762,Entry short,2026-06-15 10:24,JJ_S,30699.5,3,184197,-306.72,-0.17,3.72,29.64,0.02,-304.86,-0.17,-25961.1,-51.92,4
763,Exit short,2026-06-15 10:56,JJ_SX,30762.5,3,184272,-306.72,-0.17,3.72,79.14,0.04,-304.86,-0.17,-26267.82,-52.54,15
763,Entry short,2026-06-15 10:41,JJ_S,30712,3,184272,-306.72,-0.17,3.72,79.14,0.04,-304.86,-0.17,-26267.82,-52.54,15
764,Exit short,2026-06-16 10:19,JJ_SX,30757.25,3,184992,444.78,0.24,3.72,446.64,0.24,-112.86,-0.06,-25823.04,-51.65,9
764,Entry short,2026-06-16 10:10,JJ_S,30832,3,184992,444.78,0.24,3.72,446.64,0.24,-112.86,-0.06,-25823.04,-51.65,9
765,Exit long,2026-06-16 10:30,JJ_LX,30663,3,184281,-306.72,-0.17,3.72,232.14,0.13,-304.86,-0.17,-26129.76,-52.26,6
765,Entry long,2026-06-16 10:24,JJ_L,30713.5,3,184281,-306.72,-0.17,3.72,232.14,0.13,-304.86,-0.17,-26129.76,-52.26,6
766,Exit long,2026-06-16 10:55,JJ_LX,30610,3,183963,-306.72,-0.17,3.72,325.14,0.18,-304.86,-0.17,-26436.48,-52.87,18
766,Entry long,2026-06-16 10:37,JJ_L,30660.5,3,183963,-306.72,-0.17,3.72,325.14,0.18,-304.86,-0.17,-26436.48,-52.87,18
767,Exit long,2026-06-16 11:23,JJ_LX,30551.5,3,183612,-306.72,-0.17,3.72,373.14,0.20,-304.86,-0.17,-26743.2,-53.49,24
767,Entry long,2026-06-16 10:59,JJ_L,30602,3,183612,-306.72,-0.17,3.72,373.14,0.20,-304.86,-0.17,-26743.2,-53.49,24
768,Exit long,2026-06-17 10:02,JJ_LX,30332.75,3,182299.5,-306.72,-0.17,3.72,14.64,0.01,-304.86,-0.17,-27049.92,-54.10,2
768,Entry long,2026-06-17 10:00,JJ_L,30383.25,3,182299.5,-306.72,-0.17,3.72,14.64,0.01,-304.86,-0.17,-27049.92,-54.10,2
769,Exit long,2026-06-17 10:15,JJ_LX,30461.25,3,182319,444.78,0.24,3.72,446.64,0.24,-226.86,-0.12,-26605.14,-53.21,12
769,Entry long,2026-06-17 10:03,JJ_L,30386.5,3,182319,444.78,0.24,3.72,446.64,0.24,-226.86,-0.12,-26605.14,-53.21,12
770,Exit long,2026-06-17 10:36,JJ_LX,30424,3,182847,-306.72,-0.17,3.72,419.64,0.23,-304.86,-0.17,-26911.86,-53.82,19
770,Entry long,2026-06-17 10:17,JJ_L,30474.5,3,182847,-306.72,-0.17,3.72,419.64,0.23,-304.86,-0.17,-26911.86,-53.82,19
771,Exit long,2026-06-17 10:47,JJ_LX,30360.5,3,182466,-306.72,-0.17,3.72,308.64,0.17,-304.86,-0.17,-27218.58,-54.44,6
771,Entry long,2026-06-17 10:41,JJ_L,30411,3,182466,-306.72,-0.17,3.72,308.64,0.17,-304.86,-0.17,-27218.58,-54.44,6
772,Exit long,2026-06-17 11:18,JJ_LX,30449.25,3,182247,444.78,0.24,3.72,446.64,0.25,-171.36,-0.09,-26773.8,-53.55,30
772,Entry long,2026-06-17 10:48,JJ_L,30374.5,3,182247,444.78,0.24,3.72,446.64,0.25,-171.36,-0.09,-26773.8,-53.55,30
773,Exit long,2026-06-18 09:55,JJ_LX,30446.25,3,182980.5,-306.72,-0.17,3.72,260.64,0.14,-304.86,-0.17,-27080.52,-54.16,6
773,Entry long,2026-06-18 09:49,JJ_L,30496.75,3,182980.5,-306.72,-0.17,3.72,260.64,0.14,-304.86,-0.17,-27080.52,-54.16,6
774,Exit long,2026-06-18 10:06,JJ_LX,30542,3,182803.5,444.78,0.24,3.72,446.64,0.24,-112.86,-0.06,-26635.74,-53.27,7
774,Entry long,2026-06-18 09:59,JJ_L,30467.25,3,182803.5,444.78,0.24,3.72,446.64,0.24,-112.86,-0.06,-26635.74,-53.27,7
775,Exit long,2026-06-18 10:14,JJ_LX,30507.25,3,183346.5,-306.72,-0.17,3.72,74.64,0.04,-304.86,-0.17,-26942.46,-53.88,3
775,Entry long,2026-06-18 10:11,JJ_L,30557.75,3,183346.5,-306.72,-0.17,3.72,74.64,0.04,-304.86,-0.17,-26942.46,-53.88,3
776,Exit long,2026-06-18 10:28,JJ_LX,30523.25,3,183442.5,-306.72,-0.17,3.72,413.64,0.23,-304.86,-0.17,-27249.18,-54.50,12
776,Entry long,2026-06-18 10:16,JJ_L,30573.75,3,183442.5,-306.72,-0.17,3.72,413.64,0.23,-304.86,-0.17,-27249.18,-54.50,12
777,Exit long,2026-06-18 10:37,JJ_LX,30590.5,3,183094.5,444.78,0.24,3.72,446.64,0.24,-48.36,-0.03,-26804.4,-53.61,4
777,Entry long,2026-06-18 10:33,JJ_L,30515.75,3,183094.5,444.78,0.24,3.72,446.64,0.24,-48.36,-0.03,-26804.4,-53.61,4
778,Exit short,2026-06-19 10:57,JJ_SX,30696.5,6,368052,-313.44,-0.09,7.44,278.28,0.08,-309.72,-0.08,-27117.84,-54.24,52
778,Entry short,2026-06-19 10:05,JJ_S,30671,6,368052,-313.44,-0.09,7.44,278.28,0.08,-309.72,-0.08,-27117.84,-54.24,52
779,Exit short,2026-06-19 11:38,JJ_SX,30654,6,368295,439.56,0.12,7.44,443.28,0.12,-168.72,-0.05,-26678.28,-53.36,40
779,Entry short,2026-06-19 10:58,JJ_S,30691.25,6,368295,439.56,0.12,7.44,443.28,0.12,-168.72,-0.05,-26678.28,-53.36,40
780,Exit short,2026-06-22 09:58,JJ_SX,30928,3,185265,-306.72,-0.17,3.72,206.64,0.11,-304.86,-0.16,-26985,-53.97,5
780,Entry short,2026-06-22 09:53,JJ_S,30877.5,3,185265,-306.72,-0.17,3.72,206.64,0.11,-304.86,-0.16,-26985,-53.97,5
781,Exit short,2026-06-22 10:09,JJ_SX,30962.75,3,185473.5,-306.72,-0.17,3.72,25.14,0.01,-304.86,-0.16,-27291.72,-54.58,9
781,Entry short,2026-06-22 10:00,JJ_S,30912.25,3,185473.5,-306.72,-0.17,3.72,25.14,0.01,-304.86,-0.16,-27291.72,-54.58,9
782,Exit short,2026-06-22 10:20,JJ_SX,30845.75,3,185523,444.78,0.24,3.72,446.64,0.24,-76.86,-0.04,-26846.94,-53.69,9
782,Entry short,2026-06-22 10:11,JJ_S,30920.5,3,185523,444.78,0.24,3.72,446.64,0.24,-76.86,-0.04,-26846.94,-53.69,9
783,Exit short,2026-06-23 09:59,JJ_SX,29926.75,3,179257.5,-306.72,-0.17,3.72,193.14,0.11,-304.86,-0.17,-27153.66,-54.31,5
783,Entry short,2026-06-23 09:54,JJ_S,29876.25,3,179257.5,-306.72,-0.17,3.72,193.14,0.11,-304.86,-0.17,-27153.66,-54.31,5
784,Exit short,2026-06-23 10:10,JJ_SX,30012.75,3,179773.5,-306.72,-0.17,3.72,170.64,0.09,-304.86,-0.17,-27460.38,-54.92,5
784,Entry short,2026-06-23 10:05,JJ_S,29962.25,3,179773.5,-306.72,-0.17,3.72,170.64,0.09,-304.86,-0.17,-27460.38,-54.92,5
785,Exit short,2026-06-23 10:16,JJ_SX,30015,3,179787,-306.72,-0.17,3.72,94.14,0.05,-304.86,-0.17,-27767.1,-55.53,6
785,Entry short,2026-06-23 10:10,JJ_S,29964.5,3,179787,-306.72,-0.17,3.72,94.14,0.05,-304.86,-0.17,-27767.1,-55.53,6
786,Exit short,2026-06-23 10:20,JJ_SX,30042,3,179949,-306.72,-0.17,3.72,52.14,0.03,-304.86,-0.17,-28073.82,-56.15,3
786,Entry short,2026-06-23 10:17,JJ_S,29991.5,3,179949,-306.72,-0.17,3.72,52.14,0.03,-304.86,-0.17,-28073.82,-56.15,3
787,Exit short,2026-06-23 10:23,JJ_SX,30030.5,3,179880,-306.72,-0.17,3.72,0,0.00,-304.86,-0.17,-28380.54,-56.76,1
787,Entry short,2026-06-23 10:22,JJ_S,29980,3,179880,-306.72,-0.17,3.72,0,0.00,-304.86,-0.17,-28380.54,-56.76,1
788,Exit long,2026-06-24 10:25,JJ_LX,29701.25,3,177759,444.78,0.25,3.72,446.64,0.25,-54.36,-0.03,-27935.76,-55.87,4
788,Entry long,2026-06-24 10:21,JJ_L,29626.5,3,177759,444.78,0.25,3.72,446.64,0.25,-54.36,-0.03,-27935.76,-55.87,4
789,Exit short,2026-06-24 10:58,JJ_SX,29861.75,3,178867.5,-306.72,-0.17,3.72,124.14,0.07,-304.86,-0.17,-28242.48,-56.48,4
789,Entry short,2026-06-24 10:54,JJ_S,29811.25,3,178867.5,-306.72,-0.17,3.72,124.14,0.07,-304.86,-0.17,-28242.48,-56.48,4
790,Exit long,2026-06-25 09:51,JJ_LX,29586.75,3,177823.5,-306.72,-0.17,3.72,275.64,0.16,-304.86,-0.17,-28549.2,-57.10,2
790,Entry long,2026-06-25 09:49,JJ_L,29637.25,3,177823.5,-306.72,-0.17,3.72,275.64,0.16,-304.86,-0.17,-28549.2,-57.10,2
791,Exit long,2026-06-25 10:05,JJ_LX,29558,3,176899.5,444.78,0.25,3.72,446.64,0.25,-114.36,-0.06,-28104.42,-56.21,3
791,Entry long,2026-06-25 10:02,JJ_L,29483.25,3,176899.5,444.78,0.25,3.72,446.64,0.25,-114.36,-0.06,-28104.42,-56.21,3
792,Exit long,2026-06-25 10:10,JJ_LX,29649.5,3,177448.5,444.78,0.25,3.72,446.64,0.25,-174.36,-0.10,-27659.64,-55.32,3
792,Entry long,2026-06-25 10:07,JJ_L,29574.75,3,177448.5,444.78,0.25,3.72,446.64,0.25,-174.36,-0.10,-27659.64,-55.32,3
793,Exit long,2026-06-25 10:23,JJ_LX,29560.75,3,177667.5,-306.72,-0.17,3.72,443.64,0.25,-304.86,-0.17,-27966.36,-55.93,4
793,Entry long,2026-06-25 10:19,JJ_L,29611.25,3,177667.5,-306.72,-0.17,3.72,443.64,0.25,-304.86,-0.17,-27966.36,-55.93,4
794,Exit long,2026-06-25 10:37,JJ_LX,29608.5,3,177954,-306.72,-0.17,3.72,341.64,0.19,-304.86,-0.17,-28273.08,-56.55,5
794,Entry long,2026-06-25 10:32,JJ_L,29659,3,177954,-306.72,-0.17,3.72,341.64,0.19,-304.86,-0.17,-28273.08,-56.55,5
795,Exit long,2026-06-26 09:56,JJ_LX,29400.5,3,175954.5,444.78,0.25,3.72,446.64,0.25,-148.86,-0.08,-27828.3,-55.66,2
795,Entry long,2026-06-26 09:54,JJ_L,29325.75,3,175954.5,444.78,0.25,3.72,446.64,0.25,-148.86,-0.08,-27828.3,-55.66,2
796,Exit short,2026-06-26 10:20,JJ_SX,29581.25,3,177184.5,-306.72,-0.17,3.72,58.14,0.03,-304.86,-0.17,-28135.02,-56.27,3
796,Entry short,2026-06-26 10:17,JJ_S,29530.75,3,177184.5,-306.72,-0.17,3.72,58.14,0.03,-304.86,-0.17,-28135.02,-56.27,3
797,Exit short,2026-06-26 10:36,JJ_SX,29524,3,177592.5,444.78,0.25,3.72,446.64,0.25,-232.86,-0.13,-27690.24,-55.38,13
797,Entry short,2026-06-26 10:23,JJ_S,29598.75,3,177592.5,444.78,0.25,3.72,446.64,0.25,-232.86,-0.13,-27690.24,-55.38,13
798,Exit short,2026-06-26 10:51,JJ_SX,29569.25,3,177112.5,-306.72,-0.17,3.72,379.14,0.21,-304.86,-0.17,-27996.96,-55.99,15
798,Entry short,2026-06-26 10:36,JJ_S,29518.75,3,177112.5,-306.72,-0.17,3.72,379.14,0.21,-304.86,-0.17,-27996.96,-55.99,15
799,Exit short,2026-06-26 11:01,JJ_SX,29544.75,3,176965.5,-306.72,-0.17,3.72,161.64,0.09,-304.86,-0.17,-28303.68,-56.61,8
799,Entry short,2026-06-26 10:53,JJ_S,29494.25,3,176965.5,-306.72,-0.17,3.72,161.64,0.09,-304.86,-0.17,-28303.68,-56.61,8
800,Exit short,2026-06-29 09:47,JJ_SX,29821,3,178623,-306.72,-0.17,3.72,134.64,0.08,-304.86,-0.17,-28610.4,-57.22,1
800,Entry short,2026-06-29 09:46,JJ_S,29770.5,3,178623,-306.72,-0.17,3.72,134.64,0.08,-304.86,-0.17,-28610.4,-57.22,1
801,Exit short,2026-06-29 09:51,JJ_SX,29817.5,3,178602,-306.72,-0.17,3.72,272.64,0.15,-304.86,-0.17,-28917.12,-57.83,2
801,Entry short,2026-06-29 09:49,JJ_S,29767,3,178602,-306.72,-0.17,3.72,272.64,0.15,-304.86,-0.17,-28917.12,-57.83,2
802,Exit short,2026-06-29 09:55,JJ_SX,29686,3,178564.5,444.78,0.25,3.72,446.64,0.25,-93.36,-0.05,-28472.34,-56.94,1
802,Entry short,2026-06-29 09:54,JJ_S,29760.75,3,178564.5,444.78,0.25,3.72,446.64,0.25,-93.36,-0.05,-28472.34,-56.94,1
803,Exit short,2026-06-29 09:57,JJ_SX,29600.5,3,178051.5,444.78,0.25,3.72,446.64,0.25,-124.86,-0.07,-28027.56,-56.06,2
803,Entry short,2026-06-29 09:55,JJ_S,29675.25,3,178051.5,444.78,0.25,3.72,446.64,0.25,-124.86,-0.07,-28027.56,-56.06,2
804,Exit long,2026-06-29 10:10,JJ_LX,29442,3,176955,-306.72,-0.17,3.72,149.64,0.08,-304.86,-0.17,-28334.28,-56.67,2
804,Entry long,2026-06-29 10:08,JJ_L,29492.5,3,176955,-306.72,-0.17,3.72,149.64,0.08,-304.86,-0.17,-28334.28,-56.67,2
805,Exit short,2026-06-30 10:03,JJ_SX,30366.75,3,181897.5,-306.72,-0.17,3.72,250.14,0.14,-304.86,-0.17,-28641,-57.28,3
805,Entry short,2026-06-30 10:00,JJ_S,30316.25,3,181897.5,-306.72,-0.17,3.72,250.14,0.14,-304.86,-0.17,-28641,-57.28,3
806,Exit short,2026-06-30 10:22,JJ_SX,30388,3,182025,-306.72,-0.17,3.72,188.64,0.10,-304.86,-0.17,-28947.72,-57.90,16
806,Entry short,2026-06-30 10:06,JJ_S,30337.5,3,182025,-306.72,-0.17,3.72,188.64,0.10,-304.86,-0.17,-28947.72,-57.90,16
807,Exit short,2026-06-30 10:34,JJ_SX,30439.5,3,182334,-306.72,-0.17,3.72,14.64,0.01,-304.86,-0.17,-29254.44,-58.51,9
807,Entry short,2026-06-30 10:25,JJ_S,30389,3,182334,-306.72,-0.17,3.72,14.64,0.01,-304.86,-0.17,-29254.44,-58.51,9
808,Exit short,2026-06-30 10:52,JJ_SX,30339.75,3,182487,444.78,0.24,3.72,446.64,0.24,-34.86,-0.02,-28809.66,-57.62,17
808,Entry short,2026-06-30 10:35,JJ_S,30414.5,3,182487,444.78,0.24,3.72,446.64,0.24,-34.86,-0.02,-28809.66,-57.62,17
809,Exit short,2026-06-30 11:08,JJ_SX,30387.5,3,182022,-306.72,-0.17,3.72,326.64,0.18,-304.86,-0.17,-29116.38,-58.23,16
809,Entry short,2026-06-30 10:52,JJ_S,30337,3,182022,-306.72,-0.17,3.72,326.64,0.18,-304.86,-0.17,-29116.38,-58.23,16
810,Exit short,2026-07-01 10:08,JJ_SX,30313.75,3,181579.5,-306.72,-0.17,3.72,40.14,0.02,-304.86,-0.17,-29423.1,-58.85,4
810,Entry short,2026-07-01 10:04,JJ_S,30263.25,3,181579.5,-306.72,-0.17,3.72,40.14,0.02,-304.86,-0.17,-29423.1,-58.85,4
811,Exit short,2026-07-01 10:45,JJ_SX,30199.25,3,181644,444.78,0.24,3.72,446.64,0.25,-247.86,-0.14,-28978.32,-57.96,30
811,Entry short,2026-07-01 10:15,JJ_S,30274,3,181644,444.78,0.24,3.72,446.64,0.25,-247.86,-0.14,-28978.32,-57.96,30
812,Exit long,2026-07-01 10:59,JJ_LX,30144,3,181167,-306.72,-0.17,3.72,287.64,0.16,-304.86,-0.17,-29285.04,-58.57,10
812,Entry long,2026-07-01 10:49,JJ_L,30194.5,3,181167,-306.72,-0.17,3.72,287.64,0.16,-304.86,-0.17,-29285.04,-58.57,10
813,Exit long,2026-07-01 11:04,JJ_LX,30268,3,181159.5,444.78,0.25,3.72,446.64,0.25,-45.36,-0.03,-28840.26,-57.68,5
813,Entry long,2026-07-01 10:59,JJ_L,30193.25,3,181159.5,444.78,0.25,3.72,446.64,0.25,-45.36,-0.03,-28840.26,-57.68,5
814,Exit short,2026-07-02 09:47,JJ_SX,30160.5,3,180660,-306.72,-0.17,3.72,53.64,0.03,-304.86,-0.17,-29146.98,-58.29,1
814,Entry short,2026-07-02 09:46,JJ_S,30110,3,180660,-306.72,-0.17,3.72,53.64,0.03,-304.86,-0.17,-29146.98,-58.29,1
815,Exit short,2026-07-02 10:00,JJ_SX,30267.25,3,181300.5,-306.72,-0.17,3.72,148.14,0.08,-304.86,-0.17,-29453.7,-58.91,7
815,Entry short,2026-07-02 09:53,JJ_S,30216.75,3,181300.5,-306.72,-0.17,3.72,148.14,0.08,-304.86,-0.17,-29453.7,-58.91,7
816,Exit short,2026-07-02 10:10,JJ_SX,30147.75,3,181335,444.78,0.25,3.72,446.64,0.25,-189.36,-0.10,-29008.92,-58.02,4
816,Entry short,2026-07-02 10:06,JJ_S,30222.5,3,181335,444.78,0.25,3.72,446.64,0.25,-189.36,-0.10,-29008.92,-58.02,4
817,Exit short,2026-07-02 10:17,JJ_SX,30141,3,181294.5,444.78,0.25,3.72,446.64,0.25,-63.36,-0.03,-28564.14,-57.13,3
817,Entry short,2026-07-02 10:14,JJ_S,30215.75,3,181294.5,444.78,0.25,3.72,446.64,0.25,-63.36,-0.03,-28564.14,-57.13,3
818,Exit short,2026-07-02 10:25,JJ_SX,30062.25,3,180822,444.78,0.25,3.72,446.64,0.25,-195.36,-0.11,-28119.36,-56.24,8
818,Entry short,2026-07-02 10:17,JJ_S,30137,3,180822,444.78,0.25,3.72,446.64,0.25,-195.36,-0.11,-28119.36,-56.24,8
819,Exit long,2026-07-03 11:30,JJ_LX,29888.5,6,358968,-313.44,-0.09,7.44,185.28,0.05,-309.72,-0.09,-28432.8,-56.87,74
819,Entry long,2026-07-03 10:16,JJ_L,29914,6,358968,-313.44,-0.09,7.44,185.28,0.05,-309.72,-0.09,-28432.8,-56.87,74
820,Exit short,2026-07-06 09:50,JJ_SX,29961.25,3,179464.5,-306.72,-0.17,3.72,88.14,0.05,-304.86,-0.17,-28739.52,-57.48,4
820,Entry short,2026-07-06 09:46,JJ_S,29910.75,3,179464.5,-306.72,-0.17,3.72,88.14,0.05,-304.86,-0.17,-28739.52,-57.48,4
821,Exit short,2026-07-06 10:09,JJ_SX,29997.25,3,179680.5,-306.72,-0.17,3.72,266.64,0.15,-304.86,-0.17,-29046.24,-58.09,17
821,Entry short,2026-07-06 09:52,JJ_S,29946.75,3,179680.5,-306.72,-0.17,3.72,266.64,0.15,-304.86,-0.17,-29046.24,-58.09,17
822,Exit short,2026-07-06 11:13,JJ_SX,29967.75,3,180255,444.78,0.25,3.72,446.64,0.25,-19.86,-0.01,-28601.46,-57.20,22
822,Entry short,2026-07-06 10:51,JJ_S,30042.5,3,180255,444.78,0.25,3.72,446.64,0.25,-19.86,-0.01,-28601.46,-57.20,22
823,Exit long,2026-07-07 10:41,JJ_LX,29229.25,3,175678.5,-306.72,-0.17,3.72,14.64,0.01,-304.86,-0.17,-28908.18,-57.82,5
823,Entry long,2026-07-07 10:36,JJ_L,29279.75,3,175678.5,-306.72,-0.17,3.72,14.64,0.01,-304.86,-0.17,-28908.18,-57.82,5
824,Exit long,2026-07-07 11:12,JJ_LX,29347.75,3,175638,444.78,0.25,3.72,446.64,0.25,-115.86,-0.07,-28463.4,-56.93,26
824,Entry long,2026-07-07 10:46,JJ_L,29273,3,175638,444.78,0.25,3.72,446.64,0.25,-115.86,-0.07,-28463.4,-56.93,26
825,Exit short,2026-07-08 10:11,JJ_SX,29273.25,3,176088,444.78,0.25,3.72,446.64,0.25,-283.86,-0.16,-28018.62,-56.04,23
825,Entry short,2026-07-08 09:48,JJ_S,29348,3,176088,444.78,0.25,3.72,446.64,0.25,-283.86,-0.16,-28018.62,-56.04,23
826,Exit short,2026-07-08 10:37,JJ_SX,29244.25,3,175914,444.78,0.25,3.72,446.64,0.25,-108.36,-0.06,-27573.84,-55.15,11
826,Entry short,2026-07-08 10:26,JJ_S,29319,3,175914,444.78,0.25,3.72,446.64,0.25,-108.36,-0.06,-27573.84,-55.15,11
827,Exit short,2026-07-08 10:47,JJ_SX,29179,3,175522.5,444.78,0.25,3.72,446.64,0.25,-174.36,-0.10,-27129.06,-54.26,8
827,Entry short,2026-07-08 10:39,JJ_S,29253.75,3,175522.5,444.78,0.25,3.72,446.64,0.25,-174.36,-0.10,-27129.06,-54.26,8
828,Exit short,2026-07-09 09:51,JJ_SX,29874.5,3,178944,-306.72,-0.17,3.72,91.14,0.05,-304.86,-0.17,-27435.78,-54.87,3
828,Entry short,2026-07-09 09:48,JJ_S,29824,3,178944,-306.72,-0.17,3.72,91.14,0.05,-304.86,-0.17,-27435.78,-54.87,3
829,Exit short,2026-07-09 10:10,JJ_SX,29825.25,3,179400,444.78,0.25,3.72,446.64,0.25,-90.36,-0.05,-26991,-53.98,5
829,Entry short,2026-07-09 10:05,JJ_S,29900,3,179400,444.78,0.25,3.72,446.64,0.25,-90.36,-0.05,-26991,-53.98,5
830,Exit short,2026-07-09 10:15,JJ_SX,29746.5,3,178927.5,444.78,0.25,3.72,446.64,0.25,-81.36,-0.05,-26546.22,-53.09,5
830,Entry short,2026-07-09 10:10,JJ_S,29821.25,3,178927.5,444.78,0.25,3.72,446.64,0.25,-81.36,-0.05,-26546.22,-53.09,5
831,Exit long,2026-07-09 10:20,JJ_LX,29667,3,178305,-306.72,-0.17,3.72,50.64,0.03,-304.86,-0.17,-26852.94,-53.71,2
831,Entry long,2026-07-09 10:18,JJ_L,29717.5,3,178305,-306.72,-0.17,3.72,50.64,0.03,-304.86,-0.17,-26852.94,-53.71,2
832,Exit long,2026-07-09 10:39,JJ_LX,29786.25,3,178269,444.78,0.25,3.72,446.64,0.25,-139.86,-0.08,-26408.16,-52.82,15
832,Entry long,2026-07-09 10:24,JJ_L,29711.5,3,178269,444.78,0.25,3.72,446.64,0.25,-139.86,-0.08,-26408.16,-52.82,15
833,Exit short,2026-07-10 10:21,JJ_SX,29862.5,3,179623.5,444.78,0.25,3.72,446.64,0.25,-178.86,-0.10,-25963.38,-51.93,27
833,Entry short,2026-07-10 09:54,JJ_S,29937.25,3,179623.5,444.78,0.25,3.72,446.64,0.25,-178.86,-0.10,-25963.38,-51.93,27
834,Exit short,2026-07-10 10:32,JJ_SX,29957.5,3,179442,-306.72,-0.17,3.72,35.64,0.02,-304.86,-0.17,-26270.1,-52.54,3
834,Entry short,2026-07-10 10:29,JJ_S,29907,3,179442,-306.72,-0.17,3.72,35.64,0.02,-304.86,-0.17,-26270.1,-52.54,3
835,Exit short,2026-07-10 11:00,JJ_SX,29807.5,3,179293.5,444.78,0.25,3.72,446.64,0.25,-114.36,-0.06,-25825.32,-51.65,10
835,Entry short,2026-07-10 10:50,JJ_S,29882.25,3,179293.5,444.78,0.25,3.72,446.64,0.25,-114.36,-0.06,-25825.32,-51.65,10
836,Exit long,2026-07-13 10:01,JJ_LX,29661,3,177517.5,444.78,0.25,3.72,446.64,0.25,-10.86,-0.01,-25380.54,-50.76,4
836,Entry long,2026-07-13 09:57,JJ_L,29586.25,3,177517.5,444.78,0.25,3.72,446.64,0.25,-10.86,-0.01,-25380.54,-50.76,4
837,Exit long,2026-07-13 10:05,JJ_LX,29569,3,177717,-306.72,-0.17,3.72,13.14,0.01,-304.86,-0.17,-25687.26,-51.37,2
837,Entry long,2026-07-13 10:03,JJ_L,29619.5,3,177717,-306.72,-0.17,3.72,13.14,0.01,-304.86,-0.17,-25687.26,-51.37,2
838,Exit long,2026-07-13 10:16,JJ_LX,29570,3,177723,-306.72,-0.17,3.72,232.14,0.13,-304.86,-0.17,-25993.98,-51.99,7
838,Entry long,2026-07-13 10:09,JJ_L,29620.5,3,177723,-306.72,-0.17,3.72,232.14,0.13,-304.86,-0.17,-25993.98,-51.99,7
839,Exit long,2026-07-13 10:45,JJ_LX,29615.5,3,177996,-306.72,-0.17,3.72,346.14,0.19,-304.86,-0.17,-26300.7,-52.60,21
839,Entry long,2026-07-13 10:24,JJ_L,29666,3,177996,-306.72,-0.17,3.72,346.14,0.19,-304.86,-0.17,-26300.7,-52.60,21
840,Exit long,2026-07-13 10:59,JJ_LX,29719,3,177865.5,444.78,0.25,3.72,446.64,0.25,-102.36,-0.06,-25855.92,-51.71,13
840,Entry long,2026-07-13 10:46,JJ_L,29644.25,3,177865.5,444.78,0.25,3.72,446.64,0.25,-102.36,-0.06,-25855.92,-51.71,13
841,Exit long,2026-07-14 10:01,JJ_LX,29729.75,3,178681.5,-306.72,-0.17,3.72,145.14,0.08,-304.86,-0.17,-26162.64,-52.33,8
841,Entry long,2026-07-14 09:53,JJ_L,29780.25,3,178681.5,-306.72,-0.17,3.72,145.14,0.08,-304.86,-0.17,-26162.64,-52.33,8
842,Exit long,2026-07-14 10:33,JJ_LX,29744.25,3,178017,444.78,0.25,3.72,446.64,0.25,-189.36,-0.11,-25717.86,-51.44,12
842,Entry long,2026-07-14 10:21,JJ_L,29669.5,3,178017,444.78,0.25,3.72,446.64,0.25,-189.36,-0.11,-25717.86,-51.44,12
843,Exit long,2026-07-14 10:43,JJ_LX,29735,3,178713,-306.72,-0.17,3.72,95.64,0.05,-304.86,-0.17,-26024.58,-52.05,5
843,Entry long,2026-07-14 10:38,JJ_L,29785.5,3,178713,-306.72,-0.17,3.72,95.64,0.05,-304.86,-0.17,-26024.58,-52.05,5
844,Exit long,2026-07-14 10:50,JJ_LX,29662,3,178275,-306.72,-0.17,3.72,0,0.00,-304.86,-0.17,-26331.3,-52.66,2
844,Entry long,2026-07-14 10:48,JJ_L,29712.5,3,178275,-306.72,-0.17,3.72,0,0.00,-304.86,-0.17,-26331.3,-52.66,2
845,Exit long,2026-07-14 11:04,JJ_LX,29805.25,3,178383,444.78,0.25,3.72,446.64,0.25,-52.86,-0.03,-25886.52,-51.77,13
845,Entry long,2026-07-14 10:51,JJ_L,29730.5,3,178383,444.78,0.25,3.72,446.64,0.25,-52.86,-0.03,-25886.52,-51.77,13
846,Exit long,2026-07-15 10:02,JJ_LX,29866,3,178747.5,444.78,0.25,3.72,446.64,0.25,-184.86,-0.10,-25441.74,-50.88,10
846,Entry long,2026-07-15 09:52,JJ_L,29791.25,3,178747.5,444.78,0.25,3.72,446.64,0.25,-184.86,-0.10,-25441.74,-50.88,10
847,Exit long,2026-07-15 10:11,JJ_LX,29836.75,3,179323.5,-306.72,-0.17,3.72,28.14,0.02,-304.86,-0.17,-25748.46,-51.50,5
847,Entry long,2026-07-15 10:06,JJ_L,29887.25,3,179323.5,-306.72,-0.17,3.72,28.14,0.02,-304.86,-0.17,-25748.46,-51.50,5
848,Exit long,2026-07-15 10:36,JJ_LX,29640.25,3,178144.5,-306.72,-0.17,3.72,272.64,0.15,-304.86,-0.17,-26055.18,-52.11,9
848,Entry long,2026-07-15 10:27,JJ_L,29690.75,3,178144.5,-306.72,-0.17,3.72,272.64,0.15,-304.86,-0.17,-26055.18,-52.11,9
849,Exit long,2026-07-15 10:49,JJ_LX,29645.5,3,177424.5,444.78,0.25,3.72,446.64,0.25,-55.86,-0.03,-25610.4,-51.22,6
849,Entry long,2026-07-15 10:43,JJ_L,29570.75,3,177424.5,444.78,0.25,3.72,446.64,0.25,-55.86,-0.03,-25610.4,-51.22,6
850,Exit long,2026-07-15 11:15,JJ_LX,29570.25,3,177724.5,-306.72,-0.17,3.72,244.14,0.14,-304.86,-0.17,-25917.12,-51.83,19
850,Entry long,2026-07-15 10:56,JJ_L,29620.75,3,177724.5,-306.72,-0.17,3.72,244.14,0.14,-304.86,-0.17,-25917.12,-51.83,19
851,Exit long,2026-07-16 10:02,JJ_LX,29413,3,176029.5,444.78,0.25,3.72,446.64,0.25,-255.36,-0.15,-25472.34,-50.94,6
851,Entry long,2026-07-16 09:56,JJ_L,29338.25,3,176029.5,444.78,0.25,3.72,446.64,0.25,-255.36,-0.15,-25472.34,-50.94,6
852,Exit long,2026-07-16 10:16,JJ_LX,29499.75,3,176550,444.78,0.25,3.72,446.64,0.25,-16.86,-0.01,-25027.56,-50.06,11
852,Entry long,2026-07-16 10:05,JJ_L,29425,3,176550,444.78,0.25,3.72,446.64,0.25,-16.86,-0.01,-25027.56,-50.06,11
853,Exit long,2026-07-16 11:13,JJ_LX,29343,3,176361,-306.72,-0.17,3.72,391.14,0.22,-304.86,-0.17,-25334.28,-50.67,17
853,Entry long,2026-07-16 10:56,JJ_L,29393.5,3,176361,-306.72,-0.17,3.72,391.14,0.22,-304.86,-0.17,-25334.28,-50.67,17
854,Exit long,2026-07-17 09:52,JJ_LX,28558.75,3,170904,444.78,0.26,3.72,446.64,0.26,-70.86,-0.04,-24889.5,-49.78,5
854,Entry long,2026-07-17 09:47,JJ_L,28484,3,170904,444.78,0.26,3.72,446.64,0.26,-70.86,-0.04,-24889.5,-49.78,5
855,Exit short,2026-07-17 10:03,JJ_SX,28772.5,3,172332,-306.72,-0.18,3.72,26.64,0.02,-304.86,-0.18,-25196.22,-50.39,2
855,Entry short,2026-07-17 10:01,JJ_S,28722,3,172332,-306.72,-0.18,3.72,26.64,0.02,-304.86,-0.18,-25196.22,-50.39,2
856,Exit short,2026-07-17 10:05,JJ_SX,28768,3,172305,-306.72,-0.18,3.72,0,0.00,-304.86,-0.18,-25502.94,-51.01,1
856,Entry short,2026-07-17 10:04,JJ_S,28717.5,3,172305,-306.72,-0.18,3.72,0,0.00,-304.86,-0.18,-25502.94,-51.01,1
857,Exit short,2026-07-17 10:25,JJ_SX,28881.25,3,172984.5,-306.72,-0.18,3.72,89.64,0.05,-304.86,-0.18,-25809.66,-51.62,5
857,Entry short,2026-07-17 10:20,JJ_S,28830.75,3,172984.5,-306.72,-0.18,3.72,89.64,0.05,-304.86,-0.18,-25809.66,-51.62,5
858,Exit short,2026-07-17 10:36,JJ_SX,28852.25,3,172810.5,-306.72,-0.18,3.72,247.14,0.14,-304.86,-0.18,-26116.38,-52.23,5
858,Entry short,2026-07-17 10:31,JJ_S,28801.75,3,172810.5,-306.72,-0.18,3.72,247.14,0.14,-304.86,-0.18,-26116.38,-52.23,5
859,Exit short,2026-07-20 09:51,JJ_SX,29095.25,3,175020,444.78,0.25,3.72,446.64,0.26,-60.36,-0.03,-25671.6,-51.34,6
859,Entry short,2026-07-20 09:45,JJ_S,29170,3,175020,444.78,0.25,3.72,446.64,0.26,-60.36,-0.03,-25671.6,-51.34,6
860,Exit short,2026-07-20 09:57,JJ_SX,28998.75,3,174441,444.78,0.25,3.72,446.64,0.26,-55.86,-0.03,-25226.82,-50.45,6
860,Entry short,2026-07-20 09:51,JJ_S,29073.5,3,174441,444.78,0.25,3.72,446.64,0.26,-55.86,-0.03,-25226.82,-50.45,6
861,Exit long,2026-07-20 10:10,JJ_LX,28965,3,174093,-306.72,-0.18,3.72,196.14,0.11,-304.86,-0.18,-25533.54,-51.07,8
861,Entry long,2026-07-20 10:02,JJ_L,29015.5,3,174093,-306.72,-0.18,3.72,196.14,0.11,-304.86,-0.18,-25533.54,-51.07,8
862,Exit long,2026-07-20 10:21,JJ_LX,28917,3,173805,-306.72,-0.18,3.72,226.14,0.13,-304.86,-0.18,-25840.26,-51.68,8
862,Entry long,2026-07-20 10:13,JJ_L,28967.5,3,173805,-306.72,-0.18,3.72,226.14,0.13,-304.86,-0.18,-25840.26,-51.68,8
863,Exit long,2026-07-20 10:29,JJ_LX,29021.25,3,173679,444.78,0.26,3.72,446.64,0.26,-63.36,-0.04,-25395.48,-50.79,7
863,Entry long,2026-07-20 10:22,JJ_L,28946.5,3,173679,444.78,0.26,3.72,446.64,0.26,-63.36,-0.04,-25395.48,-50.79,7
864,Exit long,2026-07-21 09:57,JJ_LX,29092.75,3,174859.5,-306.72,-0.18,3.72,209.64,0.12,-304.86,-0.17,-25702.2,-51.40,8
864,Entry long,2026-07-21 09:49,JJ_L,29143.25,3,174859.5,-306.72,-0.18,3.72,209.64,0.12,-304.86,-0.17,-25702.2,-51.40,8
865,Exit long,2026-07-21 10:00,JJ_LX,29188.75,3,174684,444.78,0.25,3.72,446.64,0.26,-88.86,-0.05,-25257.42,-50.51,3
865,Entry long,2026-07-21 09:57,JJ_L,29114,3,174684,444.78,0.25,3.72,446.64,0.26,-88.86,-0.05,-25257.42,-50.51,3
866,Exit long,2026-07-21 10:08,JJ_LX,29084,3,174807,-306.72,-0.18,3.72,1.14,0.00,-304.86,-0.17,-25564.14,-51.13,2
866,Entry long,2026-07-21 10:06,JJ_L,29134.5,3,174807,-306.72,-0.18,3.72,1.14,0.00,-304.86,-0.17,-25564.14,-51.13,2
867,Exit long,2026-07-21 10:16,JJ_LX,29068.5,3,174714,-306.72,-0.18,3.72,109.14,0.06,-304.86,-0.17,-25870.86,-51.74,3
867,Entry long,2026-07-21 10:13,JJ_L,29119,3,174714,-306.72,-0.18,3.72,109.14,0.06,-304.86,-0.17,-25870.86,-51.74,3
868,Exit long,2026-07-21 10:25,JJ_LX,29177.25,3,174615,444.78,0.25,3.72,446.64,0.26,-12.36,-0.01,-25426.08,-50.85,8
868,Entry long,2026-07-21 10:17,JJ_L,29102.5,3,174615,444.78,0.25,3.72,446.64,0.26,-12.36,-0.01,-25426.08,-50.85,8
869,Exit short,2026-07-22 09:53,JJ_SX,29225.75,3,175051.5,-306.72,-0.18,3.72,137.64,0.08,-304.86,-0.17,-25732.8,-51.47,6
869,Entry short,2026-07-22 09:47,JJ_S,29175.25,3,175051.5,-306.72,-0.18,3.72,137.64,0.08,-304.86,-0.17,-25732.8,-51.47,6
870,Exit short,2026-07-22 10:41,JJ_SX,29188.5,3,175579.5,444.78,0.25,3.72,446.64,0.25,-85.86,-0.05,-25288.02,-50.58,40
870,Entry short,2026-07-22 10:01,JJ_S,29263.25,3,175579.5,444.78,0.25,3.72,446.64,0.25,-85.86,-0.05,-25288.02,-50.58,40
871,Exit short,2026-07-22 10:58,JJ_SX,29239.25,3,175132.5,-306.72,-0.18,3.72,95.64,0.05,-304.86,-0.17,-25594.74,-51.19,17
871,Entry short,2026-07-22 10:41,JJ_S,29188.75,3,175132.5,-306.72,-0.18,3.72,95.64,0.05,-304.86,-0.17,-25594.74,-51.19,17
872,Exit short,2026-07-23 09:49,JJ_SX,28750.75,3,172953,444.78,0.26,3.72,446.64,0.26,-48.36,-0.03,-25149.96,-50.30,2
872,Entry short,2026-07-23 09:47,JJ_S,28825.5,3,172953,444.78,0.26,3.72,446.64,0.26,-48.36,-0.03,-25149.96,-50.30,2
873,Exit short,2026-07-23 09:58,JJ_SX,28721.75,3,172779,444.78,0.26,3.72,446.64,0.26,-27.36,-0.02,-24705.18,-49.41,3
873,Entry short,2026-07-23 09:55,JJ_S,28796.5,3,172779,444.78,0.26,3.72,446.64,0.26,-27.36,-0.02,-24705.18,-49.41,3
874,Exit short,2026-07-23 10:09,JJ_SX,28700.75,3,172653,444.78,0.26,3.72,446.64,0.26,-144.36,-0.08,-24260.4,-48.52,3
874,Entry short,2026-07-23 10:06,JJ_S,28775.5,3,172653,444.78,0.26,3.72,446.64,0.26,-144.36,-0.08,-24260.4,-48.52,3
875,Exit long,2026-07-23 11:05,JJ_LX,28556.5,3,171642,-306.72,-0.18,3.72,68.64,0.04,-304.86,-0.18,-24567.12,-49.13,9
875,Entry long,2026-07-23 10:56,JJ_L,28607,3,171642,-306.72,-0.18,3.72,68.64,0.04,-304.86,-0.18,-24567.12,-49.13,9
876,Exit long,2026-07-24 09:50,JJ_LX,28449.75,3,171001.5,-306.72,-0.18,3.72,7.14,0.00,-304.86,-0.18,-24873.84,-49.75,1
876,Entry long,2026-07-24 09:49,JJ_L,28500.25,3,171001.5,-306.72,-0.18,3.72,7.14,0.00,-304.86,-0.18,-24873.84,-49.75,1
877,Exit long,2026-07-24 10:14,JJ_LX,28448.5,3,170242.5,444.78,0.26,3.72,446.64,0.26,-276.36,-0.16,-24429.06,-48.86,14
877,Entry long,2026-07-24 10:00,JJ_L,28373.75,3,170242.5,444.78,0.26,3.72,446.64,0.26,-276.36,-0.16,-24429.06,-48.86,14
878,Exit long,2026-07-24 10:23,JJ_LX,28408,3,169999.5,444.78,0.26,3.72,446.64,0.26,-165.36,-0.10,-23984.28,-47.97,4
878,Entry long,2026-07-24 10:19,JJ_L,28333.25,3,169999.5,444.78,0.26,3.72,446.64,0.26,-165.36,-0.10,-23984.28,-47.97,4
879,Exit long,2026-07-24 10:25,JJ_LX,28369.5,3,170520,-306.72,-0.18,3.72,11.64,0.01,-304.86,-0.18,-24291,-48.58,2
879,Entry long,2026-07-24 10:23,JJ_L,28420,3,170520,-306.72,-0.18,3.72,11.64,0.01,-304.86,-0.18,-24291,-48.58,2
880,Exit long,2026-07-24 10:39,JJ_LX,28286.75,3,170023.5,-306.72,-0.18,3.72,41.64,0.02,-304.86,-0.18,-24597.72,-49.20,4
880,Entry long,2026-07-24 10:35,JJ_L,28337.25,3,170023.5,-306.72,-0.18,3.72,41.64,0.02,-304.86,-0.18,-24597.72,-49.20,4
881,Exit long,2026-07-27 09:48,JJ_LX,28422,3,170835,-306.72,-0.18,3.72,73.14,0.04,-304.86,-0.18,-24904.44,-49.81,3
881,Entry long,2026-07-27 09:45,JJ_L,28472.5,3,170835,-306.72,-0.18,3.72,73.14,0.04,-304.86,-0.18,-24904.44,-49.81,3
882,Exit long,2026-07-27 09:56,JJ_LX,28414.5,3,170790,-306.72,-0.18,3.72,230.64,0.14,-304.86,-0.18,-25211.16,-50.42,8
882,Entry long,2026-07-27 09:48,JJ_L,28465,3,170790,-306.72,-0.18,3.72,230.64,0.14,-304.86,-0.18,-25211.16,-50.42,8
883,Exit long,2026-07-27 10:01,JJ_LX,28318.25,3,170212.5,-306.72,-0.18,3.72,20.64,0.01,-304.86,-0.18,-25517.88,-51.04,1
883,Entry long,2026-07-27 10:00,JJ_L,28368.75,3,170212.5,-306.72,-0.18,3.72,20.64,0.01,-304.86,-0.18,-25517.88,-51.04,1
884,Exit long,2026-07-27 10:10,JJ_LX,28269,3,169917,-306.72,-0.18,3.72,167.64,0.10,-304.86,-0.18,-25824.6,-51.65,6
884,Entry long,2026-07-27 10:04,JJ_L,28319.5,3,169917,-306.72,-0.18,3.72,167.64,0.10,-304.86,-0.18,-25824.6,-51.65,6
885,Exit long,2026-07-27 10:20,JJ_LX,28223.25,3,169642.5,-306.72,-0.18,3.72,148.14,0.09,-304.86,-0.18,-26131.32,-52.26,8
885,Entry long,2026-07-27 10:12,JJ_L,28273.75,3,169642.5,-306.72,-0.18,3.72,148.14,0.09,-304.86,-0.18,-26131.32,-52.26,8
886,Exit long,2026-07-28 09:55,JJ_LX,27677,3,166365,-306.72,-0.18,3.72,419.64,0.25,-304.86,-0.18,-26438.04,-52.88,7
886,Entry long,2026-07-28 09:48,JJ_L,27727.5,3,166365,-306.72,-0.18,3.72,419.64,0.25,-304.86,-0.18,-26438.04,-52.88,7
887,Exit long,2026-07-28 09:59,JJ_LX,27658.25,3,166252.5,-306.72,-0.18,3.72,83.64,0.05,-304.86,-0.18,-26744.76,-53.49,3
887,Entry long,2026-07-28 09:56,JJ_L,27708.75,3,166252.5,-306.72,-0.18,3.72,83.64,0.05,-304.86,-0.18,-26744.76,-53.49,3
888,Exit long,2026-07-28 10:08,JJ_LX,27675.5,3,166356,-306.72,-0.18,3.72,400.14,0.24,-304.86,-0.18,-27051.48,-54.10,8
888,Entry long,2026-07-28 10:00,JJ_L,27726,3,166356,-306.72,-0.18,3.72,400.14,0.24,-304.86,-0.18,-27051.48,-54.10,8
889,Exit long,2026-07-28 10:12,JJ_LX,27673,3,166341,-306.72,-0.18,3.72,44.64,0.03,-304.86,-0.18,-27358.2,-54.72,1
889,Entry long,2026-07-28 10:11,JJ_L,27723.5,3,166341,-306.72,-0.18,3.72,44.64,0.03,-304.86,-0.18,-27358.2,-54.72,1
890,Exit long,2026-07-28 10:22,JJ_LX,27625.75,3,166057.5,-306.72,-0.18,3.72,68.64,0.04,-304.86,-0.18,-27664.92,-55.33,1
890,Entry long,2026-07-28 10:21,JJ_L,27676.25,3,166057.5,-306.72,-0.18,3.72,68.64,0.04,-304.86,-0.18,-27664.92,-55.33,1
891,Exit long,2026-07-29 09:55,JJ_LX,27721.25,3,166630.5,-306.72,-0.18,3.72,50.64,0.03,-304.86,-0.18,-27971.64,-55.94,2
891,Entry long,2026-07-29 09:53,JJ_L,27771.75,3,166630.5,-306.72,-0.18,3.72,50.64,0.03,-304.86,-0.18,-27971.64,-55.94,2
892,Exit long,2026-07-29 10:05,JJ_LX,27806,3,166387.5,444.78,0.27,3.72,446.64,0.27,-151.86,-0.09,-27526.86,-55.05,7
892,Entry long,2026-07-29 09:58,JJ_L,27731.25,3,166387.5,444.78,0.27,3.72,446.64,0.27,-151.86,-0.09,-27526.86,-55.05,7
893,Exit long,2026-07-29 10:40,JJ_LX,27550,3,165603,-306.72,-0.19,3.72,308.64,0.19,-304.86,-0.18,-27833.58,-55.67,10
893,Entry long,2026-07-29 10:30,JJ_L,27600.5,3,165603,-306.72,-0.19,3.72,308.64,0.19,-304.86,-0.18,-27833.58,-55.67,10
894,Exit long,2026-07-29 11:02,JJ_LX,27641,3,165397.5,444.78,0.27,3.72,446.64,0.27,-94.86,-0.06,-27388.8,-54.78,13
894,Entry long,2026-07-29 10:49,JJ_L,27566.25,3,165397.5,444.78,0.27,3.72,446.64,0.27,-94.86,-0.06,-27388.8,-54.78,13
895,Exit short,2026-07-30 09:59,JJ_SX,28143.75,3,168559.5,-306.72,-0.18,3.72,254.64,0.15,-304.86,-0.18,-27695.52,-55.39,8
895,Entry short,2026-07-30 09:51,JJ_S,28093.25,3,168559.5,-306.72,-0.18,3.72,254.64,0.15,-304.86,-0.18,-27695.52,-55.39,8
896,Exit short,2026-07-30 10:08,JJ_SX,28085.25,3,168960,444.78,0.26,3.72,446.64,0.26,-37.86,-0.02,-27250.74,-54.50,4
896,Entry short,2026-07-30 10:04,JJ_S,28160,3,168960,444.78,0.26,3.72,446.64,0.26,-37.86,-0.02,-27250.74,-54.50,4
897,Exit short,2026-07-30 10:23,JJ_SX,28167.5,3,168702,-306.72,-0.18,3.72,220.14,0.13,-304.86,-0.18,-27557.46,-55.11,6
897,Entry short,2026-07-30 10:17,JJ_S,28117,3,168702,-306.72,-0.18,3.72,220.14,0.13,-304.86,-0.18,-27557.46,-55.11,6
898,Exit short,2026-07-30 10:48,JJ_SX,28132.5,3,169243.5,444.78,0.26,3.72,446.64,0.26,-222.36,-0.13,-27112.68,-54.23,13
898,Entry short,2026-07-30 10:35,JJ_S,28207.25,3,169243.5,444.78,0.26,3.72,446.64,0.26,-222.36,-0.13,-27112.68,-54.23,13
899,Exit short,2026-07-30 10:54,JJ_SX,28067,3,168850.5,444.78,0.26,3.72,446.64,0.26,-84.36,-0.05,-26667.9,-53.34,4
899,Entry short,2026-07-30 10:50,JJ_S,28141.75,3,168850.5,444.78,0.26,3.72,446.64,0.26,-84.36,-0.05,-26667.9,-53.34,4
900,Exit long,2026-07-31 09:52,JJ_LX,28342,3,170355,-306.72,-0.18,3.72,92.64,0.05,-304.86,-0.18,-26974.62,-53.95,1
900,Entry long,2026-07-31 09:51,JJ_L,28392.5,3,170355,-306.72,-0.18,3.72,92.64,0.05,-304.86,-0.18,-26974.62,-53.95,1
901,Exit long,2026-07-31 10:01,JJ_LX,28310.75,3,170167.5,-306.72,-0.18,3.72,326.64,0.19,-304.86,-0.18,-27281.34,-54.56,6
901,Entry long,2026-07-31 09:55,JJ_L,28361.25,3,170167.5,-306.72,-0.18,3.72,326.64,0.19,-304.86,-0.18,-27281.34,-54.56,6
902,Exit long,2026-07-31 10:13,JJ_LX,28119.25,3,169018.5,-306.72,-0.18,3.72,133.14,0.08,-304.86,-0.18,-27588.06,-55.18,2
902,Entry long,2026-07-31 10:11,JJ_L,28169.75,3,169018.5,-306.72,-0.18,3.72,133.14,0.08,-304.86,-0.18,-27588.06,-55.18,2
903,Exit long,2026-07-31 10:31,JJ_LX,28268.5,3,169162.5,444.78,0.26,3.72,446.64,0.26,-243.36,-0.14,-27143.28,-54.29,13
903,Entry long,2026-07-31 10:18,JJ_L,28193.75,3,169162.5,444.78,0.26,3.72,446.64,0.26,-243.36,-0.14,-27143.28,-54.29,13
904,Exit long,2026-07-31 10:49,JJ_LX,28332,3,169543.5,444.78,0.26,3.72,446.64,0.26,-280.86,-0.17,-26698.5,-53.40,17
904,Entry long,2026-07-31 10:32,JJ_L,28257.25,3,169543.5,444.78,0.26,3.72,446.64,0.26,-280.86,-0.17,-26698.5,-53.40,17