Trade number,Type,Date and time,Signal,Price USD,Size (qty),Size (value),Net PnL USD,Return %,Commission USD,Favorable excursion USD,Favorable excursion %,Adverse excursion USD,Adverse excursion %,Cumulative PnL USD,Cumulative PnL %,Duration (bars)
1,Exit long,2025-08-04 09:42,L930X,23174,3,138595.5,444.78,0.32,3.72,446.64,0.32,-64.86,-0.05,444.78,0.89,12
1,Entry long,2025-08-04 09:30,L930,23099.25,3,138595.5,444.78,0.32,3.72,446.64,0.32,-64.86,-0.05,444.78,0.89,12
2,Exit short,2025-08-04 09:57,S948X,23241.25,6,278589,-313.44,-0.11,7.44,203.28,0.07,-309.72,-0.11,131.34,0.26,9
2,Entry short,2025-08-04 09:48,S948,23215.75,6,278589,-313.44,-0.11,7.44,203.28,0.07,-309.72,-0.11,131.34,0.26,9
3,Exit short,2025-08-04 10:51,S963X,23202.75,6,278880,439.56,0.16,7.44,443.28,0.16,-264.72,-0.09,570.9,1.14,48
3,Entry short,2025-08-04 10:03,S963,23240,6,278880,439.56,0.16,7.44,443.28,0.16,-264.72,-0.09,570.9,1.14,48
4,Exit long,2025-08-04 15:55,flat 15:55,23288.75,6,279291,166.56,0.06,7.44,293.28,0.11,-264.72,-0.09,737.46,1.47,115
4,Entry long,2025-08-04 14:00,L1200,23274.25,6,279291,166.56,0.06,7.44,293.28,0.11,-264.72,-0.09,737.46,1.47,115
5,Exit short,2025-08-05 09:38,S2310X,23356,3,139833,-306.72,-0.22,3.72,10.14,0.01,-304.86,-0.22,430.74,0.86,8
5,Entry short,2025-08-05 09:30,S2310,23305.5,3,139833,-306.72,-0.22,3.72,10.14,0.01,-304.86,-0.22,430.74,0.86,8
6,Exit short,2025-08-05 10:00,S2329X,23344,6,280575,439.56,0.16,7.44,443.28,0.16,-141.72,-0.05,870.3,1.74,11
6,Entry short,2025-08-05 09:49,S2329,23381.25,6,280575,439.56,0.16,7.44,443.28,0.16,-141.72,-0.05,870.3,1.74,11
7,Exit long,2025-08-05 10:22,L2359X,23284.5,6,279720,-313.44,-0.11,7.44,0,0.00,-309.72,-0.11,556.86,1.11,3
7,Entry long,2025-08-05 10:19,L2359,23310,6,279720,-313.44,-0.11,7.44,0,0.00,-309.72,-0.11,556.86,1.11,3
8,Exit long,2025-08-05 10:34,L2368X,23251,6,279318,-313.44,-0.11,7.44,176.28,0.06,-309.72,-0.11,243.42,0.49,6
8,Entry long,2025-08-05 10:28,L2368,23276.5,6,279318,-313.44,-0.11,7.44,176.28,0.06,-309.72,-0.11,243.42,0.49,6
9,Exit long,2025-08-05 11:03,L2392X,23203,6,277989,439.56,0.16,7.44,443.28,0.16,-174.72,-0.06,682.98,1.37,11
9,Entry long,2025-08-05 10:52,L2392,23165.75,6,277989,439.56,0.16,7.44,443.28,0.16,-174.72,-0.06,682.98,1.37,11
10,Exit long,2025-08-05 14:15,L2580X,23218,6,278922,-313.44,-0.11,7.44,59.28,0.02,-309.72,-0.11,369.54,0.74,15
10,Entry long,2025-08-05 14:00,L2580,23243.5,6,278922,-313.44,-0.11,7.44,59.28,0.02,-309.72,-0.11,369.54,0.74,15
11,Exit long,2025-08-05 14:48,L2623X,23139.5,6,277980,-313.44,-0.11,7.44,92.28,0.03,-309.72,-0.11,56.1,0.11,5
11,Entry long,2025-08-05 14:43,L2623,23165,6,277980,-313.44,-0.11,7.44,92.28,0.03,-309.72,-0.11,56.1,0.11,5
12,Exit long,2025-08-05 14:52,L2629X,23128.75,6,277851,-313.44,-0.11,7.44,35.28,0.01,-309.72,-0.11,-257.34,-0.51,3
12,Entry long,2025-08-05 14:49,L2629,23154.25,6,277851,-313.44,-0.11,7.44,35.28,0.01,-309.72,-0.11,-257.34,-0.51,3
13,Exit long,2025-08-05 15:30,L2637X,23176.75,6,277674,439.56,0.16,7.44,443.28,0.16,-30.72,-0.01,182.22,0.36,33
13,Entry long,2025-08-05 14:57,L2637,23139.5,6,277674,439.56,0.16,7.44,443.28,0.16,-30.72,-0.01,182.22,0.36,33
14,Exit short,2025-08-06 09:33,S3690X,23217,3,138999,-306.72,-0.22,3.72,13.14,0.01,-304.86,-0.22,-124.5,-0.25,3
14,Entry short,2025-08-06 09:30,S3690,23166.5,3,138999,-306.72,-0.22,3.72,13.14,0.01,-304.86,-0.22,-124.5,-0.25,3
15,Exit long,2025-08-06 09:36,L3694X,23194.5,6,278640,-313.44,-0.11,7.44,92.28,0.03,-309.72,-0.11,-437.94,-0.88,2
15,Entry long,2025-08-06 09:34,L3694,23220,6,278640,-313.44,-0.11,7.44,92.28,0.03,-309.72,-0.11,-437.94,-0.88,2
16,Exit short,2025-08-06 10:04,S3709X,23268,3,139305,-306.72,-0.22,3.72,262.14,0.19,-304.86,-0.22,-744.66,-1.49,15
16,Entry short,2025-08-06 09:49,S3709,23217.5,3,139305,-306.72,-0.22,3.72,262.14,0.19,-304.86,-0.22,-744.66,-1.49,15
17,Exit short,2025-08-06 10:21,S3728X,23198,3,139636.5,444.78,0.32,3.72,446.64,0.32,-57.36,-0.04,-299.88,-0.60,13
17,Entry short,2025-08-06 10:08,S3728,23272.75,3,139636.5,444.78,0.32,3.72,446.64,0.32,-57.36,-0.04,-299.88,-0.60,13
18,Exit short,2025-08-06 10:34,S3752X,23206.5,6,278172,-313.44,-0.11,7.44,14.28,0.01,-309.72,-0.11,-613.32,-1.23,2
18,Entry short,2025-08-06 10:32,S3752,23181,6,278172,-313.44,-0.11,7.44,14.28,0.01,-309.72,-0.11,-613.32,-1.23,2
19,Exit short,2025-08-06 11:00,S3762X,23290.75,3,139441.5,-306.72,-0.22,3.72,82.14,0.06,-304.86,-0.22,-920.04,-1.84,18
19,Entry short,2025-08-06 10:42,S3762,23240.25,3,139441.5,-306.72,-0.22,3.72,82.14,0.06,-304.86,-0.22,-920.04,-1.84,18
20,Exit long,2025-08-06 14:22,L3960X,23417.5,6,280563,439.56,0.16,7.44,443.28,0.16,-63.72,-0.02,-480.48,-0.96,22
20,Entry long,2025-08-06 14:00,L3960,23380.25,6,280563,439.56,0.16,7.44,443.28,0.16,-63.72,-0.02,-480.48,-0.96,22
21,Exit short,2025-08-06 15:20,S3985X,23439,6,280962,-313.44,-0.11,7.44,38.28,0.01,-309.72,-0.11,-793.92,-1.59,55
21,Entry short,2025-08-06 14:25,S3985,23413.5,6,280962,-313.44,-0.11,7.44,38.28,0.01,-309.72,-0.11,-793.92,-1.59,55
22,Exit short,2025-08-07 09:31,S5070X,23614.5,6,283068,-313.44,-0.11,7.44,71.28,0.03,-309.72,-0.11,-1107.36,-2.21,1
22,Entry short,2025-08-07 09:30,S5070,23589,6,283068,-313.44,-0.11,7.44,71.28,0.03,-309.72,-0.11,-1107.36,-2.21,1
23,Exit long,2025-08-07 09:41,L5071X,23646.25,6,283308,439.56,0.16,7.44,443.28,0.16,-219.72,-0.08,-667.8,-1.34,10
23,Entry long,2025-08-07 09:31,L5071,23609,6,283308,439.56,0.16,7.44,443.28,0.16,-219.72,-0.08,-667.8,-1.34,10
24,Exit short,2025-08-07 09:46,S5082X,23571.5,6,283305,439.56,0.16,7.44,443.28,0.16,-48.72,-0.02,-228.24,-0.46,4
24,Entry short,2025-08-07 09:42,S5082,23608.75,6,283305,439.56,0.16,7.44,443.28,0.16,-48.72,-0.02,-228.24,-0.46,4
25,Exit short,2025-08-07 10:10,S5101X,23594.75,6,283584,439.56,0.15,7.44,443.28,0.16,-288.72,-0.10,211.32,0.42,9
25,Entry short,2025-08-07 10:01,S5101,23632,6,283584,439.56,0.15,7.44,443.28,0.16,-288.72,-0.10,211.32,0.42,9
26,Exit long,2025-08-07 11:04,L5128X,23514,3,141387,-306.72,-0.22,3.72,173.64,0.12,-304.86,-0.22,-95.4,-0.19,36
26,Entry long,2025-08-07 10:28,L5128,23564.5,3,141387,-306.72,-0.22,3.72,173.64,0.12,-304.86,-0.22,-95.4,-0.19,36
27,Exit long,2025-08-07 14:02,L5340X,23401.5,6,281124,-313.44,-0.11,7.44,2.28,0.00,-309.72,-0.11,-408.84,-0.82,2
27,Entry long,2025-08-07 14:00,L5340,23427,6,281124,-313.44,-0.11,7.44,2.28,0.00,-309.72,-0.11,-408.84,-0.82,2
28,Exit long,2025-08-07 14:07,L5343X,23399.75,6,281103,-313.44,-0.11,7.44,41.28,0.01,-309.72,-0.11,-722.28,-1.44,4
28,Entry long,2025-08-07 14:03,L5343,23425.25,6,281103,-313.44,-0.11,7.44,41.28,0.01,-309.72,-0.11,-722.28,-1.44,4
29,Exit long,2025-08-07 14:38,L5360X,23377.25,6,280080,439.56,0.16,7.44,443.28,0.16,-123.72,-0.04,-282.72,-0.57,18
29,Entry long,2025-08-07 14:20,L5360,23340,6,280080,439.56,0.16,7.44,443.28,0.16,-123.72,-0.04,-282.72,-0.57,18
30,Exit long,2025-08-07 14:43,L5378X,23356.25,6,280581,-313.44,-0.11,7.44,8.28,0.00,-309.72,-0.11,-596.16,-1.19,5
30,Entry long,2025-08-07 14:38,L5378,23381.75,6,280581,-313.44,-0.11,7.44,8.28,0.00,-309.72,-0.11,-596.16,-1.19,5
31,Exit long,2025-08-07 14:53,L5386X,23397.5,6,280323,439.56,0.16,7.44,443.28,0.16,-18.72,-0.01,-156.6,-0.31,7
31,Entry long,2025-08-07 14:46,L5386,23360.25,6,280323,439.56,0.16,7.44,443.28,0.16,-18.72,-0.01,-156.6,-0.31,7
32,Exit long,2025-08-08 09:47,L6450X,23637,3,141373.5,444.78,0.31,3.72,446.64,0.32,-195.36,-0.14,288.18,0.58,17
32,Entry long,2025-08-08 09:30,L6450,23562.25,3,141373.5,444.78,0.31,3.72,446.64,0.32,-195.36,-0.14,288.18,0.58,17
33,Exit short,2025-08-08 10:06,S6469X,23653.75,6,283539,-313.44,-0.11,7.44,182.28,0.06,-309.72,-0.11,-25.26,-0.05,17
33,Entry short,2025-08-08 09:49,S6469,23628.25,6,283539,-313.44,-0.11,7.44,182.28,0.06,-309.72,-0.11,-25.26,-0.05,17
34,Exit short,2025-08-08 10:27,S6491X,23680.25,6,283857,-313.44,-0.11,7.44,338.28,0.12,-309.72,-0.11,-338.7,-0.68,16
34,Entry short,2025-08-08 10:11,S6491,23654.75,6,283857,-313.44,-0.11,7.44,338.28,0.12,-309.72,-0.11,-338.7,-0.68,16
35,Exit short,2025-08-08 11:35,S6521X,23641.5,6,284145,439.56,0.15,7.44,443.28,0.16,-135.72,-0.05,100.86,0.20,54
35,Entry short,2025-08-08 10:41,S6521,23678.75,6,284145,439.56,0.15,7.44,443.28,0.16,-135.72,-0.05,100.86,0.20,54
36,Exit long,2025-08-08 14:26,L6720X,23690,6,284586,-313.44,-0.11,7.44,104.28,0.04,-309.72,-0.11,-212.58,-0.43,26
36,Entry long,2025-08-08 14:00,L6720,23715.5,6,284586,-313.44,-0.11,7.44,104.28,0.04,-309.72,-0.11,-212.58,-0.43,26
37,Exit short,2025-08-08 15:42,S6757X,23688.5,9,426834,429.84,0.10,11.16,435.42,0.10,-154.08,-0.04,217.26,0.43,65
37,Entry short,2025-08-08 14:37,S6757,23713,9,426834,429.84,0.10,11.16,435.42,0.10,-154.08,-0.04,217.26,0.43,65
38,Exit long,2025-08-11 09:31,L7830X,23694.5,6,284640,-313.44,-0.11,7.44,23.28,0.01,-309.72,-0.11,-96.18,-0.19,1
38,Entry long,2025-08-11 09:30,L7830,23720,6,284640,-313.44,-0.11,7.44,23.28,0.01,-309.72,-0.11,-96.18,-0.19,1
39,Exit short,2025-08-11 09:40,S7831X,23718.75,6,284319,-313.44,-0.11,7.44,143.28,0.05,-309.72,-0.11,-409.62,-0.82,9
39,Entry short,2025-08-11 09:31,S7831,23693.25,6,284319,-313.44,-0.11,7.44,143.28,0.05,-309.72,-0.11,-409.62,-0.82,9
40,Exit short,2025-08-11 10:17,S7863X,23760,6,284814,-313.44,-0.11,7.44,137.28,0.05,-309.72,-0.11,-723.06,-1.45,14
40,Entry short,2025-08-11 10:03,S7863,23734.5,6,284814,-313.44,-0.11,7.44,137.28,0.05,-309.72,-0.11,-723.06,-1.45,14
41,Exit short,2025-08-11 11:06,S7880X,23716.5,6,285045,439.56,0.15,7.44,443.28,0.16,-168.72,-0.06,-283.5,-0.57,46
41,Entry short,2025-08-11 10:20,S7880,23753.75,6,285045,439.56,0.15,7.44,443.28,0.16,-168.72,-0.06,-283.5,-0.57,46
42,Exit short,2025-08-11 14:45,S8100X,23650.75,6,284256,439.56,0.15,7.44,443.28,0.16,-162.72,-0.06,156.06,0.31,45
42,Entry short,2025-08-11 14:00,S8100,23688,6,284256,439.56,0.15,7.44,443.28,0.16,-162.72,-0.06,156.06,0.31,45
43,Exit long,2025-08-11 15:15,L8149X,23658.75,6,284211,-313.44,-0.11,7.44,92.28,0.03,-309.72,-0.11,-157.38,-0.31,26
43,Entry long,2025-08-11 14:49,L8149,23684.25,6,284211,-313.44,-0.11,7.44,92.28,0.03,-309.72,-0.11,-157.38,-0.31,26
44,Exit long,2025-08-12 09:49,L9210X,23688.5,3,142434,-306.72,-0.22,3.72,415.14,0.29,-304.86,-0.21,-464.1,-0.93,19
44,Entry long,2025-08-12 09:30,L9210,23739,3,142434,-306.72,-0.22,3.72,415.14,0.29,-304.86,-0.21,-464.1,-0.93,19
45,Exit long,2025-08-12 09:58,L9233X,23659.5,3,142260,-306.72,-0.22,3.72,86.64,0.06,-304.86,-0.21,-770.82,-1.54,5
45,Entry long,2025-08-12 09:53,L9233,23710,3,142260,-306.72,-0.22,3.72,86.64,0.06,-304.86,-0.21,-770.82,-1.54,5
46,Exit long,2025-08-12 10:15,L9244X,23738.5,3,141982.5,444.78,0.31,3.72,446.64,0.31,-36.36,-0.03,-326.04,-0.65,11
46,Entry long,2025-08-12 10:04,L9244,23663.75,3,141982.5,444.78,0.31,3.72,446.64,0.31,-36.36,-0.03,-326.04,-0.65,11
47,Exit short,2025-08-12 10:51,S9271X,23770.75,6,284943,-313.44,-0.11,7.44,149.28,0.05,-309.72,-0.11,-639.48,-1.28,20
47,Entry short,2025-08-12 10:31,S9271,23745.25,6,284943,-313.44,-0.11,7.44,149.28,0.05,-309.72,-0.11,-639.48,-1.28,20
48,Exit short,2025-08-12 11:01,S9294X,23789.25,6,285165,-313.44,-0.11,7.44,236.28,0.08,-309.72,-0.11,-952.92,-1.91,7
48,Entry short,2025-08-12 10:54,S9294,23763.75,6,285165,-313.44,-0.11,7.44,236.28,0.08,-309.72,-0.11,-952.92,-1.91,7
49,Exit long,2025-08-12 15:55,flat 15:55,23941.75,6,287022,271.56,0.09,7.44,365.28,0.13,-213.72,-0.07,-681.36,-1.36,115
49,Entry long,2025-08-12 14:00,L9480,23918.5,6,287022,271.56,0.09,7.44,365.28,0.13,-213.72,-0.07,-681.36,-1.36,115
50,Exit short,2025-08-13 09:32,S10590X,24056.75,6,288375,-313.44,-0.11,7.44,26.28,0.01,-309.72,-0.11,-994.8,-1.99,2
50,Entry short,2025-08-13 09:30,S10590,24031.25,6,288375,-313.44,-0.11,7.44,26.28,0.01,-309.72,-0.11,-994.8,-1.99,2
51,Exit long,2025-08-13 10:00,L10617X,24006.5,6,288384,-313.44,-0.11,7.44,0,0.00,-309.72,-0.11,-1308.24,-2.62,3
51,Entry long,2025-08-13 09:57,L10617,24032,6,288384,-313.44,-0.11,7.44,0,0.00,-309.72,-0.11,-1308.24,-2.62,3
52,Exit long,2025-08-13 10:12,L10625X,23978.25,6,288045,-313.44,-0.11,7.44,125.28,0.04,-309.72,-0.11,-1621.68,-3.24,7
52,Entry long,2025-08-13 10:05,L10625,24003.75,6,288045,-313.44,-0.11,7.44,125.28,0.04,-309.72,-0.11,-1621.68,-3.24,7
53,Exit long,2025-08-13 10:25,L10634X,23969.5,6,287940,-313.44,-0.11,7.44,116.28,0.04,-309.72,-0.11,-1935.12,-3.87,11
53,Entry long,2025-08-13 10:14,L10634,23995,6,287940,-313.44,-0.11,7.44,116.28,0.04,-309.72,-0.11,-1935.12,-3.87,11
54,Exit long,2025-08-13 10:46,L10650X,23938,6,287562,-313.44,-0.11,7.44,113.28,0.04,-309.72,-0.11,-2248.56,-4.50,16
54,Entry long,2025-08-13 10:30,L10650,23963.5,6,287562,-313.44,-0.11,7.44,113.28,0.04,-309.72,-0.11,-2248.56,-4.50,16
55,Exit long,2025-08-13 11:07,L10668X,23922.25,6,287373,-313.44,-0.11,7.44,263.28,0.09,-309.72,-0.11,-2562,-5.12,19
55,Entry long,2025-08-13 10:48,L10668,23947.75,6,287373,-313.44,-0.11,7.44,263.28,0.09,-309.72,-0.11,-2562,-5.12,19
56,Exit short,2025-08-13 14:37,S10860X,23900,6,287247,439.56,0.15,7.44,443.28,0.15,-207.72,-0.07,-2122.44,-4.24,37
56,Entry short,2025-08-13 14:00,S10860,23937.25,6,287247,439.56,0.15,7.44,443.28,0.15,-207.72,-0.07,-2122.44,-4.24,37
57,Exit long,2025-08-13 15:55,flat 15:55,23949.25,6,287106,277.56,0.10,7.44,338.28,0.12,-171.72,-0.06,-1844.88,-3.69,73
57,Entry long,2025-08-13 14:42,L10902,23925.5,6,287106,277.56,0.10,7.44,338.28,0.12,-171.72,-0.06,-1844.88,-3.69,73
58,Exit short,2025-08-14 09:34,S11970X,23897.25,3,143080.5,-306.72,-0.21,3.72,31.14,0.02,-304.86,-0.21,-2151.6,-4.30,4
58,Entry short,2025-08-14 09:30,S11970,23846.75,3,143080.5,-306.72,-0.21,3.72,31.14,0.02,-304.86,-0.21,-2151.6,-4.30,4
59,Exit long,2025-08-14 09:50,L11974X,23940.75,6,286842,439.56,0.15,7.44,443.28,0.15,-93.72,-0.03,-1712.04,-3.42,16
59,Entry long,2025-08-14 09:34,L11974,23903.5,6,286842,439.56,0.15,7.44,443.28,0.15,-93.72,-0.03,-1712.04,-3.42,16
60,Exit short,2025-08-14 10:30,S11993X,23957,6,287178,-313.44,-0.11,7.44,401.28,0.14,-309.72,-0.11,-2025.48,-4.05,37
60,Entry short,2025-08-14 09:53,S11993,23931.5,6,287178,-313.44,-0.11,7.44,401.28,0.14,-309.72,-0.11,-2025.48,-4.05,37
61,Exit short,2025-08-14 10:57,S12050X,23949.75,6,287844,439.56,0.15,7.44,443.28,0.15,-63.72,-0.02,-1585.92,-3.17,7
61,Entry short,2025-08-14 10:50,S12050,23987,6,287844,439.56,0.15,7.44,443.28,0.15,-63.72,-0.02,-1585.92,-3.17,7
62,Exit short,2025-08-14 11:24,S12057X,23910.5,6,287373,439.56,0.15,7.44,443.28,0.15,-159.72,-0.06,-1146.36,-2.29,27
62,Entry short,2025-08-14 10:57,S12057,23947.75,6,287373,439.56,0.15,7.44,443.28,0.15,-159.72,-0.06,-1146.36,-2.29,27
63,Exit short,2025-08-14 14:14,S12240X,23915.25,6,287430,439.56,0.15,7.44,443.28,0.15,-51.72,-0.02,-706.8,-1.41,14
63,Entry short,2025-08-14 14:00,S12240,23952.5,6,287430,439.56,0.15,7.44,443.28,0.15,-51.72,-0.02,-706.8,-1.41,14
64,Exit long,2025-08-14 15:45,L12257X,23951,6,286965,439.56,0.15,7.44,443.28,0.15,-267.72,-0.09,-267.24,-0.53,88
64,Entry long,2025-08-14 14:17,L12257,23913.75,6,286965,439.56,0.15,7.44,443.28,0.15,-267.72,-0.09,-267.24,-0.53,88
65,Exit short,2025-08-15 09:49,S13350X,23786.25,3,143166,444.78,0.31,3.72,446.64,0.31,-160.86,-0.11,177.54,0.36,19
65,Entry short,2025-08-15 09:30,S13350,23861,3,143166,444.78,0.31,3.72,446.64,0.31,-160.86,-0.11,177.54,0.36,19
66,Exit long,2025-08-15 10:00,L13375X,23776.5,6,285624,-313.44,-0.11,7.44,140.28,0.05,-309.72,-0.11,-135.9,-0.27,5
66,Entry long,2025-08-15 09:55,L13375,23802,6,285624,-313.44,-0.11,7.44,140.28,0.05,-309.72,-0.11,-135.9,-0.27,5
67,Exit long,2025-08-15 11:39,L13381X,23785.5,3,143016,-306.72,-0.21,3.72,281.64,0.20,-304.86,-0.21,-442.62,-0.89,98
67,Entry long,2025-08-15 10:01,L13381,23836,3,143016,-306.72,-0.21,3.72,281.64,0.20,-304.86,-0.21,-442.62,-0.89,98
68,Exit long,2025-08-15 14:03,L13620X,23815,6,286086,-313.44,-0.11,7.44,14.28,0.00,-309.72,-0.11,-756.06,-1.51,3
68,Entry long,2025-08-15 14:00,L13620,23840.5,6,286086,-313.44,-0.11,7.44,14.28,0.00,-309.72,-0.11,-756.06,-1.51,3
69,Exit short,2025-08-15 15:03,S13623X,23785.75,6,285876,439.56,0.15,7.44,443.28,0.16,-192.72,-0.07,-316.5,-0.63,60
69,Entry short,2025-08-15 14:03,S13623,23823,6,285876,439.56,0.15,7.44,443.28,0.16,-192.72,-0.07,-316.5,-0.63,60
70,Exit long,2025-08-18 09:51,L14730X,23751.5,3,142812,-306.72,-0.21,3.72,95.64,0.07,-304.86,-0.21,-623.22,-1.25,21
70,Entry long,2025-08-18 09:30,L14730,23802,3,142812,-306.72,-0.21,3.72,95.64,0.07,-304.86,-0.21,-623.22,-1.25,21
71,Exit long,2025-08-18 09:58,L14753X,23738.75,6,285171,-313.44,-0.11,7.44,59.28,0.02,-309.72,-0.11,-936.66,-1.87,5
71,Entry long,2025-08-18 09:53,L14753,23764.25,6,285171,-313.44,-0.11,7.44,59.28,0.02,-309.72,-0.11,-936.66,-1.87,5
72,Exit short,2025-08-18 10:45,S14788X,23749.75,6,285444,439.56,0.15,7.44,443.28,0.16,-48.72,-0.02,-497.1,-0.99,17
72,Entry short,2025-08-18 10:28,S14788,23787,6,285444,439.56,0.15,7.44,443.28,0.16,-48.72,-0.02,-497.1,-0.99,17
73,Exit short,2025-08-18 14:31,S15000X,23776.75,6,285015,-313.44,-0.11,7.44,17.28,0.01,-309.72,-0.11,-810.54,-1.62,31
73,Entry short,2025-08-18 14:00,S15000,23751.25,6,285015,-313.44,-0.11,7.44,17.28,0.01,-309.72,-0.11,-810.54,-1.62,31
74,Exit short,2025-08-18 14:50,S15039X,23790.5,9,427923,-317.16,-0.07,11.16,88.92,0.02,-311.58,-0.07,-1127.7,-2.26,11
74,Entry short,2025-08-18 14:39,S15039,23773.5,9,427923,-317.16,-0.07,11.16,88.92,0.02,-311.58,-0.07,-1127.7,-2.26,11
75,Exit short,2025-08-18 15:08,S15058X,23810,9,428274,-317.16,-0.07,11.16,34.92,0.01,-311.58,-0.07,-1444.86,-2.89,10
75,Entry short,2025-08-18 14:58,S15058,23793,9,428274,-317.16,-0.07,11.16,34.92,0.01,-311.58,-0.07,-1444.86,-2.89,10
76,Exit short,2025-08-19 09:32,S16110X,23717.5,6,285057,439.56,0.15,7.44,443.28,0.16,-39.72,-0.01,-1005.3,-2.01,2
76,Entry short,2025-08-19 09:30,S16110,23754.75,6,285057,439.56,0.15,7.44,443.28,0.16,-39.72,-0.01,-1005.3,-2.01,2
77,Exit short,2025-08-19 09:40,S16112X,23718,6,284310,-313.44,-0.11,7.44,386.28,0.14,-309.72,-0.11,-1318.74,-2.64,8
77,Entry short,2025-08-19 09:32,S16112,23692.5,6,284310,-313.44,-0.11,7.44,386.28,0.14,-309.72,-0.11,-1318.74,-2.64,8
78,Exit long,2025-08-19 09:44,L16120X,23683.5,6,284508,-313.44,-0.11,7.44,260.28,0.09,-309.72,-0.11,-1632.18,-3.26,4
78,Entry long,2025-08-19 09:40,L16120,23709,6,284508,-313.44,-0.11,7.44,260.28,0.09,-309.72,-0.11,-1632.18,-3.26,4
79,Exit long,2025-08-19 10:09,L16133X,23728,6,284289,439.56,0.15,7.44,443.28,0.16,-231.72,-0.08,-1192.62,-2.39,16
79,Entry long,2025-08-19 09:53,L16133,23690.75,6,284289,439.56,0.15,7.44,443.28,0.16,-231.72,-0.08,-1192.62,-2.39,16
80,Exit long,2025-08-19 10:14,L16149X,23700,6,284706,-313.44,-0.11,7.44,23.28,0.01,-309.72,-0.11,-1506.06,-3.01,5
80,Entry long,2025-08-19 10:09,L16149,23725.5,6,284706,-313.44,-0.11,7.44,23.28,0.01,-309.72,-0.11,-1506.06,-3.01,5
81,Exit long,2025-08-19 10:36,L16172X,23620.75,6,283755,-313.44,-0.11,7.44,149.28,0.05,-309.72,-0.11,-1819.5,-3.64,4
81,Entry long,2025-08-19 10:32,L16172,23646.25,6,283755,-313.44,-0.11,7.44,149.28,0.05,-309.72,-0.11,-1819.5,-3.64,4
82,Exit long,2025-08-19 10:43,L16180X,23590.25,6,283389,-313.44,-0.11,7.44,68.28,0.02,-309.72,-0.11,-2132.94,-4.27,3
82,Entry long,2025-08-19 10:40,L16180,23615.75,6,283389,-313.44,-0.11,7.44,68.28,0.02,-309.72,-0.11,-2132.94,-4.27,3
83,Exit long,2025-08-19 10:48,L16186X,23561,6,283038,-313.44,-0.11,7.44,122.28,0.04,-309.72,-0.11,-2446.38,-4.89,2
83,Entry long,2025-08-19 10:46,L16186,23586.5,6,283038,-313.44,-0.11,7.44,122.28,0.04,-309.72,-0.11,-2446.38,-4.89,2
84,Exit short,2025-08-19 14:04,S16380X,23463.5,6,282009,439.56,0.16,7.44,443.28,0.16,-15.72,-0.01,-2006.82,-4.01,4
84,Entry short,2025-08-19 14:00,S16380,23500.75,6,282009,439.56,0.16,7.44,443.28,0.16,-15.72,-0.01,-2006.82,-4.01,4
85,Exit long,2025-08-19 14:36,L16386X,23461.5,6,281844,-313.44,-0.11,7.44,233.28,0.08,-309.72,-0.11,-2320.26,-4.64,30
85,Entry long,2025-08-19 14:06,L16386,23487,6,281844,-313.44,-0.11,7.44,233.28,0.08,-309.72,-0.11,-2320.26,-4.64,30
86,Exit short,2025-08-20 09:45,S17490X,23310,3,140308.5,444.78,0.32,3.72,446.64,0.32,-111.36,-0.08,-1875.48,-3.75,15
86,Entry short,2025-08-20 09:30,S17490,23384.75,3,140308.5,444.78,0.32,3.72,446.64,0.32,-111.36,-0.08,-1875.48,-3.75,15
87,Exit long,2025-08-20 10:05,L17515X,23143,3,139161,-306.72,-0.22,3.72,124.14,0.09,-304.86,-0.22,-2182.2,-4.36,10
87,Entry long,2025-08-20 09:55,L17515,23193.5,3,139161,-306.72,-0.22,3.72,124.14,0.09,-304.86,-0.22,-2182.2,-4.36,10
88,Exit long,2025-08-20 10:17,L17533X,23068.5,3,138714,-306.72,-0.22,3.72,5.64,0.00,-304.86,-0.22,-2488.92,-4.98,4
88,Entry long,2025-08-20 10:13,L17533,23119,3,138714,-306.72,-0.22,3.72,5.64,0.00,-304.86,-0.22,-2488.92,-4.98,4
89,Exit long,2025-08-20 10:41,L17539X,23064.25,3,138688.5,-306.72,-0.22,3.72,248.64,0.18,-304.86,-0.22,-2795.64,-5.59,22
89,Entry long,2025-08-20 10:19,L17539,23114.75,3,138688.5,-306.72,-0.22,3.72,248.64,0.18,-304.86,-0.22,-2795.64,-5.59,22
90,Exit long,2025-08-20 11:17,L17565X,23159.25,3,138507,444.78,0.32,3.72,446.64,0.32,-297.36,-0.21,-2350.86,-4.70,32
90,Entry long,2025-08-20 10:45,L17565,23084.5,3,138507,444.78,0.32,3.72,446.64,0.32,-297.36,-0.21,-2350.86,-4.70,32
91,Exit short,2025-08-20 14:02,S17760X,23218.5,6,279069,439.56,0.16,7.44,443.28,0.16,-135.72,-0.05,-1911.3,-3.82,2
91,Entry short,2025-08-20 14:00,S17760,23255.75,6,279069,439.56,0.16,7.44,443.28,0.16,-135.72,-0.05,-1911.3,-3.82,2
92,Exit short,2025-08-20 14:09,S17762X,23238.5,6,278556,-313.44,-0.11,7.44,161.28,0.06,-309.72,-0.11,-2224.74,-4.45,7
92,Entry short,2025-08-20 14:02,S17762,23213,6,278556,-313.44,-0.11,7.44,161.28,0.06,-309.72,-0.11,-2224.74,-4.45,7
93,Exit long,2025-08-20 14:13,L17769X,23214.5,6,278880,-313.44,-0.11,7.44,101.28,0.04,-309.72,-0.11,-2538.18,-5.08,4
93,Entry long,2025-08-20 14:09,L17769,23240,6,278880,-313.44,-0.11,7.44,101.28,0.04,-309.72,-0.11,-2538.18,-5.08,4
94,Exit long,2025-08-20 14:44,L17783X,23259.25,6,278664,439.56,0.16,7.44,443.28,0.16,-201.72,-0.07,-2098.62,-4.20,21
94,Entry long,2025-08-20 14:23,L17783,23222,6,278664,439.56,0.16,7.44,443.28,0.16,-201.72,-0.07,-2098.62,-4.20,21
95,Exit short,2025-08-20 15:11,S17810X,23293.75,6,279219,-313.44,-0.11,7.44,341.28,0.12,-309.72,-0.11,-2412.06,-4.82,21
95,Entry short,2025-08-20 14:50,S17810,23268.25,6,279219,-313.44,-0.11,7.44,341.28,0.12,-309.72,-0.11,-2412.06,-4.82,21
96,Exit short,2025-08-21 09:33,S18870X,23250.75,3,139201.5,-306.72,-0.22,3.72,1.14,0.00,-304.86,-0.22,-2718.78,-5.44,3
96,Entry short,2025-08-21 09:30,S18870,23200.25,3,139201.5,-306.72,-0.22,3.72,1.14,0.00,-304.86,-0.22,-2718.78,-5.44,3
97,Exit long,2025-08-21 09:34,L18873X,23245.5,6,279252,-313.44,-0.11,7.44,17.28,0.01,-309.72,-0.11,-3032.22,-6.06,1
97,Entry long,2025-08-21 09:33,L18873,23271,6,279252,-313.44,-0.11,7.44,17.28,0.01,-309.72,-0.11,-3032.22,-6.06,1
98,Exit long,2025-08-21 10:00,L18887X,23181.75,3,139393.5,-306.72,-0.22,3.72,215.64,0.15,-304.86,-0.22,-3338.94,-6.68,13
98,Entry long,2025-08-21 09:47,L18887,23232.25,3,139393.5,-306.72,-0.22,3.72,215.64,0.15,-304.86,-0.22,-3338.94,-6.68,13
99,Exit long,2025-08-21 10:12,L18900X,23292,3,139303.5,444.78,0.32,3.72,446.64,0.32,-96.36,-0.07,-2894.16,-5.79,12
99,Entry long,2025-08-21 10:00,L18900,23217.25,3,139303.5,444.78,0.32,3.72,446.64,0.32,-96.36,-0.07,-2894.16,-5.79,12
100,Exit short,2025-08-21 10:28,S18914X,23331.75,3,139687.5,-306.72,-0.22,3.72,53.64,0.04,-304.86,-0.22,-3200.88,-6.40,14
100,Entry short,2025-08-21 10:14,S18914,23281.25,3,139687.5,-306.72,-0.22,3.72,53.64,0.04,-304.86,-0.22,-3200.88,-6.40,14
101,Exit short,2025-08-21 10:37,S18930X,23281.25,6,279822,439.56,0.16,7.44,443.28,0.16,-66.72,-0.02,-2761.32,-5.52,7
101,Entry short,2025-08-21 10:30,S18930,23318.5,6,279822,439.56,0.16,7.44,443.28,0.16,-66.72,-0.02,-2761.32,-5.52,7
102,Exit short,2025-08-21 10:41,S18937X,23253.5,6,279489,439.56,0.16,7.44,443.28,0.16,-12.72,0.00,-2321.76,-4.64,4
102,Entry short,2025-08-21 10:37,S18937,23290.75,6,279489,439.56,0.16,7.44,443.28,0.16,-12.72,0.00,-2321.76,-4.64,4
103,Exit long,2025-08-21 14:08,L19140X,23193,6,278622,-313.44,-0.11,7.44,50.28,0.02,-309.72,-0.11,-2635.2,-5.27,8
103,Entry long,2025-08-21 14:00,L19140,23218.5,6,278622,-313.44,-0.11,7.44,50.28,0.02,-309.72,-0.11,-2635.2,-5.27,8
104,Exit long,2025-08-21 15:02,L19152X,23236,6,278385,439.56,0.16,7.44,443.28,0.16,-237.72,-0.09,-2195.64,-4.39,50
104,Entry long,2025-08-21 14:12,L19152,23198.75,6,278385,439.56,0.16,7.44,443.28,0.16,-237.72,-0.09,-2195.64,-4.39,50
105,Exit short,2025-08-22 09:36,S20250X,23260.75,3,139261.5,-306.72,-0.22,3.72,22.14,0.02,-304.86,-0.22,-2502.36,-5.00,6
105,Entry short,2025-08-22 09:30,S20250,23210.25,3,139261.5,-306.72,-0.22,3.72,22.14,0.02,-304.86,-0.22,-2502.36,-5.00,6
106,Exit long,2025-08-22 09:40,L20256X,23295,6,279093,439.56,0.16,7.44,443.28,0.16,-108.72,-0.04,-2062.8,-4.13,4
106,Entry long,2025-08-22 09:36,L20256,23257.75,6,279093,439.56,0.16,7.44,443.28,0.16,-108.72,-0.04,-2062.8,-4.13,4
107,Exit short,2025-08-22 09:49,S20266X,23330,6,279654,-313.44,-0.11,7.44,0,0.00,-309.72,-0.11,-2376.24,-4.75,3
107,Entry short,2025-08-22 09:46,S20266,23304.5,6,279654,-313.44,-0.11,7.44,0,0.00,-309.72,-0.11,-2376.24,-4.75,3
108,Exit short,2025-08-22 09:57,S20274X,23273.75,6,279732,439.56,0.16,7.44,443.28,0.16,-69.72,-0.02,-1936.68,-3.87,3
108,Entry short,2025-08-22 09:54,S20274,23311,6,279732,439.56,0.16,7.44,443.28,0.16,-69.72,-0.02,-1936.68,-3.87,3
109,Exit short,2025-08-22 10:06,S20284X,23536.75,3,140917.5,-306.72,-0.22,3.72,17.64,0.01,-304.86,-0.22,-2243.4,-4.49,2
109,Entry short,2025-08-22 10:04,S20284,23486.25,3,140917.5,-306.72,-0.22,3.72,17.64,0.01,-304.86,-0.22,-2243.4,-4.49,2
110,Exit short,2025-08-22 10:14,S20291X,23592.5,3,141252,-306.72,-0.22,3.72,0,0.00,-304.86,-0.22,-2550.12,-5.10,3
110,Entry short,2025-08-22 10:11,S20291,23542,3,141252,-306.72,-0.22,3.72,0,0.00,-304.86,-0.22,-2550.12,-5.10,3
111,Exit short,2025-08-22 10:21,S20297X,23529.75,3,141627,444.78,0.31,3.72,446.64,0.32,-45.36,-0.03,-2105.34,-4.21,4
111,Entry short,2025-08-22 10:17,S20297,23604.5,3,141627,444.78,0.31,3.72,446.64,0.32,-45.36,-0.03,-2105.34,-4.21,4
112,Exit short,2025-08-22 10:32,S20301X,23591.75,3,141247.5,-306.72,-0.22,3.72,292.14,0.21,-304.86,-0.22,-2412.06,-4.82,11
112,Entry short,2025-08-22 10:21,S20301,23541.25,3,141247.5,-306.72,-0.22,3.72,292.14,0.21,-304.86,-0.22,-2412.06,-4.82,11
113,Exit short,2025-08-22 10:46,S20319X,23635.75,3,141511.5,-306.72,-0.22,3.72,0,0.00,-304.86,-0.22,-2718.78,-5.44,7
113,Entry short,2025-08-22 10:39,S20319,23585.25,3,141511.5,-306.72,-0.22,3.72,0,0.00,-304.86,-0.22,-2718.78,-5.44,7
114,Exit short,2025-08-22 12:15,S20329X,23537.5,3,141673.5,444.78,0.31,3.72,446.64,0.32,-228.36,-0.16,-2274,-4.55,86
114,Entry short,2025-08-22 10:49,S20329,23612.25,3,141673.5,444.78,0.31,3.72,446.64,0.32,-228.36,-0.16,-2274,-4.55,86
115,Exit long,2025-08-25 09:31,L21630X,23472,6,281970,-313.44,-0.11,7.44,110.28,0.04,-309.72,-0.11,-2587.44,-5.17,1
115,Entry long,2025-08-25 09:30,L21630,23497.5,6,281970,-313.44,-0.11,7.44,110.28,0.04,-309.72,-0.11,-2587.44,-5.17,1
116,Exit short,2025-08-25 09:37,S21631X,23497.25,6,281661,-313.44,-0.11,7.44,317.28,0.11,-309.72,-0.11,-2900.88,-5.80,6
116,Entry short,2025-08-25 09:31,S21631,23471.75,6,281661,-313.44,-0.11,7.44,317.28,0.11,-309.72,-0.11,-2900.88,-5.80,6
117,Exit long,2025-08-25 09:58,L21648X,23516.25,6,281748,439.56,0.16,7.44,443.28,0.16,-150.72,-0.05,-2461.32,-4.92,10
117,Entry long,2025-08-25 09:48,L21648,23479,6,281748,439.56,0.16,7.44,443.28,0.16,-150.72,-0.05,-2461.32,-4.92,10
118,Exit short,2025-08-25 10:37,S21670X,23564.75,6,282471,-313.44,-0.11,7.44,248.28,0.09,-309.72,-0.11,-2774.76,-5.55,27
118,Entry short,2025-08-25 10:10,S21670,23539.25,6,282471,-313.44,-0.11,7.44,248.28,0.09,-309.72,-0.11,-2774.76,-5.55,27
119,Exit short,2025-08-25 10:49,S21700X,23569.25,6,282525,-313.44,-0.11,7.44,131.28,0.05,-309.72,-0.11,-3088.2,-6.18,9
119,Entry short,2025-08-25 10:40,S21700,23543.75,6,282525,-313.44,-0.11,7.44,131.28,0.05,-309.72,-0.11,-3088.2,-6.18,9
120,Exit short,2025-08-25 11:04,S21712X,23580.75,6,282663,-313.44,-0.11,7.44,125.28,0.04,-309.72,-0.11,-3401.64,-6.80,12
120,Entry short,2025-08-25 10:52,S21712,23555.25,6,282663,-313.44,-0.11,7.44,125.28,0.04,-309.72,-0.11,-3401.64,-6.80,12
121,Exit short,2025-08-25 15:55,S21900X,23532.75,6,282840,439.56,0.16,7.44,443.28,0.16,-180.72,-0.06,-2962.08,-5.92,115
121,Entry short,2025-08-25 14:00,S21900,23570,6,282840,439.56,0.16,7.44,443.28,0.16,-180.72,-0.06,-2962.08,-5.92,115
122,Exit short,2025-08-26 09:31,S23010X,23494.75,6,281631,-313.44,-0.11,7.44,8.28,0.00,-309.72,-0.11,-3275.52,-6.55,1
122,Entry short,2025-08-26 09:30,S23010,23469.25,6,281631,-313.44,-0.11,7.44,8.28,0.00,-309.72,-0.11,-3275.52,-6.55,1
123,Exit long,2025-08-26 09:38,L23011X,23471,6,281958,-313.44,-0.11,7.44,218.28,0.08,-309.72,-0.11,-3588.96,-7.18,7
123,Entry long,2025-08-26 09:31,L23011,23496.5,6,281958,-313.44,-0.11,7.44,218.28,0.08,-309.72,-0.11,-3588.96,-7.18,7
124,Exit short,2025-08-26 09:46,S23023X,23462.25,6,281994,439.56,0.16,7.44,443.28,0.16,-27.72,-0.01,-3149.4,-6.30,3
124,Entry short,2025-08-26 09:43,S23023,23499.5,6,281994,439.56,0.16,7.44,443.28,0.16,-27.72,-0.01,-3149.4,-6.30,3
125,Exit long,2025-08-26 09:54,L23030X,23502.75,6,281586,439.56,0.16,7.44,443.28,0.16,-84.72,-0.03,-2709.84,-5.42,4
125,Entry long,2025-08-26 09:50,L23030,23465.5,6,281586,439.56,0.16,7.44,443.28,0.16,-84.72,-0.03,-2709.84,-5.42,4
126,Exit short,2025-08-26 10:10,S23036X,23515.25,6,281877,-313.44,-0.11,7.44,50.28,0.02,-309.72,-0.11,-3023.28,-6.05,14
126,Entry short,2025-08-26 09:56,S23036,23489.75,6,281877,-313.44,-0.11,7.44,50.28,0.02,-309.72,-0.11,-3023.28,-6.05,14
127,Exit short,2025-08-26 10:17,S23051X,23517,6,281898,-313.44,-0.11,7.44,110.28,0.04,-309.72,-0.11,-3336.72,-6.67,6
127,Entry short,2025-08-26 10:11,S23051,23491.5,6,281898,-313.44,-0.11,7.44,110.28,0.04,-309.72,-0.11,-3336.72,-6.67,6
128,Exit short,2025-08-26 10:22,S23059X,23538.25,6,282153,-313.44,-0.11,7.44,5.28,0.00,-309.72,-0.11,-3650.16,-7.30,3
128,Entry short,2025-08-26 10:19,S23059,23512.75,6,282153,-313.44,-0.11,7.44,5.28,0.00,-309.72,-0.11,-3650.16,-7.30,3
129,Exit short,2025-08-26 11:34,S23072X,23501,6,282459,439.56,0.16,7.44,443.28,0.16,-162.72,-0.06,-3210.6,-6.42,62
129,Entry short,2025-08-26 10:32,S23072,23538.25,6,282459,439.56,0.16,7.44,443.28,0.16,-162.72,-0.06,-3210.6,-6.42,62
130,Exit long,2025-08-26 14:30,L23280X,23543.75,6,282078,439.56,0.16,7.44,443.28,0.16,-27.72,-0.01,-2771.04,-5.54,30
130,Entry long,2025-08-26 14:00,L23280,23506.5,6,282078,439.56,0.16,7.44,443.28,0.16,-27.72,-0.01,-2771.04,-5.54,30
131,Exit short,2025-08-26 14:59,S23312X,23554.5,9,423675,-317.16,-0.07,11.16,16.92,0.00,-311.58,-0.07,-3088.2,-6.18,27
131,Entry short,2025-08-26 14:32,S23312,23537.5,9,423675,-317.16,-0.07,11.16,16.92,0.00,-311.58,-0.07,-3088.2,-6.18,27
132,Exit short,2025-08-27 10:18,S24390X,23584,3,141201,-306.72,-0.22,3.72,268.14,0.19,-304.86,-0.22,-3394.92,-6.79,48
132,Entry short,2025-08-27 09:30,S24390,23533.5,3,141201,-306.72,-0.22,3.72,268.14,0.19,-304.86,-0.22,-3394.92,-6.79,48
133,Exit short,2025-08-27 11:47,S24443X,23618.75,6,283119,-313.44,-0.11,7.44,227.28,0.08,-309.72,-0.11,-3708.36,-7.42,84
133,Entry short,2025-08-27 10:23,S24443,23593.25,6,283119,-313.44,-0.11,7.44,227.28,0.08,-309.72,-0.11,-3708.36,-7.42,84
134,Exit long,2025-08-27 15:11,L24660X,23596.75,6,283467,-313.44,-0.11,7.44,419.28,0.15,-309.72,-0.11,-4021.8,-8.04,71
134,Entry long,2025-08-27 14:00,L24660,23622.25,6,283467,-313.44,-0.11,7.44,419.28,0.15,-309.72,-0.11,-4021.8,-8.04,71
135,Exit long,2025-08-28 09:49,L25770X,23655,3,142233,-306.72,-0.22,3.72,224.64,0.16,-304.86,-0.21,-4328.52,-8.66,19
135,Entry long,2025-08-28 09:30,L25770,23705.5,3,142233,-306.72,-0.22,3.72,224.64,0.16,-304.86,-0.21,-4328.52,-8.66,19
136,Exit short,2025-08-28 09:56,S25789X,23582.75,3,141945,444.78,0.31,3.72,446.64,0.31,-39.36,-0.03,-3883.74,-7.77,7
136,Entry short,2025-08-28 09:49,S25789,23657.5,3,141945,444.78,0.31,3.72,446.64,0.31,-39.36,-0.03,-3883.74,-7.77,7
137,Exit long,2025-08-28 10:40,L25799X,23684.25,3,141657,444.78,0.31,3.72,446.64,0.32,-99.36,-0.07,-3438.96,-6.88,41
137,Entry long,2025-08-28 09:59,L25799,23609.5,3,141657,444.78,0.31,3.72,446.64,0.32,-99.36,-0.07,-3438.96,-6.88,41
138,Exit short,2025-08-28 10:47,S25845X,23710.25,6,284217,-313.44,-0.11,7.44,5.28,0.00,-309.72,-0.11,-3752.4,-7.50,2
138,Entry short,2025-08-28 10:45,S25845,23684.75,6,284217,-313.44,-0.11,7.44,5.28,0.00,-309.72,-0.11,-3752.4,-7.50,2
139,Exit short,2025-08-28 11:16,S25849X,23734.25,6,284505,-313.44,-0.11,7.44,167.28,0.06,-309.72,-0.11,-4065.84,-8.13,27
139,Entry short,2025-08-28 10:49,S25849,23708.75,6,284505,-313.44,-0.11,7.44,167.28,0.06,-309.72,-0.11,-4065.84,-8.13,27
140,Exit short,2025-08-28 14:55,S26040X,23789.5,6,285168,-313.44,-0.11,7.44,29.28,0.01,-309.72,-0.11,-4379.28,-8.76,55
140,Entry short,2025-08-28 14:00,S26040,23764,6,285168,-313.44,-0.11,7.44,29.28,0.01,-309.72,-0.11,-4379.28,-8.76,55
141,Exit short,2025-08-28 15:55,flat 15:55,23779.75,9,428184,137.34,0.03,11.16,295.92,0.07,-289.08,-0.07,-4241.94,-8.48,56
141,Entry short,2025-08-28 14:59,S26099,23788,9,428184,137.34,0.03,11.16,295.92,0.07,-289.08,-0.07,-4241.94,-8.48,56
142,Exit short,2025-08-29 09:45,S27150X,23575.25,3,141900,444.78,0.31,3.72,446.64,0.31,-60.36,-0.04,-3797.16,-7.59,15
142,Entry short,2025-08-29 09:30,S27150,23650,3,141900,444.78,0.31,3.72,446.64,0.31,-60.36,-0.04,-3797.16,-7.59,15
143,Exit long,2025-08-29 09:50,L27168X,23532.75,6,282699,-313.44,-0.11,7.44,0,0.00,-309.72,-0.11,-4110.6,-8.22,2
143,Entry long,2025-08-29 09:48,L27168,23558.25,6,282699,-313.44,-0.11,7.44,0,0.00,-309.72,-0.11,-4110.6,-8.22,2
144,Exit long,2025-08-29 09:55,L27171X,23535,6,282726,-313.44,-0.11,7.44,179.28,0.06,-309.72,-0.11,-4424.04,-8.85,4
144,Entry long,2025-08-29 09:51,L27171,23560.5,6,282726,-313.44,-0.11,7.44,179.28,0.06,-309.72,-0.11,-4424.04,-8.85,4
145,Exit long,2025-08-29 10:00,L27178X,23501.25,6,282321,-313.44,-0.11,7.44,68.28,0.02,-309.72,-0.11,-4737.48,-9.47,2
145,Entry long,2025-08-29 09:58,L27178,23526.75,6,282321,-313.44,-0.11,7.44,68.28,0.02,-309.72,-0.11,-4737.48,-9.47,2
146,Exit long,2025-08-29 10:04,L27180X,23493.5,3,141264,-306.72,-0.22,3.72,44.64,0.03,-304.86,-0.22,-5044.2,-10.09,4
146,Entry long,2025-08-29 10:00,L27180,23544,3,141264,-306.72,-0.22,3.72,44.64,0.03,-304.86,-0.22,-5044.2,-10.09,4
147,Exit long,2025-08-29 13:15,L27193X,23410.25,3,140764.5,-306.72,-0.22,3.72,328.14,0.23,-304.86,-0.22,-5350.92,-10.70,182
147,Entry long,2025-08-29 10:13,L27193,23460.75,3,140764.5,-306.72,-0.22,3.72,328.14,0.23,-304.86,-0.22,-5350.92,-10.70,182
148,Exit short,2025-08-29 15:08,S27420X,23472.25,6,281361,-313.44,-0.11,7.44,119.28,0.04,-309.72,-0.11,-5664.36,-11.33,68
148,Entry short,2025-08-29 14:00,S27420,23446.75,6,281361,-313.44,-0.11,7.44,119.28,0.04,-309.72,-0.11,-5664.36,-11.33,68
149,Exit short,2025-09-01 09:49,S28530X,23485.75,6,281523,-313.44,-0.11,7.44,200.28,0.07,-309.72,-0.11,-5977.8,-11.96,19
149,Entry short,2025-09-01 09:30,S28530,23460.25,6,281523,-313.44,-0.11,7.44,200.28,0.07,-309.72,-0.11,-5977.8,-11.96,19
150,Exit short,2025-09-01 11:29,S28566X,23504.75,9,422779.5,-317.16,-0.08,11.16,205.92,0.05,-311.58,-0.07,-6294.96,-12.59,83
150,Entry short,2025-09-01 10:06,S28566,23487.75,9,422779.5,-317.16,-0.08,11.16,205.92,0.05,-311.58,-0.07,-6294.96,-12.59,83
151,Exit short,2025-09-02 09:35,S29670X,23106.25,3,138334.5,-306.72,-0.22,3.72,182.64,0.13,-304.86,-0.22,-6601.68,-13.20,5
151,Entry short,2025-09-02 09:30,S29670,23055.75,3,138334.5,-306.72,-0.22,3.72,182.64,0.13,-304.86,-0.22,-6601.68,-13.20,5
152,Exit short,2025-09-02 09:46,S29679X,23183.5,3,138798,-306.72,-0.22,3.72,37.14,0.03,-304.86,-0.22,-6908.4,-13.82,7
152,Entry short,2025-09-02 09:39,S29679,23133,3,138798,-306.72,-0.22,3.72,37.14,0.03,-304.86,-0.22,-6908.4,-13.82,7
153,Exit short,2025-09-02 09:48,S29687X,23197.5,3,138882,-306.72,-0.22,3.72,1.14,0.00,-304.86,-0.22,-7215.12,-14.43,1
153,Entry short,2025-09-02 09:47,S29687,23147,3,138882,-306.72,-0.22,3.72,1.14,0.00,-304.86,-0.22,-7215.12,-14.43,1
154,Exit short,2025-09-02 10:47,S29697X,23159,3,139402.5,444.78,0.32,3.72,446.64,0.32,-280.86,-0.20,-6770.34,-13.54,50
154,Entry short,2025-09-02 09:57,S29697,23233.75,3,139402.5,444.78,0.32,3.72,446.64,0.32,-280.86,-0.20,-6770.34,-13.54,50
155,Exit short,2025-09-02 11:35,S29747X,23086,3,138964.5,444.78,0.32,3.72,446.64,0.32,-112.86,-0.08,-6325.56,-12.65,48
155,Entry short,2025-09-02 10:47,S29747,23160.75,3,138964.5,444.78,0.32,3.72,446.64,0.32,-112.86,-0.08,-6325.56,-12.65,48
156,Exit long,2025-09-02 14:08,L29940X,23181.75,6,278487,-313.44,-0.11,7.44,0,0.00,-309.72,-0.11,-6639,-13.28,8
156,Entry long,2025-09-02 14:00,L29940,23207.25,6,278487,-313.44,-0.11,7.44,0,0.00,-309.72,-0.11,-6639,-13.28,8
157,Exit long,2025-09-02 14:51,L29960X,23214.25,6,278124,439.56,0.16,7.44,443.28,0.16,-237.72,-0.09,-6199.44,-12.40,31
157,Entry long,2025-09-02 14:20,L29960,23177,6,278124,439.56,0.16,7.44,443.28,0.16,-237.72,-0.09,-6199.44,-12.40,31
158,Exit short,2025-09-02 15:18,S29992X,23233.5,6,278496,-313.44,-0.11,7.44,275.28,0.10,-309.72,-0.11,-6512.88,-13.03,26
158,Entry short,2025-09-02 14:52,S29992,23208,6,278496,-313.44,-0.11,7.44,275.28,0.10,-309.72,-0.11,-6512.88,-13.03,26
159,Exit short,2025-09-03 10:25,S31050X,23461.75,3,140467.5,-306.72,-0.22,3.72,247.14,0.18,-304.86,-0.22,-6819.6,-13.64,55
159,Entry short,2025-09-03 09:30,S31050,23411.25,3,140467.5,-306.72,-0.22,3.72,247.14,0.18,-304.86,-0.22,-6819.6,-13.64,55
160,Exit short,2025-09-03 10:31,S31107X,23468.5,6,281316,-313.44,-0.11,7.44,149.28,0.05,-309.72,-0.11,-7133.04,-14.27,4
160,Entry short,2025-09-03 10:27,S31107,23443,6,281316,-313.44,-0.11,7.44,149.28,0.05,-309.72,-0.11,-7133.04,-14.27,4
161,Exit short,2025-09-03 11:22,S31133X,23463.5,6,282009,439.56,0.16,7.44,443.28,0.16,-195.72,-0.07,-6693.48,-13.39,29
161,Entry short,2025-09-03 10:53,S31133,23500.75,6,282009,439.56,0.16,7.44,443.28,0.16,-195.72,-0.07,-6693.48,-13.39,29
162,Exit short,2025-09-03 15:42,S31320X,23389.75,3,140035.5,-306.72,-0.22,3.72,124.14,0.09,-304.86,-0.22,-7000.2,-14.00,102
162,Entry short,2025-09-03 14:00,S31320,23339.25,3,140035.5,-306.72,-0.22,3.72,124.14,0.09,-304.86,-0.22,-7000.2,-14.00,102
163,Exit short,2025-09-04 09:33,S32430X,23520.75,3,140821.5,-306.72,-0.22,3.72,16.14,0.01,-304.86,-0.22,-7306.92,-14.61,3
163,Entry short,2025-09-04 09:30,S32430,23470.25,3,140821.5,-306.72,-0.22,3.72,16.14,0.01,-304.86,-0.22,-7306.92,-14.61,3
164,Exit short,2025-09-04 09:41,S32436X,23479.5,6,282201,439.56,0.16,7.44,443.28,0.16,-78.72,-0.03,-6867.36,-13.73,5
164,Entry short,2025-09-04 09:36,S32436,23516.75,6,282201,439.56,0.16,7.44,443.28,0.16,-78.72,-0.03,-6867.36,-13.73,5
165,Exit long,2025-09-04 10:15,L32471X,23426,6,281418,-313.44,-0.11,7.44,227.28,0.08,-309.72,-0.11,-7180.8,-14.36,4
165,Entry long,2025-09-04 10:11,L32471,23451.5,6,281418,-313.44,-0.11,7.44,227.28,0.08,-309.72,-0.11,-7180.8,-14.36,4
166,Exit long,2025-09-04 10:25,L32479X,23481,6,281325,439.56,0.16,7.44,443.28,0.16,-45.72,-0.02,-6741.24,-13.48,6
166,Entry long,2025-09-04 10:19,L32479,23443.75,6,281325,439.56,0.16,7.44,443.28,0.16,-45.72,-0.02,-6741.24,-13.48,6
167,Exit short,2025-09-04 10:36,S32493X,23518,6,281910,-313.44,-0.11,7.44,5.28,0.00,-309.72,-0.11,-7054.68,-14.11,3
167,Entry short,2025-09-04 10:33,S32493,23492.5,6,281910,-313.44,-0.11,7.44,5.28,0.00,-309.72,-0.11,-7054.68,-14.11,3
168,Exit short,2025-09-04 11:22,S32499X,23544.5,6,282228,-313.44,-0.11,7.44,332.28,0.12,-309.72,-0.11,-7368.12,-14.74,43
168,Entry short,2025-09-04 10:39,S32499,23519,6,282228,-313.44,-0.11,7.44,332.28,0.12,-309.72,-0.11,-7368.12,-14.74,43
169,Exit long,2025-09-04 15:11,L32700X,23627.5,6,283083,439.56,0.16,7.44,443.28,0.16,-48.72,-0.02,-6928.56,-13.86,71
169,Entry long,2025-09-04 14:00,L32700,23590.25,6,283083,439.56,0.16,7.44,443.28,0.16,-48.72,-0.02,-6928.56,-13.86,71
170,Exit short,2025-09-05 10:10,S33810X,23778,3,143116.5,444.78,0.31,3.72,446.64,0.31,-247.86,-0.17,-6483.78,-12.97,40
170,Entry short,2025-09-05 09:30,S33810,23852.75,3,143116.5,444.78,0.31,3.72,446.64,0.31,-247.86,-0.17,-6483.78,-12.97,40
171,Exit long,2025-09-05 10:23,L33860X,23677.75,3,142369.5,-306.72,-0.22,3.72,0,0.00,-304.86,-0.21,-6790.5,-13.58,3
171,Entry long,2025-09-05 10:20,L33860,23728.25,3,142369.5,-306.72,-0.22,3.72,0,0.00,-304.86,-0.21,-6790.5,-13.58,3
172,Exit long,2025-09-05 10:42,L33880X,23589.25,3,141838.5,-306.72,-0.22,3.72,0,0.00,-304.86,-0.21,-7097.22,-14.19,2
172,Entry long,2025-09-05 10:40,L33880,23639.75,3,141838.5,-306.72,-0.22,3.72,0,0.00,-304.86,-0.21,-7097.22,-14.19,2
173,Exit long,2025-09-05 11:00,L33889X,23538.5,3,141534,-306.72,-0.22,3.72,292.14,0.21,-304.86,-0.22,-7403.94,-14.81,11
173,Entry long,2025-09-05 10:49,L33889,23589,3,141534,-306.72,-0.22,3.72,292.14,0.21,-304.86,-0.22,-7403.94,-14.81,11
174,Exit long,2025-09-05 14:21,L34080X,23656.5,6,283431,439.56,0.16,7.44,443.28,0.16,-201.72,-0.07,-6964.38,-13.93,21
174,Entry long,2025-09-05 14:00,L34080,23619.25,6,283431,439.56,0.16,7.44,443.28,0.16,-201.72,-0.07,-6964.38,-13.93,21
175,Exit short,2025-09-05 15:06,S34102X,23667.25,6,283701,-313.44,-0.11,7.44,161.28,0.06,-309.72,-0.11,-7277.82,-14.56,44
175,Entry short,2025-09-05 14:22,S34102,23641.75,6,283701,-313.44,-0.11,7.44,161.28,0.06,-309.72,-0.11,-7277.82,-14.56,44
176,Exit long,2025-09-08 09:51,L35190X,23863,3,142729.5,444.78,0.31,3.72,446.64,0.31,-103.86,-0.07,-6833.04,-13.67,21
176,Entry long,2025-09-08 09:30,L35190,23788.25,3,142729.5,444.78,0.31,3.72,446.64,0.31,-103.86,-0.07,-6833.04,-13.67,21
177,Exit short,2025-09-08 10:19,S35218X,23816,6,286239,439.56,0.15,7.44,443.28,0.15,-207.72,-0.07,-6393.48,-12.79,21
177,Entry short,2025-09-08 09:58,S35218,23853.25,6,286239,439.56,0.15,7.44,443.28,0.15,-207.72,-0.07,-6393.48,-12.79,21
178,Exit short,2025-09-08 10:25,S35241X,23834.5,6,285708,-313.44,-0.11,7.44,14.28,0.00,-309.72,-0.11,-6706.92,-13.41,4
178,Entry short,2025-09-08 10:21,S35241,23809,6,285708,-313.44,-0.11,7.44,14.28,0.00,-309.72,-0.11,-6706.92,-13.41,4
179,Exit short,2025-09-08 12:17,S35252X,23828,6,286383,439.56,0.15,7.44,443.28,0.15,-276.72,-0.10,-6267.36,-12.53,105
179,Entry short,2025-09-08 10:32,S35252,23865.25,6,286383,439.56,0.15,7.44,443.28,0.15,-276.72,-0.10,-6267.36,-12.53,105
180,Exit short,2025-09-08 14:13,S35460X,23803.5,6,285336,-313.44,-0.11,7.44,65.28,0.02,-309.72,-0.11,-6580.8,-13.16,13
180,Entry short,2025-09-08 14:00,S35460,23778,6,285336,-313.44,-0.11,7.44,65.28,0.02,-309.72,-0.11,-6580.8,-13.16,13
181,Exit short,2025-09-08 15:12,S35483X,23771.5,6,285705,439.56,0.15,7.44,443.28,0.16,-99.72,-0.03,-6141.24,-12.28,49
181,Entry short,2025-09-08 14:23,S35483,23808.75,6,285705,439.56,0.15,7.44,443.28,0.16,-99.72,-0.03,-6141.24,-12.28,49
182,Exit short,2025-09-09 10:35,S36570X,23751.5,3,142957.5,444.78,0.31,3.72,446.64,0.31,-174.36,-0.12,-5696.46,-11.39,65
182,Entry short,2025-09-09 09:30,S36570,23826.25,3,142957.5,444.78,0.31,3.72,446.64,0.31,-174.36,-0.12,-5696.46,-11.39,65
183,Exit long,2025-09-09 10:54,L36638X,23784.75,6,284970,439.56,0.15,7.44,443.28,0.16,-255.72,-0.09,-5256.9,-10.51,16
183,Entry long,2025-09-09 10:38,L36638,23747.5,6,284970,439.56,0.15,7.44,443.28,0.16,-255.72,-0.09,-5256.9,-10.51,16
184,Exit long,2025-09-09 11:02,L36655X,23768.75,6,285531,-313.44,-0.11,7.44,146.28,0.05,-309.72,-0.11,-5570.34,-11.14,7
184,Entry long,2025-09-09 10:55,L36655,23794.25,6,285531,-313.44,-0.11,7.44,146.28,0.05,-309.72,-0.11,-5570.34,-11.14,7
185,Exit long,2025-09-09 15:55,L36840X,23877.25,6,286080,439.56,0.15,7.44,443.28,0.15,-219.72,-0.08,-5130.78,-10.26,115
185,Entry long,2025-09-09 14:00,L36840,23840,6,286080,439.56,0.15,7.44,443.28,0.15,-219.72,-0.08,-5130.78,-10.26,115
186,Exit short,2025-09-10 14:19,S37950X,23868.25,3,143658,444.78,0.31,3.72,446.64,0.31,-288.36,-0.20,-4686,-9.37,289
186,Entry short,2025-09-10 09:30,S37950,23943,3,143658,444.78,0.31,3.72,446.64,0.31,-288.36,-0.20,-4686,-9.37,289
187,Exit long,2025-09-10 14:53,L38248X,23835.75,6,286335,-313.44,-0.11,7.44,221.28,0.08,-309.72,-0.11,-4999.44,-10.00,25
187,Entry long,2025-09-10 14:28,L38248,23861.25,6,286335,-313.44,-0.11,7.44,221.28,0.08,-309.72,-0.11,-4999.44,-10.00,25
188,Exit long,2025-09-10 15:12,L38274X,23819.5,6,286140,-313.44,-0.11,7.44,269.28,0.09,-309.72,-0.11,-5312.88,-10.63,18
188,Entry long,2025-09-10 14:54,L38274,23845,6,286140,-313.44,-0.11,7.44,269.28,0.09,-309.72,-0.11,-5312.88,-10.63,18
189,Exit long,2025-09-11 09:36,L39330X,23954.75,6,287763,-313.44,-0.11,7.44,206.28,0.07,-309.72,-0.11,-5626.32,-11.25,6
189,Entry long,2025-09-11 09:30,L39330,23980.25,6,287763,-313.44,-0.11,7.44,206.28,0.07,-309.72,-0.11,-5626.32,-11.25,6
190,Exit long,2025-09-11 09:58,L39346X,23985,6,287373,439.56,0.15,7.44,443.28,0.15,-96.72,-0.03,-5186.76,-10.37,12
190,Entry long,2025-09-11 09:46,L39346,23947.75,6,287373,439.56,0.15,7.44,443.28,0.15,-96.72,-0.03,-5186.76,-10.37,12
191,Exit short,2025-09-11 10:19,S39369X,23948.5,6,287829,439.56,0.15,7.44,443.28,0.15,-72.72,-0.03,-4747.2,-9.49,10
191,Entry short,2025-09-11 10:09,S39369,23985.75,6,287829,439.56,0.15,7.44,443.28,0.15,-72.72,-0.03,-4747.2,-9.49,10
192,Exit long,2025-09-11 10:35,L39384X,24006.25,6,287628,439.56,0.15,7.44,443.28,0.15,-219.72,-0.08,-4307.64,-8.62,11
192,Entry long,2025-09-11 10:24,L39384,23969,6,287628,439.56,0.15,7.44,443.28,0.15,-219.72,-0.08,-4307.64,-8.62,11
193,Exit short,2025-09-11 11:18,S39401X,24035.5,6,288120,-313.44,-0.11,7.44,413.28,0.14,-309.72,-0.11,-4621.08,-9.24,37
193,Entry short,2025-09-11 10:41,S39401,24010,6,288120,-313.44,-0.11,7.44,413.28,0.14,-309.72,-0.11,-4621.08,-9.24,37
194,Exit short,2025-09-11 15:55,flat 15:55,24026.75,6,288354,25.56,0.01,7.44,182.28,0.06,-180.72,-0.06,-4595.52,-9.19,115
194,Entry short,2025-09-11 14:00,S39600,24029.5,6,288354,25.56,0.01,7.44,182.28,0.06,-180.72,-0.06,-4595.52,-9.19,115
195,Exit long,2025-09-12 09:35,L40710X,24022.25,6,288573,-313.44,-0.11,7.44,53.28,0.02,-309.72,-0.11,-4908.96,-9.82,5
195,Entry long,2025-09-12 09:30,L40710,24047.75,6,288573,-313.44,-0.11,7.44,53.28,0.02,-309.72,-0.11,-4908.96,-9.82,5
196,Exit long,2025-09-12 10:21,L40724X,24068,6,288369,439.56,0.15,7.44,443.28,0.15,-240.72,-0.08,-4469.4,-8.94,37
196,Entry long,2025-09-12 09:44,L40724,24030.75,6,288369,439.56,0.15,7.44,443.28,0.15,-240.72,-0.08,-4469.4,-8.94,37
197,Exit short,2025-09-12 10:46,S40767X,24093.25,6,288813,-313.44,-0.11,7.44,35.28,0.01,-309.72,-0.11,-4782.84,-9.57,19
197,Entry short,2025-09-12 10:27,S40767,24067.75,6,288813,-313.44,-0.11,7.44,35.28,0.01,-309.72,-0.11,-4782.84,-9.57,19
198,Exit short,2025-09-12 13:58,S40796X,24128.75,6,289239,-313.44,-0.11,7.44,380.28,0.13,-309.72,-0.11,-5096.28,-10.19,182
198,Entry short,2025-09-12 10:56,S40796,24103.25,6,289239,-313.44,-0.11,7.44,380.28,0.13,-309.72,-0.11,-5096.28,-10.19,182
199,Exit short,2025-09-12 14:52,S40980X,24144.25,6,289425,-313.44,-0.11,7.44,65.28,0.02,-309.72,-0.11,-5409.72,-10.82,52
199,Entry short,2025-09-12 14:00,S40980,24118.75,6,289425,-313.44,-0.11,7.44,65.28,0.02,-309.72,-0.11,-5409.72,-10.82,52
200,Exit short,2025-09-12 15:24,S41039X,24129.25,9,434767.5,429.84,0.10,11.16,435.42,0.10,-73.08,-0.02,-4979.88,-9.96,25
200,Entry short,2025-09-12 14:59,S41039,24153.75,9,434767.5,429.84,0.10,11.16,435.42,0.10,-73.08,-0.02,-4979.88,-9.96,25
201,Exit long,2025-09-15 09:41,L42090X,24227.5,6,290283,439.56,0.15,7.44,443.28,0.15,-42.72,-0.01,-4540.32,-9.08,11
201,Entry long,2025-09-15 09:30,L42090,24190.25,6,290283,439.56,0.15,7.44,443.28,0.15,-42.72,-0.01,-4540.32,-9.08,11
202,Exit short,2025-09-15 09:49,S42103X,24233.75,6,290499,-313.44,-0.11,7.44,122.28,0.04,-309.72,-0.11,-4853.76,-9.71,6
202,Entry short,2025-09-15 09:43,S42103,24208.25,6,290499,-313.44,-0.11,7.44,122.28,0.04,-309.72,-0.11,-4853.76,-9.71,6
203,Exit short,2025-09-15 10:00,S42115X,24265.5,6,290880,-313.44,-0.11,7.44,11.28,0.00,-309.72,-0.11,-5167.2,-10.33,5
203,Entry short,2025-09-15 09:55,S42115,24240,6,290880,-313.44,-0.11,7.44,11.28,0.00,-309.72,-0.11,-5167.2,-10.33,5
204,Exit short,2025-09-15 11:00,S42129X,24274.75,6,290991,-313.44,-0.11,7.44,335.28,0.12,-309.72,-0.11,-5480.64,-10.96,51
204,Entry short,2025-09-15 10:09,S42129,24249.25,6,290991,-313.44,-0.11,7.44,335.28,0.12,-309.72,-0.11,-5480.64,-10.96,51
205,Exit short,2025-09-15 15:55,flat 15:55,24292.25,6,291378,-136.44,-0.05,7.44,431.28,0.15,-141.72,-0.05,-5617.08,-11.23,115
205,Entry short,2025-09-15 14:00,S42360,24281.5,6,291378,-136.44,-0.05,7.44,431.28,0.15,-141.72,-0.05,-5617.08,-11.23,115
206,Exit short,2025-09-16 09:45,S43470X,24548.75,6,295032,439.56,0.15,7.44,443.28,0.15,-159.72,-0.05,-5177.52,-10.36,15
206,Entry short,2025-09-16 09:30,S43470,24586,6,295032,439.56,0.15,7.44,443.28,0.15,-159.72,-0.05,-5177.52,-10.36,15
207,Exit long,2025-09-16 11:02,L43493X,24513.5,6,294468,-313.44,-0.11,7.44,260.28,0.09,-309.72,-0.11,-5490.96,-10.98,69
207,Entry long,2025-09-16 09:53,L43493,24539,6,294468,-313.44,-0.11,7.44,260.28,0.09,-309.72,-0.11,-5490.96,-10.98,69
208,Exit short,2025-09-16 15:02,S43740X,24554.5,6,294348,-313.44,-0.11,7.44,68.28,0.02,-309.72,-0.11,-5804.4,-11.61,62
208,Entry short,2025-09-16 14:00,S43740,24529,6,294348,-313.44,-0.11,7.44,68.28,0.02,-309.72,-0.11,-5804.4,-11.61,62
209,Exit long,2025-09-17 09:33,L44850X,24506.75,6,294387,-313.44,-0.11,7.44,95.28,0.03,-309.72,-0.11,-6117.84,-12.24,3
209,Entry long,2025-09-17 09:30,L44850,24532.25,6,294387,-313.44,-0.11,7.44,95.28,0.03,-309.72,-0.11,-6117.84,-12.24,3
210,Exit short,2025-09-17 09:42,S44853X,24469.75,6,294084,439.56,0.15,7.44,443.28,0.15,-72.72,-0.02,-5678.28,-11.36,9
210,Entry short,2025-09-17 09:33,S44853,24507,6,294084,439.56,0.15,7.44,443.28,0.15,-72.72,-0.02,-5678.28,-11.36,9
211,Exit long,2025-09-17 10:01,L44867X,24463.25,6,293865,-313.44,-0.11,7.44,377.28,0.13,-309.72,-0.11,-5991.72,-11.98,14
211,Entry long,2025-09-17 09:47,L44867,24488.75,6,293865,-313.44,-0.11,7.44,377.28,0.13,-309.72,-0.11,-5991.72,-11.98,14
212,Exit long,2025-09-17 10:27,L44883X,24448,6,293682,-313.44,-0.11,7.44,83.28,0.03,-309.72,-0.11,-6305.16,-12.61,24
212,Entry long,2025-09-17 10:03,L44883,24473.5,6,293682,-313.44,-0.11,7.44,83.28,0.03,-309.72,-0.11,-6305.16,-12.61,24
213,Exit long,2025-09-17 10:45,L44911X,24421.25,6,293361,-313.44,-0.11,7.44,152.28,0.05,-309.72,-0.11,-6618.6,-13.24,14
213,Entry long,2025-09-17 10:31,L44911,24446.75,6,293361,-313.44,-0.11,7.44,152.28,0.05,-309.72,-0.11,-6618.6,-13.24,14
214,Exit long,2025-09-17 11:06,L44934X,24404.75,6,293163,-313.44,-0.11,7.44,71.28,0.02,-309.72,-0.11,-6932.04,-13.86,12
214,Entry long,2025-09-17 10:54,L44934,24430.25,6,293163,-313.44,-0.11,7.44,71.28,0.02,-309.72,-0.11,-6932.04,-13.86,12
215,Exit long,2025-09-17 14:10,L45120X,24421.5,3,146832,-306.72,-0.21,3.72,311.64,0.21,-304.86,-0.21,-7238.76,-14.48,10
215,Entry long,2025-09-17 14:00,L45120,24472,3,146832,-306.72,-0.21,3.72,311.64,0.21,-304.86,-0.21,-7238.76,-14.48,10
216,Exit long,2025-09-17 14:32,L45142X,24359.25,3,146458.5,-306.72,-0.21,3.72,262.14,0.18,-304.86,-0.21,-7545.48,-15.09,10
216,Entry long,2025-09-17 14:22,L45142,24409.75,3,146458.5,-306.72,-0.21,3.72,262.14,0.18,-304.86,-0.21,-7545.48,-15.09,10
217,Exit long,2025-09-17 14:53,L45167X,24266.25,3,145900.5,-306.72,-0.21,3.72,266.64,0.18,-304.86,-0.21,-7852.2,-15.70,6
217,Entry long,2025-09-17 14:47,L45167,24316.75,3,145900.5,-306.72,-0.21,3.72,266.64,0.18,-304.86,-0.21,-7852.2,-15.70,6
218,Exit long,2025-09-17 14:58,L45175X,24374.5,3,145798.5,444.78,0.31,3.72,446.64,0.31,-39.36,-0.03,-7407.42,-14.81,3
218,Entry long,2025-09-17 14:55,L45175,24299.75,3,145798.5,444.78,0.31,3.72,446.64,0.31,-39.36,-0.03,-7407.42,-14.81,3
219,Exit short,2025-09-18 09:33,S46230X,24706.25,3,147934.5,-306.72,-0.21,3.72,8.64,0.01,-304.86,-0.21,-7714.14,-15.43,3
219,Entry short,2025-09-18 09:30,S46230,24655.75,3,147934.5,-306.72,-0.21,3.72,8.64,0.01,-304.86,-0.21,-7714.14,-15.43,3
220,Exit long,2025-09-18 09:50,L46247X,24660.5,6,295479,439.56,0.15,7.44,443.28,0.15,-126.72,-0.04,-7274.58,-14.55,3
220,Entry long,2025-09-18 09:47,L46247,24623.25,6,295479,439.56,0.15,7.44,443.28,0.15,-126.72,-0.04,-7274.58,-14.55,3
221,Exit long,2025-09-18 10:07,L46257X,24747.5,3,148036.5,444.78,0.30,3.72,446.64,0.30,-27.36,-0.02,-6829.8,-13.66,10
221,Entry long,2025-09-18 09:57,L46257,24672.75,3,148036.5,444.78,0.30,3.72,446.64,0.30,-27.36,-0.02,-6829.8,-13.66,10
222,Exit short,2025-09-18 10:19,S46271X,24771.25,6,296949,-313.44,-0.11,7.44,29.28,0.01,-309.72,-0.10,-7143.24,-14.29,8
222,Entry short,2025-09-18 10:11,S46271,24745.75,6,296949,-313.44,-0.11,7.44,29.28,0.01,-309.72,-0.10,-7143.24,-14.29,8
223,Exit short,2025-09-18 10:25,S46282X,24784.25,6,297105,-313.44,-0.11,7.44,53.28,0.02,-309.72,-0.10,-7456.68,-14.91,3
223,Entry short,2025-09-18 10:22,S46282,24758.75,6,297105,-313.44,-0.11,7.44,53.28,0.02,-309.72,-0.10,-7456.68,-14.91,3
224,Exit short,2025-09-18 10:41,S46292X,24760,6,297567,439.56,0.15,7.44,443.28,0.15,-21.72,-0.01,-7017.12,-14.03,9
224,Entry short,2025-09-18 10:32,S46292,24797.25,6,297567,439.56,0.15,7.44,443.28,0.15,-21.72,-0.01,-7017.12,-14.03,9
225,Exit short,2025-09-18 11:12,S46304X,24786,6,297126,-313.44,-0.11,7.44,341.28,0.11,-309.72,-0.10,-7330.56,-14.66,28
225,Entry short,2025-09-18 10:44,S46304,24760.5,6,297126,-313.44,-0.11,7.44,341.28,0.11,-309.72,-0.10,-7330.56,-14.66,28
226,Exit short,2025-09-18 14:07,S46500X,24759.5,6,296808,-313.44,-0.11,7.44,74.28,0.03,-309.72,-0.10,-7644,-15.29,7
226,Entry short,2025-09-18 14:00,S46500,24734,6,296808,-313.44,-0.11,7.44,74.28,0.03,-309.72,-0.10,-7644,-15.29,7
227,Exit short,2025-09-18 15:46,S46510X,24706.75,6,296928,439.56,0.15,7.44,443.28,0.15,-270.72,-0.09,-7204.44,-14.41,96
227,Entry short,2025-09-18 14:10,S46510,24744,6,296928,439.56,0.15,7.44,443.28,0.15,-270.72,-0.09,-7204.44,-14.41,96
228,Exit long,2025-09-19 09:34,L47610X,24744,6,297234,-313.44,-0.11,7.44,167.28,0.06,-309.72,-0.10,-7517.88,-15.04,4
228,Entry long,2025-09-19 09:30,L47610,24769.5,6,297234,-313.44,-0.11,7.44,167.28,0.06,-309.72,-0.10,-7517.88,-15.04,4
229,Exit long,2025-09-19 09:49,L47619X,24790.5,6,297039,439.56,0.15,7.44,443.28,0.15,-75.72,-0.03,-7078.32,-14.16,10
229,Entry long,2025-09-19 09:39,L47619,24753.25,6,297039,439.56,0.15,7.44,443.28,0.15,-75.72,-0.03,-7078.32,-14.16,10
230,Exit short,2025-09-19 10:20,S47636X,24755.5,6,297513,439.56,0.15,7.44,443.28,0.15,-177.72,-0.06,-6638.76,-13.28,24
230,Entry short,2025-09-19 09:56,S47636,24792.75,6,297513,439.56,0.15,7.44,443.28,0.15,-177.72,-0.06,-6638.76,-13.28,24
231,Exit short,2025-09-19 10:46,S47669X,24745,6,297387,439.56,0.15,7.44,443.28,0.15,-102.72,-0.03,-6199.2,-12.40,17
231,Entry short,2025-09-19 10:29,S47669,24782.25,6,297387,439.56,0.15,7.44,443.28,0.15,-102.72,-0.03,-6199.2,-12.40,17
232,Exit long,2025-09-19 11:15,L47688X,24726,6,297018,-313.44,-0.11,7.44,326.28,0.11,-309.72,-0.10,-6512.64,-13.03,27
232,Entry long,2025-09-19 10:48,L47688,24751.5,6,297018,-313.44,-0.11,7.44,326.28,0.11,-309.72,-0.10,-6512.64,-13.03,27
233,Exit short,2025-09-19 15:01,S47880X,24837,6,297738,-313.44,-0.11,7.44,80.28,0.03,-309.72,-0.10,-6826.08,-13.65,61
233,Entry short,2025-09-19 14:00,S47880,24811.5,6,297738,-313.44,-0.11,7.44,80.28,0.03,-309.72,-0.10,-6826.08,-13.65,61
234,Exit long,2025-09-22 09:51,L48990X,24866,6,297945,439.56,0.15,7.44,443.28,0.15,-90.72,-0.03,-6386.52,-12.77,21
234,Entry long,2025-09-22 09:30,L48990,24828.75,6,297945,439.56,0.15,7.44,443.28,0.15,-90.72,-0.03,-6386.52,-12.77,21
235,Exit short,2025-09-22 10:02,S49017X,24885.25,6,298317,-313.44,-0.11,7.44,17.28,0.01,-309.72,-0.10,-6699.96,-13.40,5
235,Entry short,2025-09-22 09:57,S49017,24859.75,6,298317,-313.44,-0.11,7.44,17.28,0.01,-309.72,-0.10,-6699.96,-13.40,5
236,Exit short,2025-09-22 10:29,S49024X,24899.5,6,298488,-313.44,-0.11,7.44,227.28,0.08,-309.72,-0.10,-7013.4,-14.03,25
236,Entry short,2025-09-22 10:04,S49024,24874,6,298488,-313.44,-0.11,7.44,227.28,0.08,-309.72,-0.10,-7013.4,-14.03,25
237,Exit short,2025-09-22 10:42,S49051X,24919,6,298722,-313.44,-0.10,7.44,17.28,0.01,-309.72,-0.10,-7326.84,-14.65,11
237,Entry short,2025-09-22 10:31,S49051,24893.5,6,298722,-313.44,-0.10,7.44,17.28,0.01,-309.72,-0.10,-7326.84,-14.65,11
238,Exit short,2025-09-22 12:09,S49069X,24940.5,6,298980,-313.44,-0.10,7.44,206.28,0.07,-309.72,-0.10,-7640.28,-15.28,80
238,Entry short,2025-09-22 10:49,S49069,24915,6,298980,-313.44,-0.10,7.44,206.28,0.07,-309.72,-0.10,-7640.28,-15.28,80
239,Exit long,2025-09-22 15:55,flat 15:55,25005.25,6,299883,172.56,0.06,7.44,440.28,0.15,-51.72,-0.02,-7467.72,-14.94,115
239,Entry long,2025-09-22 14:00,L49260,24990.25,6,299883,172.56,0.06,7.44,440.28,0.15,-51.72,-0.02,-7467.72,-14.94,115
240,Exit short,2025-09-23 09:41,S50370X,24957.5,6,299937,439.56,0.15,7.44,443.28,0.15,-183.72,-0.06,-7028.16,-14.06,11
240,Entry short,2025-09-23 09:30,S50370,24994.75,6,299937,439.56,0.15,7.44,443.28,0.15,-183.72,-0.06,-7028.16,-14.06,11
241,Exit long,2025-09-23 10:00,L50384X,24929.25,6,299457,-313.44,-0.10,7.44,197.28,0.07,-309.72,-0.10,-7341.6,-14.68,16
241,Entry long,2025-09-23 09:44,L50384,24954.75,6,299457,-313.44,-0.10,7.44,197.28,0.07,-309.72,-0.10,-7341.6,-14.68,16
242,Exit long,2025-09-23 12:12,L50401X,24917.75,6,299319,-313.44,-0.10,7.44,377.28,0.13,-309.72,-0.10,-7655.04,-15.31,131
242,Entry long,2025-09-23 10:01,L50401,24943.25,6,299319,-313.44,-0.10,7.44,377.28,0.13,-309.72,-0.10,-7655.04,-15.31,131
243,Exit short,2025-09-23 14:22,S50640X,24792.75,6,297960,439.56,0.15,7.44,443.28,0.15,-195.72,-0.07,-7215.48,-14.43,22
243,Entry short,2025-09-23 14:00,S50640,24830,6,297960,439.56,0.15,7.44,443.28,0.15,-195.72,-0.07,-7215.48,-14.43,22
244,Exit long,2025-09-23 14:55,L50665X,24790.75,6,297795,-313.44,-0.11,7.44,239.28,0.08,-309.72,-0.10,-7528.92,-15.06,30
244,Entry long,2025-09-23 14:25,L50665,24816.25,6,297795,-313.44,-0.11,7.44,239.28,0.08,-309.72,-0.10,-7528.92,-15.06,30
245,Exit long,2025-09-23 15:55,flat 15:55,24835,6,297666,346.56,0.12,7.44,440.28,0.15,-261.72,-0.09,-7182.36,-14.36,60
245,Entry long,2025-09-23 14:55,L50695,24805.5,6,297666,346.56,0.12,7.44,440.28,0.15,-261.72,-0.09,-7182.36,-14.36,60
246,Exit short,2025-09-24 09:51,S51750X,24794.25,3,149214,444.78,0.30,3.72,446.64,0.30,-42.36,-0.03,-6737.58,-13.48,21
246,Entry short,2025-09-24 09:30,S51750,24869,3,149214,444.78,0.30,3.72,446.64,0.30,-42.36,-0.03,-6737.58,-13.48,21
247,Exit long,2025-09-24 10:33,L51779X,24795.25,6,297849,-313.44,-0.11,7.44,239.28,0.08,-309.72,-0.10,-7051.02,-14.10,34
247,Entry long,2025-09-24 09:59,L51779,24820.75,6,297849,-313.44,-0.11,7.44,239.28,0.08,-309.72,-0.10,-7051.02,-14.10,34
248,Exit long,2025-09-24 11:03,L51815X,24788.75,6,297771,-313.44,-0.11,7.44,182.28,0.06,-309.72,-0.10,-7364.46,-14.73,28
248,Entry long,2025-09-24 10:35,L51815,24814.25,6,297771,-313.44,-0.11,7.44,182.28,0.06,-309.72,-0.10,-7364.46,-14.73,28
249,Exit long,2025-09-24 14:11,L52020X,24685.25,6,296529,-313.44,-0.11,7.44,68.28,0.02,-309.72,-0.10,-7677.9,-15.36,11
249,Entry long,2025-09-24 14:00,L52020,24710.75,6,296529,-313.44,-0.11,7.44,68.28,0.02,-309.72,-0.10,-7677.9,-15.36,11
250,Exit long,2025-09-24 14:53,L52033X,24735.25,6,296376,439.56,0.15,7.44,443.28,0.15,-57.72,-0.02,-7238.34,-14.48,40
250,Entry long,2025-09-24 14:13,L52033,24698,6,296376,439.56,0.15,7.44,443.28,0.15,-57.72,-0.02,-7238.34,-14.48,40
251,Exit short,2025-09-25 09:40,S53130X,24467,3,147250.5,444.78,0.30,3.72,446.64,0.30,-117.36,-0.08,-6793.56,-13.59,10
251,Entry short,2025-09-25 09:30,S53130,24541.75,3,147250.5,444.78,0.30,3.72,446.64,0.30,-117.36,-0.08,-6793.56,-13.59,10
252,Exit long,2025-09-25 09:48,L53145X,24488,6,293409,439.56,0.15,7.44,443.28,0.15,-171.72,-0.06,-6354,-12.71,3
252,Entry long,2025-09-25 09:45,L53145,24450.75,6,293409,439.56,0.15,7.44,443.28,0.15,-171.72,-0.06,-6354,-12.71,3
253,Exit long,2025-09-25 09:58,L53148X,24440.25,3,146944.5,-306.72,-0.21,3.72,188.64,0.13,-304.86,-0.21,-6660.72,-13.32,10
253,Entry long,2025-09-25 09:48,L53148,24490.75,3,146944.5,-306.72,-0.21,3.72,188.64,0.13,-304.86,-0.21,-6660.72,-13.32,10
254,Exit long,2025-09-25 10:21,L53165X,24614.75,3,147240,444.78,0.30,3.72,446.64,0.30,-33.36,-0.02,-6215.94,-12.43,16
254,Entry long,2025-09-25 10:05,L53165,24540,3,147240,444.78,0.30,3.72,446.64,0.30,-33.36,-0.02,-6215.94,-12.43,16
255,Exit short,2025-09-25 10:48,S53186X,24648.25,6,295473,-313.44,-0.11,7.44,245.28,0.08,-309.72,-0.10,-6529.38,-13.06,22
255,Entry short,2025-09-25 10:26,S53186,24622.75,6,295473,-313.44,-0.11,7.44,245.28,0.08,-309.72,-0.10,-6529.38,-13.06,22
256,Exit short,2025-09-25 10:56,S53210X,24652.75,6,295527,-313.44,-0.11,7.44,119.28,0.04,-309.72,-0.10,-6842.82,-13.69,6
256,Entry short,2025-09-25 10:50,S53210,24627.25,6,295527,-313.44,-0.11,7.44,119.28,0.04,-309.72,-0.10,-6842.82,-13.69,6
257,Exit short,2025-09-25 11:07,S53218X,24599.5,6,295641,439.56,0.15,7.44,443.28,0.15,-42.72,-0.01,-6403.26,-12.81,9
257,Entry short,2025-09-25 10:58,S53218,24636.75,6,295641,439.56,0.15,7.44,443.28,0.15,-42.72,-0.01,-6403.26,-12.81,9
258,Exit short,2025-09-25 14:04,S53400X,24460,6,293967,439.56,0.15,7.44,443.28,0.15,-135.72,-0.05,-5963.7,-11.93,4
258,Entry short,2025-09-25 14:00,S53400,24497.25,6,293967,439.56,0.15,7.44,443.28,0.15,-135.72,-0.05,-5963.7,-11.93,4
259,Exit long,2025-09-25 14:15,L53406X,24533.25,6,293952,439.56,0.15,7.44,443.28,0.15,-171.72,-0.06,-5524.14,-11.05,9
259,Entry long,2025-09-25 14:06,L53406,24496,6,293952,439.56,0.15,7.44,443.28,0.15,-171.72,-0.06,-5524.14,-11.05,9
260,Exit short,2025-09-25 14:30,S53422X,24588.75,6,294759,-313.44,-0.11,7.44,107.28,0.04,-309.72,-0.11,-5837.58,-11.68,8
260,Entry short,2025-09-25 14:22,S53422,24563.25,6,294759,-313.44,-0.11,7.44,107.28,0.04,-309.72,-0.11,-5837.58,-11.68,8
261,Exit short,2025-09-26 09:32,S54510X,24657.25,3,147640.5,-306.72,-0.21,3.72,58.14,0.04,-304.86,-0.21,-6144.3,-12.29,2
261,Entry short,2025-09-26 09:30,S54510,24606.75,3,147640.5,-306.72,-0.21,3.72,58.14,0.04,-304.86,-0.21,-6144.3,-12.29,2
262,Exit long,2025-09-26 09:41,L54512X,24663.5,6,296268,-313.44,-0.11,7.44,200.28,0.07,-309.72,-0.10,-6457.74,-12.92,9
262,Entry long,2025-09-26 09:32,L54512,24689,6,296268,-313.44,-0.11,7.44,200.28,0.07,-309.72,-0.10,-6457.74,-12.92,9
263,Exit short,2025-09-26 09:49,S54525X,24711.5,3,147966,-306.72,-0.21,3.72,14.64,0.01,-304.86,-0.21,-6764.46,-13.53,4
263,Entry short,2025-09-26 09:45,S54525,24661,3,147966,-306.72,-0.21,3.72,14.64,0.01,-304.86,-0.21,-6764.46,-13.53,4
264,Exit short,2025-09-26 10:07,S54530X,24614.75,3,148137,444.78,0.30,3.72,446.64,0.30,-264.36,-0.18,-6319.68,-12.64,17
264,Entry short,2025-09-26 09:50,S54530,24689.5,3,148137,444.78,0.30,3.72,446.64,0.30,-264.36,-0.18,-6319.68,-12.64,17
265,Exit long,2025-09-26 10:24,L54552X,24568,3,147711,-306.72,-0.21,3.72,2.64,0.00,-304.86,-0.21,-6626.4,-13.25,12
265,Entry long,2025-09-26 10:12,L54552,24618.5,3,147711,-306.72,-0.21,3.72,2.64,0.00,-304.86,-0.21,-6626.4,-13.25,12
266,Exit long,2025-09-26 10:40,L54568X,24619.25,3,147267,444.78,0.30,3.72,446.64,0.30,-34.86,-0.02,-6181.62,-12.36,12
266,Entry long,2025-09-26 10:28,L54568,24544.5,3,147267,444.78,0.30,3.72,446.64,0.30,-34.86,-0.02,-6181.62,-12.36,12
267,Exit long,2025-09-26 10:49,L54580X,24576.25,3,147760.5,-306.72,-0.21,3.72,94.14,0.06,-304.86,-0.21,-6488.34,-12.98,9
267,Entry long,2025-09-26 10:40,L54580,24626.75,3,147760.5,-306.72,-0.21,3.72,94.14,0.06,-304.86,-0.21,-6488.34,-12.98,9
268,Exit long,2025-09-26 12:21,L54591X,24651.5,3,147460.5,444.78,0.30,3.72,446.64,0.30,-189.36,-0.13,-6043.56,-12.09,90
268,Entry long,2025-09-26 10:51,L54591,24576.75,3,147460.5,444.78,0.30,3.72,446.64,0.30,-189.36,-0.13,-6043.56,-12.09,90
269,Exit long,2025-09-26 14:10,L54780X,24675.5,6,296412,-313.44,-0.11,7.44,125.28,0.04,-309.72,-0.10,-6357,-12.71,10
269,Entry long,2025-09-26 14:00,L54780,24701,6,296412,-313.44,-0.11,7.44,125.28,0.04,-309.72,-0.10,-6357,-12.71,10
270,Exit long,2025-09-26 14:25,L54792X,24725.75,6,296262,439.56,0.15,7.44,443.28,0.15,-48.72,-0.02,-5917.44,-11.83,13
270,Entry long,2025-09-26 14:12,L54792,24688.5,6,296262,439.56,0.15,7.44,443.28,0.15,-48.72,-0.02,-5917.44,-11.83,13
271,Exit long,2025-09-29 09:37,L55890X,24892.75,6,298266,439.56,0.15,7.44,443.28,0.15,-39.72,-0.01,-5477.88,-10.96,7
271,Entry long,2025-09-29 09:30,L55890,24855.5,6,298266,439.56,0.15,7.44,443.28,0.15,-39.72,-0.01,-5477.88,-10.96,7
272,Exit short,2025-09-29 10:00,S55912X,24956.75,6,299175,-313.44,-0.10,7.44,11.28,0.00,-309.72,-0.10,-5791.32,-11.58,8
272,Entry short,2025-09-29 09:52,S55912,24931.25,6,299175,-313.44,-0.10,7.44,11.28,0.00,-309.72,-0.10,-5791.32,-11.58,8
273,Exit short,2025-09-29 10:07,S55921X,24956.25,6,299169,-313.44,-0.10,7.44,131.28,0.04,-309.72,-0.10,-6104.76,-12.21,6
273,Entry short,2025-09-29 10:01,S55921,24930.75,6,299169,-313.44,-0.10,7.44,131.28,0.04,-309.72,-0.10,-6104.76,-12.21,6
274,Exit short,2025-09-29 10:20,S55931X,24920.75,6,299496,439.56,0.15,7.44,443.28,0.15,-69.72,-0.02,-5665.2,-11.33,9
274,Entry short,2025-09-29 10:11,S55931,24958,6,299496,439.56,0.15,7.44,443.28,0.15,-69.72,-0.02,-5665.2,-11.33,9
275,Exit short,2025-09-29 11:10,S55953X,24911.5,6,299385,439.56,0.15,7.44,443.28,0.15,-153.72,-0.05,-5225.64,-10.45,37
275,Entry short,2025-09-29 10:33,S55953,24948.75,6,299385,439.56,0.15,7.44,443.28,0.15,-153.72,-0.05,-5225.64,-10.45,37
276,Exit long,2025-09-29 15:07,L56160X,24821,6,298158,-313.44,-0.11,7.44,269.28,0.09,-309.72,-0.10,-5539.08,-11.08,67
276,Entry long,2025-09-29 14:00,L56160,24846.5,6,298158,-313.44,-0.11,7.44,269.28,0.09,-309.72,-0.10,-5539.08,-11.08,67
277,Exit short,2025-09-30 09:54,S57270X,24732.75,3,148845,444.78,0.30,3.72,446.64,0.30,-18.36,-0.01,-5094.3,-10.19,24
277,Entry short,2025-09-30 09:30,S57270,24807.5,3,148845,444.78,0.30,3.72,446.64,0.30,-18.36,-0.01,-5094.3,-10.19,24
278,Exit long,2025-09-30 09:59,L57296X,24792.75,6,297066,439.56,0.15,7.44,443.28,0.15,-96.72,-0.03,-4654.74,-9.31,3
278,Entry long,2025-09-30 09:56,L57296,24755.5,6,297066,439.56,0.15,7.44,443.28,0.15,-96.72,-0.03,-4654.74,-9.31,3
279,Exit long,2025-09-30 10:06,L57299X,24763,6,297462,-313.44,-0.11,7.44,284.28,0.10,-309.72,-0.10,-4968.18,-9.94,7
279,Entry long,2025-09-30 09:59,L57299,24788.5,6,297462,-313.44,-0.11,7.44,284.28,0.10,-309.72,-0.10,-4968.18,-9.94,7
280,Exit long,2025-09-30 10:39,L57316X,24756.75,6,297387,-313.44,-0.11,7.44,323.28,0.11,-309.72,-0.10,-5281.62,-10.56,23
280,Entry long,2025-09-30 10:16,L57316,24782.25,6,297387,-313.44,-0.11,7.44,323.28,0.11,-309.72,-0.10,-5281.62,-10.56,23
281,Exit long,2025-09-30 10:46,L57340X,24805.75,6,297222,439.56,0.15,7.44,443.28,0.15,-48.72,-0.02,-4842.06,-9.68,6
281,Entry long,2025-09-30 10:40,L57340,24768.5,6,297222,439.56,0.15,7.44,443.28,0.15,-48.72,-0.02,-4842.06,-9.68,6
282,Exit short,2025-09-30 14:10,S57540X,24792.75,6,297207,-313.44,-0.11,7.44,59.28,0.02,-309.72,-0.10,-5155.5,-10.31,10
282,Entry short,2025-09-30 14:00,S57540,24767.25,6,297207,-313.44,-0.11,7.44,59.28,0.02,-309.72,-0.10,-5155.5,-10.31,10
283,Exit short,2025-09-30 14:44,S57562X,24840,6,297774,-313.44,-0.11,7.44,38.28,0.01,-309.72,-0.10,-5468.94,-10.94,22
283,Entry short,2025-09-30 14:22,S57562,24814.5,6,297774,-313.44,-0.11,7.44,38.28,0.01,-309.72,-0.10,-5468.94,-10.94,22
284,Exit short,2025-09-30 15:26,S57594X,24864.75,6,298071,-313.44,-0.11,7.44,209.28,0.07,-309.72,-0.10,-5782.38,-11.56,32
284,Entry short,2025-09-30 14:54,S57594,24839.25,6,298071,-313.44,-0.11,7.44,209.28,0.07,-309.72,-0.10,-5782.38,-11.56,32
285,Exit short,2025-10-01 09:31,S58650X,24772,6,296958,-313.44,-0.11,7.44,32.28,0.01,-309.72,-0.10,-6095.82,-12.19,1
285,Entry short,2025-10-01 09:30,S58650,24746.5,6,296958,-313.44,-0.11,7.44,32.28,0.01,-309.72,-0.10,-6095.82,-12.19,1
286,Exit long,2025-10-01 09:48,L58651X,24779.25,6,297657,-313.44,-0.11,7.44,437.28,0.15,-309.72,-0.10,-6409.26,-12.82,17
286,Entry long,2025-10-01 09:31,L58651,24804.75,6,297657,-313.44,-0.11,7.44,437.28,0.15,-309.72,-0.10,-6409.26,-12.82,17
287,Exit short,2025-10-01 09:49,S58668X,24735.75,6,297276,439.56,0.15,7.44,443.28,0.15,-24.72,-0.01,-5969.7,-11.94,1
287,Entry short,2025-10-01 09:48,S58668,24773,6,297276,439.56,0.15,7.44,443.28,0.15,-24.72,-0.01,-5969.7,-11.94,1
288,Exit short,2025-10-01 10:14,S58678X,24833.25,3,148696.5,-306.72,-0.21,3.72,164.64,0.11,-304.86,-0.21,-6276.42,-12.55,16
288,Entry short,2025-10-01 09:58,S58678,24782.75,3,148696.5,-306.72,-0.21,3.72,164.64,0.11,-304.86,-0.21,-6276.42,-12.55,16
289,Exit short,2025-10-01 10:36,S58709X,24909.25,6,298605,-313.44,-0.10,7.44,104.28,0.03,-309.72,-0.10,-6589.86,-13.18,7
289,Entry short,2025-10-01 10:29,S58709,24883.75,6,298605,-313.44,-0.10,7.44,104.28,0.03,-309.72,-0.10,-6589.86,-13.18,7
290,Exit short,2025-10-01 11:37,S58717X,24926.25,6,298809,-313.44,-0.10,7.44,293.28,0.10,-309.72,-0.10,-6903.3,-13.81,60
290,Entry short,2025-10-01 10:37,S58717,24900.75,6,298809,-313.44,-0.10,7.44,293.28,0.10,-309.72,-0.10,-6903.3,-13.81,60
291,Exit long,2025-10-01 15:55,flat 15:55,25019.5,3,150013.5,99.78,0.07,3.72,206.64,0.14,-150.36,-0.10,-6803.52,-13.61,115
291,Entry long,2025-10-01 14:00,L58920,25002.25,3,150013.5,99.78,0.07,3.72,206.64,0.14,-150.36,-0.10,-6803.52,-13.61,115
292,Exit short,2025-10-02 09:40,S60030X,25067,3,150850.5,444.78,0.29,3.72,446.64,0.30,-76.86,-0.05,-6358.74,-12.72,10
292,Entry short,2025-10-02 09:30,S60030,25141.75,3,150850.5,444.78,0.29,3.72,446.64,0.30,-76.86,-0.05,-6358.74,-12.72,10
293,Exit long,2025-10-02 09:49,L60045X,25031,6,300678,-313.44,-0.10,7.44,173.28,0.06,-309.72,-0.10,-6672.18,-13.34,4
293,Entry long,2025-10-02 09:45,L60045,25056.5,6,300678,-313.44,-0.10,7.44,173.28,0.06,-309.72,-0.10,-6672.18,-13.34,4
294,Exit long,2025-10-02 09:56,L60053X,25024.5,6,300600,-313.44,-0.10,7.44,110.28,0.04,-309.72,-0.10,-6985.62,-13.97,3
294,Entry long,2025-10-02 09:53,L60053,25050,6,300600,-313.44,-0.10,7.44,110.28,0.04,-309.72,-0.10,-6985.62,-13.97,3
295,Exit long,2025-10-02 10:46,L60058X,25030.5,6,300672,-313.44,-0.10,7.44,425.28,0.14,-309.72,-0.10,-7299.06,-14.60,48
295,Entry long,2025-10-02 09:58,L60058,25056,6,300672,-313.44,-0.10,7.44,425.28,0.14,-309.72,-0.10,-7299.06,-14.60,48
296,Exit long,2025-10-02 10:51,L60108X,25030.5,6,300672,-313.44,-0.10,7.44,2.28,0.00,-309.72,-0.10,-7612.5,-15.22,3
296,Entry long,2025-10-02 10:48,L60108,25056,6,300672,-313.44,-0.10,7.44,2.28,0.00,-309.72,-0.10,-7612.5,-15.22,3
297,Exit long,2025-10-02 11:00,L60112X,25015.75,6,300495,-313.44,-0.10,7.44,20.28,0.01,-309.72,-0.10,-7925.94,-15.85,8
297,Entry long,2025-10-02 10:52,L60112,25041.25,6,300495,-313.44,-0.10,7.44,20.28,0.01,-309.72,-0.10,-7925.94,-15.85,8
298,Exit long,2025-10-02 15:32,L60300X,25126.75,6,301074,439.56,0.15,7.44,443.28,0.15,-162.72,-0.05,-7486.38,-14.97,92
298,Entry long,2025-10-02 14:00,L60300,25089.5,6,301074,439.56,0.15,7.44,443.28,0.15,-162.72,-0.05,-7486.38,-14.97,92
299,Exit short,2025-10-03 10:09,S61410X,25052.5,3,150763.5,444.78,0.30,3.72,446.64,0.30,-264.36,-0.18,-7041.6,-14.08,39
299,Entry short,2025-10-03 09:30,S61410,25127.25,3,150763.5,444.78,0.30,3.72,446.64,0.30,-264.36,-0.18,-7041.6,-14.08,39
300,Exit long,2025-10-03 10:40,L61452X,25117,6,300957,439.56,0.15,7.44,443.28,0.15,-255.72,-0.08,-6602.04,-13.20,28
300,Entry long,2025-10-03 10:12,L61452,25079.75,6,300957,439.56,0.15,7.44,443.28,0.15,-255.72,-0.08,-6602.04,-13.20,28
301,Exit long,2025-10-03 10:50,L61480X,25093.5,6,301428,-313.44,-0.10,7.44,95.28,0.03,-309.72,-0.10,-6915.48,-13.83,10
301,Entry long,2025-10-03 10:40,L61480,25119,6,301428,-313.44,-0.10,7.44,95.28,0.03,-309.72,-0.10,-6915.48,-13.83,10
302,Exit long,2025-10-03 11:56,L61491X,25145.25,6,301296,439.56,0.15,7.44,443.28,0.15,-102.72,-0.03,-6475.92,-12.95,65
302,Entry long,2025-10-03 10:51,L61491,25108,6,301296,439.56,0.15,7.44,443.28,0.15,-102.72,-0.03,-6475.92,-12.95,65
303,Exit short,2025-10-03 14:11,S61680X,24981.75,6,299475,-313.44,-0.10,7.44,359.28,0.12,-309.72,-0.10,-6789.36,-13.58,11
303,Entry short,2025-10-03 14:00,S61680,24956.25,6,299475,-313.44,-0.10,7.44,359.28,0.12,-309.72,-0.10,-6789.36,-13.58,11
304,Exit short,2025-10-03 14:33,S61710X,24997.25,6,300414,439.56,0.15,7.44,443.28,0.15,-18.72,-0.01,-6349.8,-12.70,3
304,Entry short,2025-10-03 14:30,S61710,25034.5,6,300414,439.56,0.15,7.44,443.28,0.15,-18.72,-0.01,-6349.8,-12.70,3
305,Exit short,2025-10-03 15:55,flat 15:55,24996.75,6,300066,97.56,0.03,7.44,317.28,0.11,-297.72,-0.10,-6252.24,-12.50,70
305,Entry short,2025-10-03 14:45,S61725,25005.5,6,300066,97.56,0.03,7.44,317.28,0.11,-297.72,-0.10,-6252.24,-12.50,70
306,Exit short,2025-10-06 09:43,S62790X,25122.75,3,151185,444.78,0.29,3.72,446.64,0.30,-85.86,-0.06,-5807.46,-11.61,13
306,Entry short,2025-10-06 09:30,S62790,25197.5,3,151185,444.78,0.29,3.72,446.64,0.30,-85.86,-0.06,-5807.46,-11.61,13
307,Exit long,2025-10-06 09:51,L62806X,25140.75,6,301995,-313.44,-0.10,7.44,92.28,0.03,-309.72,-0.10,-6120.9,-12.24,5
307,Entry long,2025-10-06 09:46,L62806,25166.25,6,301995,-313.44,-0.10,7.44,92.28,0.03,-309.72,-0.10,-6120.9,-12.24,5
308,Exit long,2025-10-06 10:36,L62812X,25124.75,6,301803,-313.44,-0.10,7.44,407.28,0.13,-309.72,-0.10,-6434.34,-12.87,44
308,Entry long,2025-10-06 09:52,L62812,25150.25,6,301803,-313.44,-0.10,7.44,407.28,0.13,-309.72,-0.10,-6434.34,-12.87,44
309,Exit long,2025-10-06 10:42,L62858X,25115.25,6,301689,-313.44,-0.10,7.44,53.28,0.02,-309.72,-0.10,-6747.78,-13.50,4
309,Entry long,2025-10-06 10:38,L62858,25140.75,6,301689,-313.44,-0.10,7.44,53.28,0.02,-309.72,-0.10,-6747.78,-13.50,4
310,Exit long,2025-10-06 11:27,L62863X,25174,6,301641,439.56,0.15,7.44,443.28,0.15,-171.72,-0.06,-6308.22,-12.62,44
310,Entry long,2025-10-06 10:43,L62863,25136.75,6,301641,439.56,0.15,7.44,443.28,0.15,-171.72,-0.06,-6308.22,-12.62,44
311,Exit short,2025-10-06 14:31,S63060X,25247.75,6,302667,-313.44,-0.10,7.44,41.28,0.01,-309.72,-0.10,-6621.66,-13.24,31
311,Entry short,2025-10-06 14:00,S63060,25222.25,6,302667,-313.44,-0.10,7.44,41.28,0.01,-309.72,-0.10,-6621.66,-13.24,31
312,Exit short,2025-10-06 15:23,S63093X,25221,9,454419,429.84,0.09,11.16,435.42,0.10,-140.58,-0.03,-6191.82,-12.38,50
312,Entry short,2025-10-06 14:33,S63093,25245.5,9,454419,429.84,0.09,11.16,435.42,0.10,-140.58,-0.03,-6191.82,-12.38,50
313,Exit short,2025-10-07 09:36,S64170X,25255.5,6,302760,-313.44,-0.10,7.44,119.28,0.04,-309.72,-0.10,-6505.26,-13.01,6
313,Entry short,2025-10-07 09:30,S64170,25230,6,302760,-313.44,-0.10,7.44,119.28,0.04,-309.72,-0.10,-6505.26,-13.01,6
314,Exit short,2025-10-07 10:27,S64182X,25207.75,6,302940,439.56,0.15,7.44,443.28,0.15,-249.72,-0.08,-6065.7,-12.13,45
314,Entry short,2025-10-07 09:42,S64182,25245,6,302940,439.56,0.15,7.44,443.28,0.15,-249.72,-0.08,-6065.7,-12.13,45
315,Exit long,2025-10-07 10:36,L64232X,25196,6,302658,-313.44,-0.10,7.44,89.28,0.03,-309.72,-0.10,-6379.14,-12.76,4
315,Entry long,2025-10-07 10:32,L64232,25221.5,6,302658,-313.44,-0.10,7.44,89.28,0.03,-309.72,-0.10,-6379.14,-12.76,4
316,Exit long,2025-10-07 10:50,L64240X,25183,6,302502,-313.44,-0.10,7.44,32.28,0.01,-309.72,-0.10,-6692.58,-13.39,10
316,Entry long,2025-10-07 10:40,L64240,25208.5,6,302502,-313.44,-0.10,7.44,32.28,0.01,-309.72,-0.10,-6692.58,-13.39,10
317,Exit long,2025-10-07 11:03,L64254X,25166.25,6,302301,-313.44,-0.10,7.44,32.28,0.01,-309.72,-0.10,-7006.02,-14.01,9
317,Entry long,2025-10-07 10:54,L64254,25191.75,6,302301,-313.44,-0.10,7.44,32.28,0.01,-309.72,-0.10,-7006.02,-14.01,9
318,Exit short,2025-10-07 14:11,S64440X,25029.5,6,300048,-313.44,-0.10,7.44,152.28,0.05,-309.72,-0.10,-7319.46,-14.64,11
318,Entry short,2025-10-07 14:00,S64440,25004,6,300048,-313.44,-0.10,7.44,152.28,0.05,-309.72,-0.10,-7319.46,-14.64,11
319,Exit short,2025-10-07 15:43,S64454X,25060.5,6,300420,-313.44,-0.10,7.44,158.28,0.05,-309.72,-0.10,-7632.9,-15.27,89
319,Entry short,2025-10-07 14:14,S64454,25035,6,300420,-313.44,-0.10,7.44,158.28,0.05,-309.72,-0.10,-7632.9,-15.27,89
320,Exit long,2025-10-08 09:53,L65550X,25167.25,3,150555,444.78,0.30,3.72,446.64,0.30,-19.86,-0.01,-7188.12,-14.38,23
320,Entry long,2025-10-08 09:30,L65550,25092.5,3,150555,444.78,0.30,3.72,446.64,0.30,-19.86,-0.01,-7188.12,-14.38,23
321,Exit short,2025-10-08 10:00,S65579X,25199.25,6,302085,-313.44,-0.10,7.44,0,0.00,-309.72,-0.10,-7501.56,-15.00,1
321,Entry short,2025-10-08 09:59,S65579,25173.75,6,302085,-313.44,-0.10,7.44,0,0.00,-309.72,-0.10,-7501.56,-15.00,1
322,Exit short,2025-10-08 10:50,S65593X,25182,6,302631,439.56,0.15,7.44,443.28,0.15,-84.72,-0.03,-7062,-14.12,37
322,Entry short,2025-10-08 10:13,S65593,25219.25,6,302631,439.56,0.15,7.44,443.28,0.15,-84.72,-0.03,-7062,-14.12,37
323,Exit short,2025-10-08 11:06,S65630X,25210,6,302214,-313.44,-0.10,7.44,137.28,0.05,-309.72,-0.10,-7375.44,-14.75,16
323,Entry short,2025-10-08 10:50,S65630,25184.5,6,302214,-313.44,-0.10,7.44,137.28,0.05,-309.72,-0.10,-7375.44,-14.75,16
324,Exit short,2025-10-08 15:32,S65820X,25318.75,3,151609.5,-306.72,-0.20,3.72,14.64,0.01,-304.86,-0.20,-7682.16,-15.36,92
324,Entry short,2025-10-08 14:00,S65820,25268.25,3,151609.5,-306.72,-0.20,3.72,14.64,0.01,-304.86,-0.20,-7682.16,-15.36,92
325,Exit short,2025-10-09 09:41,S66930X,25283,6,303843,439.56,0.14,7.44,443.28,0.15,-177.72,-0.06,-7242.6,-14.49,11
325,Entry short,2025-10-09 09:30,S66930,25320.25,6,303843,439.56,0.14,7.44,443.28,0.15,-177.72,-0.06,-7242.6,-14.49,11
326,Exit long,2025-10-09 09:51,L66943X,25313.25,6,303312,439.56,0.14,7.44,443.28,0.15,-270.72,-0.09,-6803.04,-13.61,8
326,Entry long,2025-10-09 09:43,L66943,25276,6,303312,439.56,0.14,7.44,443.28,0.15,-270.72,-0.09,-6803.04,-13.61,8
327,Exit long,2025-10-09 10:00,L66957X,25265.25,6,303489,-313.44,-0.10,7.44,35.28,0.01,-309.72,-0.10,-7116.48,-14.23,3
327,Entry long,2025-10-09 09:57,L66957,25290.75,6,303489,-313.44,-0.10,7.44,35.28,0.01,-309.72,-0.10,-7116.48,-14.23,3
328,Exit long,2025-10-09 10:21,L66963X,25251.25,6,303321,-313.44,-0.10,7.44,143.28,0.05,-309.72,-0.10,-7429.92,-14.86,18
328,Entry long,2025-10-09 10:03,L66963,25276.75,6,303321,-313.44,-0.10,7.44,143.28,0.05,-309.72,-0.10,-7429.92,-14.86,18
329,Exit long,2025-10-09 10:30,L66983X,25243.5,6,303228,-313.44,-0.10,7.44,89.28,0.03,-309.72,-0.10,-7743.36,-15.49,7
329,Entry long,2025-10-09 10:23,L66983,25269,6,303228,-313.44,-0.10,7.44,89.28,0.03,-309.72,-0.10,-7743.36,-15.49,7
330,Exit long,2025-10-09 10:44,L67000X,25203,6,302742,-313.44,-0.10,7.44,50.28,0.02,-309.72,-0.10,-8056.8,-16.11,4
330,Entry long,2025-10-09 10:40,L67000,25228.5,6,302742,-313.44,-0.10,7.44,50.28,0.02,-309.72,-0.10,-8056.8,-16.11,4
331,Exit long,2025-10-09 10:57,L67006X,25251.5,6,302571,439.56,0.15,7.44,443.28,0.15,-93.72,-0.03,-7617.24,-15.23,11
331,Entry long,2025-10-09 10:46,L67006,25214.25,6,302571,439.56,0.15,7.44,443.28,0.15,-93.72,-0.03,-7617.24,-15.23,11
332,Exit long,2025-10-09 11:24,L67017X,25230.75,6,303075,-313.44,-0.10,7.44,212.28,0.07,-309.72,-0.10,-7930.68,-15.86,27
332,Entry long,2025-10-09 10:57,L67017,25256.25,6,303075,-313.44,-0.10,7.44,212.28,0.07,-309.72,-0.10,-7930.68,-15.86,27
333,Exit short,2025-10-09 14:56,S67200X,25239.25,6,302565,-313.44,-0.10,7.44,365.28,0.12,-309.72,-0.10,-8244.12,-16.49,56
333,Entry short,2025-10-09 14:00,S67200,25213.75,6,302565,-313.44,-0.10,7.44,365.28,0.12,-309.72,-0.10,-8244.12,-16.49,56
334,Exit long,2025-10-10 09:37,L68310X,25352.5,6,303783,439.56,0.14,7.44,443.28,0.15,-6.72,0.00,-7804.56,-15.61,7
334,Entry long,2025-10-10 09:30,L68310,25315.25,6,303783,439.56,0.14,7.44,443.28,0.15,-6.72,0.00,-7804.56,-15.61,7
335,Exit short,2025-10-10 10:01,S68329X,25317.75,6,304260,439.56,0.14,7.44,443.28,0.15,-198.72,-0.07,-7365,-14.73,12
335,Entry short,2025-10-10 09:49,S68329,25355,6,304260,439.56,0.14,7.44,443.28,0.15,-198.72,-0.07,-7365,-14.73,12
336,Exit short,2025-10-10 10:07,S68341X,25350.25,6,303897,-313.44,-0.10,7.44,56.28,0.02,-309.72,-0.10,-7678.44,-15.36,6
336,Entry short,2025-10-10 10:01,S68341,25324.75,6,303897,-313.44,-0.10,7.44,56.28,0.02,-309.72,-0.10,-7678.44,-15.36,6
337,Exit short,2025-10-10 10:16,S68350X,25302.5,6,304077,439.56,0.14,7.44,443.28,0.15,-186.72,-0.06,-7238.88,-14.48,6
337,Entry short,2025-10-10 10:10,S68350,25339.75,6,304077,439.56,0.14,7.44,443.28,0.15,-186.72,-0.06,-7238.88,-14.48,6
338,Exit short,2025-10-10 10:25,S68362X,25356.25,6,303969,-313.44,-0.10,7.44,23.28,0.01,-309.72,-0.10,-7552.32,-15.10,3
338,Entry short,2025-10-10 10:22,S68362,25330.75,6,303969,-313.44,-0.10,7.44,23.28,0.01,-309.72,-0.10,-7552.32,-15.10,3
339,Exit short,2025-10-10 10:47,S68376X,25349,6,303882,-313.44,-0.10,7.44,92.28,0.03,-309.72,-0.10,-7865.76,-15.73,11
339,Entry short,2025-10-10 10:36,S68376,25323.5,6,303882,-313.44,-0.10,7.44,92.28,0.03,-309.72,-0.10,-7865.76,-15.73,11
340,Exit short,2025-10-10 10:57,S68392X,25298.5,6,304029,439.56,0.14,7.44,443.28,0.15,-126.72,-0.04,-7426.2,-14.85,5
340,Entry short,2025-10-10 10:52,S68392,25335.75,6,304029,439.56,0.14,7.44,443.28,0.15,-126.72,-0.04,-7426.2,-14.85,5
341,Exit short,2025-10-10 14:15,S68580X,24704.25,3,147922.5,-306.72,-0.21,3.72,64.14,0.04,-304.86,-0.21,-7732.92,-15.47,15
341,Entry short,2025-10-10 14:00,S68580,24653.75,3,147922.5,-306.72,-0.21,3.72,64.14,0.04,-304.86,-0.21,-7732.92,-15.47,15
342,Exit short,2025-10-10 14:48,S68608X,24611.75,3,148119,444.78,0.30,3.72,446.64,0.30,-15.36,-0.01,-7288.14,-14.58,20
342,Entry short,2025-10-10 14:28,S68608,24686.5,3,148119,444.78,0.30,3.72,446.64,0.30,-15.36,-0.01,-7288.14,-14.58,20
343,Exit long,2025-10-10 15:00,L68635X,24632.75,6,295146,439.56,0.15,7.44,443.28,0.15,-234.72,-0.08,-6848.58,-13.70,5
343,Entry long,2025-10-10 14:55,L68635,24595.5,6,295146,439.56,0.15,7.44,443.28,0.15,-234.72,-0.08,-6848.58,-13.70,5
344,Exit short,2025-10-13 09:35,S69690X,24746,3,148924.5,444.78,0.30,3.72,446.64,0.30,-133.86,-0.09,-6403.8,-12.81,5
344,Entry short,2025-10-13 09:30,S69690,24820.75,3,148924.5,444.78,0.30,3.72,446.64,0.30,-133.86,-0.09,-6403.8,-12.81,5
345,Exit long,2025-10-13 09:50,L69697X,24830.5,3,148534.5,444.78,0.30,3.72,446.64,0.30,-154.86,-0.10,-5959.02,-11.92,13
345,Entry long,2025-10-13 09:37,L69697,24755.75,3,148534.5,444.78,0.30,3.72,446.64,0.30,-154.86,-0.10,-5959.02,-11.92,13
346,Exit short,2025-10-13 09:59,S69714X,24891.25,3,149044.5,-306.72,-0.21,3.72,28.14,0.02,-304.86,-0.20,-6265.74,-12.53,5
346,Entry short,2025-10-13 09:54,S69714,24840.75,3,149044.5,-306.72,-0.21,3.72,28.14,0.02,-304.86,-0.20,-6265.74,-12.53,5
347,Exit short,2025-10-13 10:22,S69722X,24799,3,149242.5,444.78,0.30,3.72,446.64,0.30,-241.86,-0.16,-5820.96,-11.64,20
347,Entry short,2025-10-13 10:02,S69722,24873.75,3,149242.5,444.78,0.30,3.72,446.64,0.30,-241.86,-0.16,-5820.96,-11.64,20
348,Exit long,2025-10-13 10:52,L69748X,24766.5,3,148902,-306.72,-0.21,3.72,427.14,0.29,-304.86,-0.20,-6127.68,-12.26,24
348,Entry long,2025-10-13 10:28,L69748,24817,3,148902,-306.72,-0.21,3.72,427.14,0.29,-304.86,-0.20,-6127.68,-12.26,24
349,Exit long,2025-10-13 11:19,L69773X,24867.25,3,148755,444.78,0.30,3.72,446.64,0.30,-295.86,-0.20,-5682.9,-11.37,26
349,Entry long,2025-10-13 10:53,L69773,24792.5,3,148755,444.78,0.30,3.72,446.64,0.30,-295.86,-0.20,-5682.9,-11.37,26
350,Exit short,2025-10-13 14:24,S69960X,24951.25,6,299109,-313.44,-0.10,7.44,35.28,0.01,-309.72,-0.10,-5996.34,-11.99,24
350,Entry short,2025-10-13 14:00,S69960,24925.75,6,299109,-313.44,-0.10,7.44,35.28,0.01,-309.72,-0.10,-5996.34,-11.99,24
351,Exit short,2025-10-13 14:42,S69993X,24912.5,6,299397,439.56,0.15,7.44,443.28,0.15,-15.72,-0.01,-5556.78,-11.11,9
351,Entry short,2025-10-13 14:33,S69993,24949.75,6,299397,439.56,0.15,7.44,443.28,0.15,-15.72,-0.01,-5556.78,-11.11,9
352,Exit long,2025-10-13 14:56,L70004X,24895.75,6,299055,-313.44,-0.10,7.44,65.28,0.02,-309.72,-0.10,-5870.22,-11.74,12
352,Entry long,2025-10-13 14:44,L70004,24921.25,6,299055,-313.44,-0.10,7.44,65.28,0.02,-309.72,-0.10,-5870.22,-11.74,12
353,Exit long,2025-10-13 15:20,L70018X,24941.5,6,298851,439.56,0.15,7.44,443.28,0.15,-264.72,-0.09,-5430.66,-10.86,22
353,Entry long,2025-10-13 14:58,L70018,24904.25,6,298851,439.56,0.15,7.44,443.28,0.15,-264.72,-0.09,-5430.66,-10.86,22
354,Exit short,2025-10-14 09:36,S71070X,24530.5,3,147631.5,444.78,0.30,3.72,446.64,0.30,-138.36,-0.09,-4985.88,-9.97,6
354,Entry short,2025-10-14 09:30,S71070,24605.25,3,147631.5,444.78,0.30,3.72,446.64,0.30,-138.36,-0.09,-4985.88,-9.97,6
355,Exit long,2025-10-14 09:54,L71085X,24549.5,3,146848.5,444.78,0.30,3.72,446.64,0.30,-102.36,-0.07,-4541.1,-9.08,9
355,Entry long,2025-10-14 09:45,L71085,24474.75,3,146848.5,444.78,0.30,3.72,446.64,0.30,-102.36,-0.07,-4541.1,-9.08,9
356,Exit long,2025-10-14 10:20,L71095X,24639.5,3,147388.5,444.78,0.30,3.72,446.64,0.30,-156.36,-0.11,-4096.32,-8.19,25
356,Entry long,2025-10-14 09:55,L71095,24564.75,3,147388.5,444.78,0.30,3.72,446.64,0.30,-156.36,-0.11,-4096.32,-8.19,25
357,Exit short,2025-10-14 11:05,S71130X,24750.5,3,148200,-306.72,-0.21,3.72,175.14,0.12,-304.86,-0.21,-4403.04,-8.81,35
357,Entry short,2025-10-14 10:30,S71130,24700,3,148200,-306.72,-0.21,3.72,175.14,0.12,-304.86,-0.21,-4403.04,-8.81,35
358,Exit short,2025-10-14 14:28,S71340X,24925,6,298794,-313.44,-0.10,7.44,206.28,0.07,-309.72,-0.10,-4716.48,-9.43,28
358,Entry short,2025-10-14 14:00,S71340,24899.5,6,298794,-313.44,-0.10,7.44,206.28,0.07,-309.72,-0.10,-4716.48,-9.43,28
359,Exit short,2025-10-14 15:33,S71372X,24877.5,6,298977,439.56,0.15,7.44,443.28,0.15,-153.72,-0.05,-4276.92,-8.55,61
359,Entry short,2025-10-14 14:32,S71372,24914.75,6,298977,439.56,0.15,7.44,443.28,0.15,-153.72,-0.05,-4276.92,-8.55,61
360,Exit short,2025-10-15 09:49,S72450X,24900.25,3,149850,444.78,0.30,3.72,446.64,0.30,-120.36,-0.08,-3832.14,-7.66,19
360,Entry short,2025-10-15 09:30,S72450,24975,3,149850,444.78,0.30,3.72,446.64,0.30,-120.36,-0.08,-3832.14,-7.66,19
361,Exit long,2025-10-15 09:55,L72470X,25007,3,149593.5,444.78,0.30,3.72,446.64,0.30,-22.86,-0.02,-3387.36,-6.77,5
361,Entry long,2025-10-15 09:50,L72470,24932.25,3,149593.5,444.78,0.30,3.72,446.64,0.30,-22.86,-0.02,-3387.36,-6.77,5
362,Exit short,2025-10-15 11:34,S72491X,25011.5,3,150517.5,444.78,0.30,3.72,446.64,0.30,-190.86,-0.13,-2942.58,-5.89,83
362,Entry short,2025-10-15 10:11,S72491,25086.25,3,150517.5,444.78,0.30,3.72,446.64,0.30,-190.86,-0.13,-2942.58,-5.89,83
363,Exit long,2025-10-15 14:01,L72720X,24878.75,6,298851,-313.44,-0.10,7.44,29.28,0.01,-309.72,-0.10,-3256.02,-6.51,1
363,Entry long,2025-10-15 14:00,L72720,24904.25,6,298851,-313.44,-0.10,7.44,29.28,0.01,-309.72,-0.10,-3256.02,-6.51,1
364,Exit short,2025-10-15 14:22,S72721X,24922,3,149229,-306.72,-0.21,3.72,79.14,0.05,-304.86,-0.20,-3562.74,-7.13,21
364,Entry short,2025-10-15 14:01,S72721,24871.5,3,149229,-306.72,-0.21,3.72,79.14,0.05,-304.86,-0.20,-3562.74,-7.13,21
365,Exit short,2025-10-15 14:53,S72763X,24948.5,6,299076,-313.44,-0.10,7.44,107.28,0.04,-309.72,-0.10,-3876.18,-7.75,10
365,Entry short,2025-10-15 14:43,S72763,24923,6,299076,-313.44,-0.10,7.44,107.28,0.04,-309.72,-0.10,-3876.18,-7.75,10
366,Exit short,2025-10-15 15:36,S72775X,24902.5,6,299277,439.56,0.15,7.44,443.28,0.15,-237.72,-0.08,-3436.62,-6.87,41
366,Entry short,2025-10-15 14:55,S72775,24939.75,6,299277,439.56,0.15,7.44,443.28,0.15,-237.72,-0.08,-3436.62,-6.87,41
367,Exit long,2025-10-16 10:12,L73830X,25020.5,3,150426,-306.72,-0.20,3.72,325.14,0.22,-304.86,-0.20,-3743.34,-7.49,42
367,Entry long,2025-10-16 09:30,L73830,25071,3,150426,-306.72,-0.20,3.72,325.14,0.22,-304.86,-0.20,-3743.34,-7.49,42
368,Exit short,2025-10-16 10:35,S73879X,25120.5,3,150420,-306.72,-0.20,3.72,148.14,0.10,-304.86,-0.20,-4050.06,-8.10,16
368,Entry short,2025-10-16 10:19,S73879,25070,3,150420,-306.72,-0.20,3.72,148.14,0.10,-304.86,-0.20,-4050.06,-8.10,16
369,Exit short,2025-10-16 10:51,S73906X,25111.5,6,301785,439.56,0.15,7.44,443.28,0.15,-78.72,-0.03,-3610.5,-7.22,5
369,Entry short,2025-10-16 10:46,S73906,25148.75,6,301785,439.56,0.15,7.44,443.28,0.15,-78.72,-0.03,-3610.5,-7.22,5
370,Exit short,2025-10-16 11:26,S73916X,25052.5,3,150763.5,444.78,0.30,3.72,446.64,0.30,-43.86,-0.03,-3165.72,-6.33,30
370,Entry short,2025-10-16 10:56,S73916,25127.25,3,150763.5,444.78,0.30,3.72,446.64,0.30,-43.86,-0.03,-3165.72,-6.33,30
371,Exit short,2025-10-16 14:06,S74100X,24772.75,3,149085,444.78,0.30,3.72,446.64,0.30,-48.36,-0.03,-2720.94,-5.44,6
371,Entry short,2025-10-16 14:00,S74100,24847.5,3,149085,444.78,0.30,3.72,446.64,0.30,-48.36,-0.03,-2720.94,-5.44,6
372,Exit long,2025-10-16 14:19,L74117X,24670.75,3,148327.5,-306.72,-0.21,3.72,28.14,0.02,-304.86,-0.21,-3027.66,-6.06,2
372,Entry long,2025-10-16 14:17,L74117,24721.25,3,148327.5,-306.72,-0.21,3.72,28.14,0.02,-304.86,-0.21,-3027.66,-6.06,2
373,Exit long,2025-10-16 14:34,L74129X,24647.5,3,148188,-306.72,-0.21,3.72,113.64,0.08,-304.86,-0.21,-3334.38,-6.67,5
373,Entry long,2025-10-16 14:29,L74129,24698,3,148188,-306.72,-0.21,3.72,113.64,0.08,-304.86,-0.21,-3334.38,-6.67,5
374,Exit long,2025-10-16 14:45,L74135X,24782.75,3,148248,444.78,0.30,3.72,446.64,0.30,-100.86,-0.07,-2889.6,-5.78,10
374,Entry long,2025-10-16 14:35,L74135,24708,3,148248,444.78,0.30,3.72,446.64,0.30,-100.86,-0.07,-2889.6,-5.78,10
375,Exit long,2025-10-16 15:20,L74152X,24726,3,148659,-306.72,-0.21,3.72,250.14,0.17,-304.86,-0.21,-3196.32,-6.39,28
375,Entry long,2025-10-16 14:52,L74152,24776.5,3,148659,-306.72,-0.21,3.72,250.14,0.17,-304.86,-0.21,-3196.32,-6.39,28
376,Exit short,2025-10-17 09:31,S75210X,24755,3,148227,-306.72,-0.21,3.72,19.14,0.01,-304.86,-0.21,-3503.04,-7.01,1
376,Entry short,2025-10-17 09:30,S75210,24704.5,3,148227,-306.72,-0.21,3.72,19.14,0.01,-304.86,-0.21,-3503.04,-7.01,1
377,Exit long,2025-10-17 09:40,L75214X,24729.5,3,148680,-306.72,-0.21,3.72,224.64,0.15,-304.86,-0.21,-3809.76,-7.62,6
377,Entry long,2025-10-17 09:34,L75214,24780,3,148680,-306.72,-0.21,3.72,224.64,0.15,-304.86,-0.21,-3809.76,-7.62,6
378,Exit long,2025-10-17 09:51,L75227X,24800.75,3,148356,444.78,0.30,3.72,446.64,0.30,-25.86,-0.02,-3364.98,-6.73,4
378,Entry long,2025-10-17 09:47,L75227,24726,3,148356,444.78,0.30,3.72,446.64,0.30,-25.86,-0.02,-3364.98,-6.73,4
379,Exit short,2025-10-17 10:04,S75239X,24872.75,3,148933.5,-306.72,-0.21,3.72,274.14,0.18,-304.86,-0.20,-3671.7,-7.34,5
379,Entry short,2025-10-17 09:59,S75239,24822.25,3,148933.5,-306.72,-0.21,3.72,274.14,0.18,-304.86,-0.20,-3671.7,-7.34,5
380,Exit short,2025-10-17 10:11,S75247X,24881.25,3,148984.5,-306.72,-0.21,3.72,116.64,0.08,-304.86,-0.20,-3978.42,-7.96,4
380,Entry short,2025-10-17 10:07,S75247,24830.75,3,148984.5,-306.72,-0.21,3.72,116.64,0.08,-304.86,-0.20,-3978.42,-7.96,4
381,Exit short,2025-10-17 10:35,S75257X,24829.5,3,149425.5,444.78,0.30,3.72,446.64,0.30,-192.36,-0.13,-3533.64,-7.07,18
381,Entry short,2025-10-17 10:17,S75257,24904.25,3,149425.5,444.78,0.30,3.72,446.64,0.30,-192.36,-0.13,-3533.64,-7.07,18
382,Exit short,2025-10-17 10:58,S75276X,24751,3,148954.5,444.78,0.30,3.72,446.64,0.30,-255.36,-0.17,-3088.86,-6.18,22
382,Entry short,2025-10-17 10:36,S75276,24825.75,3,148954.5,444.78,0.30,3.72,446.64,0.30,-255.36,-0.17,-3088.86,-6.18,22
383,Exit long,2025-10-17 14:16,L75480X,24986.75,6,299394,439.56,0.15,7.44,443.28,0.15,-168.72,-0.06,-2649.3,-5.30,16
383,Entry long,2025-10-17 14:00,L75480,24949.5,6,299394,439.56,0.15,7.44,443.28,0.15,-168.72,-0.06,-2649.3,-5.30,16
384,Exit short,2025-10-17 15:11,S75504X,25040,6,300174,-313.44,-0.10,7.44,434.28,0.14,-309.72,-0.10,-2962.74,-5.93,47
384,Entry short,2025-10-17 14:24,S75504,25014.5,6,300174,-313.44,-0.10,7.44,434.28,0.14,-309.72,-0.10,-2962.74,-5.93,47
385,Exit long,2025-10-20 10:06,L76590X,25248.25,3,151041,444.78,0.29,3.72,446.64,0.30,-36.36,-0.02,-2517.96,-5.04,36
385,Entry long,2025-10-20 09:30,L76590,25173.5,3,151041,444.78,0.29,3.72,446.64,0.30,-36.36,-0.02,-2517.96,-5.04,36
386,Exit short,2025-10-20 10:26,S76631X,25266.25,6,302889,-313.44,-0.10,7.44,302.28,0.10,-309.72,-0.10,-2831.4,-5.66,15
386,Entry short,2025-10-20 10:11,S76631,25240.75,6,302889,-313.44,-0.10,7.44,302.28,0.10,-309.72,-0.10,-2831.4,-5.66,15
387,Exit short,2025-10-20 10:41,S76654X,25296.25,6,303249,-313.44,-0.10,7.44,65.28,0.02,-309.72,-0.10,-3144.84,-6.29,7
387,Entry short,2025-10-20 10:34,S76654,25270.75,6,303249,-313.44,-0.10,7.44,65.28,0.02,-309.72,-0.10,-3144.84,-6.29,7
388,Exit short,2025-10-20 10:46,S76662X,25311,6,303426,-313.44,-0.10,7.44,8.28,0.00,-309.72,-0.10,-3458.28,-6.92,4
388,Entry short,2025-10-20 10:42,S76662,25285.5,6,303426,-313.44,-0.10,7.44,8.28,0.00,-309.72,-0.10,-3458.28,-6.92,4
389,Exit short,2025-10-20 11:50,S76676X,25337.5,6,303744,-313.44,-0.10,7.44,269.28,0.09,-309.72,-0.10,-3771.72,-7.54,54
389,Entry short,2025-10-20 10:56,S76676,25312,6,303744,-313.44,-0.10,7.44,269.28,0.09,-309.72,-0.10,-3771.72,-7.54,54
390,Exit long,2025-10-20 14:46,L76860X,25313,6,304062,-313.44,-0.10,7.44,170.28,0.06,-309.72,-0.10,-4085.16,-8.17,46
390,Entry long,2025-10-20 14:00,L76860,25338.5,6,304062,-313.44,-0.10,7.44,170.28,0.06,-309.72,-0.10,-4085.16,-8.17,46
391,Exit long,2025-10-20 15:16,L76909X,25301,9,455724,-317.16,-0.07,11.16,318.42,0.07,-311.58,-0.07,-4402.32,-8.80,27
391,Entry long,2025-10-20 14:49,L76909,25318,9,455724,-317.16,-0.07,11.16,318.42,0.07,-311.58,-0.07,-4402.32,-8.80,27
392,Exit short,2025-10-21 09:42,S77970X,25249.5,6,303441,439.56,0.14,7.44,443.28,0.15,-105.72,-0.03,-3962.76,-7.93,12
392,Entry short,2025-10-21 09:30,S77970,25286.75,6,303441,439.56,0.14,7.44,443.28,0.15,-105.72,-0.03,-3962.76,-7.93,12
393,Exit long,2025-10-21 09:48,L77986X,25232.5,6,303096,-313.44,-0.10,7.44,38.28,0.01,-309.72,-0.10,-4276.2,-8.55,2
393,Entry long,2025-10-21 09:46,L77986,25258,6,303096,-313.44,-0.10,7.44,38.28,0.01,-309.72,-0.10,-4276.2,-8.55,2
394,Exit long,2025-10-21 09:55,L77990X,25236,6,303138,-313.44,-0.10,7.44,104.28,0.03,-309.72,-0.10,-4589.64,-9.18,5
394,Entry long,2025-10-21 09:50,L77990,25261.5,6,303138,-313.44,-0.10,7.44,104.28,0.03,-309.72,-0.10,-4589.64,-9.18,5
395,Exit long,2025-10-21 10:02,L77998X,25212.75,6,302859,-313.44,-0.10,7.44,44.28,0.01,-309.72,-0.10,-4903.08,-9.81,4
395,Entry long,2025-10-21 09:58,L77998,25238.25,6,302859,-313.44,-0.10,7.44,44.28,0.01,-309.72,-0.10,-4903.08,-9.81,4
396,Exit long,2025-10-21 10:19,L78003X,25269.75,6,302790,439.56,0.15,7.44,443.28,0.15,-171.72,-0.06,-4463.52,-8.93,16
396,Entry long,2025-10-21 10:03,L78003,25232.5,6,302790,439.56,0.15,7.44,443.28,0.15,-171.72,-0.06,-4463.52,-8.93,16
397,Exit long,2025-10-21 10:25,L78020X,25254.75,6,303363,-313.44,-0.10,7.44,59.28,0.02,-309.72,-0.10,-4776.96,-9.55,5
397,Entry long,2025-10-21 10:20,L78020,25280.25,6,303363,-313.44,-0.10,7.44,59.28,0.02,-309.72,-0.10,-4776.96,-9.55,5
398,Exit long,2025-10-21 10:45,L78037X,25234.5,6,303120,-313.44,-0.10,7.44,77.28,0.03,-309.72,-0.10,-5090.4,-10.18,8
398,Entry long,2025-10-21 10:37,L78037,25260,6,303120,-313.44,-0.10,7.44,77.28,0.03,-309.72,-0.10,-5090.4,-10.18,8
399,Exit long,2025-10-21 10:55,L78047X,25289.5,6,303027,439.56,0.15,7.44,443.28,0.15,-69.72,-0.02,-4650.84,-9.30,8
399,Entry long,2025-10-21 10:47,L78047,25252.25,6,303027,439.56,0.15,7.44,443.28,0.15,-69.72,-0.02,-4650.84,-9.30,8
400,Exit long,2025-10-21 11:16,L78055X,25264.75,6,303483,-313.44,-0.10,7.44,149.28,0.05,-309.72,-0.10,-4964.28,-9.93,21
400,Entry long,2025-10-21 10:55,L78055,25290.25,6,303483,-313.44,-0.10,7.44,149.28,0.05,-309.72,-0.10,-4964.28,-9.93,21
401,Exit short,2025-10-21 15:55,flat 15:55,25320,6,303756,-91.44,-0.03,7.44,272.28,0.09,-255.72,-0.08,-5055.72,-10.11,115
401,Entry short,2025-10-21 14:00,S78240,25313,6,303756,-91.44,-0.03,7.44,272.28,0.09,-255.72,-0.08,-5055.72,-10.11,115
402,Exit short,2025-10-22 09:51,S79350X,25266.25,3,151294.5,-306.72,-0.20,3.72,256.14,0.17,-304.86,-0.20,-5362.44,-10.72,21
402,Entry short,2025-10-22 09:30,S79350,25215.75,3,151294.5,-306.72,-0.20,3.72,256.14,0.17,-304.86,-0.20,-5362.44,-10.72,21
403,Exit long,2025-10-22 10:23,L79396X,25200.25,6,302709,-313.44,-0.10,7.44,227.28,0.08,-309.72,-0.10,-5675.88,-11.35,7
403,Entry long,2025-10-22 10:16,L79396,25225.75,6,302709,-313.44,-0.10,7.44,227.28,0.08,-309.72,-0.10,-5675.88,-11.35,7
404,Exit long,2025-10-22 10:26,L79405X,25176.75,6,302427,-313.44,-0.10,7.44,5.28,0.00,-309.72,-0.10,-5989.32,-11.98,1
404,Entry long,2025-10-22 10:25,L79405,25202.25,6,302427,-313.44,-0.10,7.44,5.28,0.00,-309.72,-0.10,-5989.32,-11.98,1
405,Exit long,2025-10-22 10:46,L79413X,25062.75,3,150679.5,-306.72,-0.20,3.72,107.64,0.07,-304.86,-0.20,-6296.04,-12.59,13
405,Entry long,2025-10-22 10:33,L79413,25113.25,3,150679.5,-306.72,-0.20,3.72,107.64,0.07,-304.86,-0.20,-6296.04,-12.59,13
406,Exit long,2025-10-22 10:59,L79428X,25170.5,3,150574.5,444.78,0.30,3.72,446.64,0.30,-39.36,-0.03,-5851.26,-11.70,11
406,Entry long,2025-10-22 10:48,L79428,25095.75,3,150574.5,444.78,0.30,3.72,446.64,0.30,-39.36,-0.03,-5851.26,-11.70,11
407,Exit long,2025-10-22 14:16,L79620X,24845.25,3,149374.5,-306.72,-0.21,3.72,89.64,0.06,-304.86,-0.20,-6157.98,-12.32,16
407,Entry long,2025-10-22 14:00,L79620,24895.75,3,149374.5,-306.72,-0.21,3.72,89.64,0.06,-304.86,-0.20,-6157.98,-12.32,16
408,Exit long,2025-10-22 14:20,L79639X,24893,6,298269,439.56,0.15,7.44,443.28,0.15,-27.72,-0.01,-5718.42,-11.44,1
408,Entry long,2025-10-22 14:19,L79639,24855.75,6,298269,439.56,0.15,7.44,443.28,0.15,-27.72,-0.01,-5718.42,-11.44,1
409,Exit short,2025-10-22 14:59,S79646X,24959,3,149451,-306.72,-0.21,3.72,115.14,0.08,-304.86,-0.20,-6025.14,-12.05,33
409,Entry short,2025-10-22 14:26,S79646,24908.5,3,149451,-306.72,-0.21,3.72,115.14,0.08,-304.86,-0.20,-6025.14,-12.05,33
410,Exit long,2025-10-23 09:31,L80730X,24999.5,6,300300,-313.44,-0.10,7.44,62.28,0.02,-309.72,-0.10,-6338.58,-12.68,1
410,Entry long,2025-10-23 09:30,L80730,25025,6,300300,-313.44,-0.10,7.44,62.28,0.02,-309.72,-0.10,-6338.58,-12.68,1
411,Exit short,2025-10-23 09:44,S80742X,25089.25,6,300765,-313.44,-0.10,7.44,68.28,0.02,-309.72,-0.10,-6652.02,-13.30,2
411,Entry short,2025-10-23 09:42,S80742,25063.75,6,300765,-313.44,-0.10,7.44,68.28,0.02,-309.72,-0.10,-6652.02,-13.30,2
412,Exit short,2025-10-23 10:10,S80757X,25117.5,6,301857,439.56,0.15,7.44,443.28,0.15,-261.72,-0.09,-6212.46,-12.42,13
412,Entry short,2025-10-23 09:57,S80757,25154.75,6,301857,439.56,0.15,7.44,443.28,0.15,-261.72,-0.09,-6212.46,-12.42,13
413,Exit short,2025-10-23 10:12,S80770X,25135.5,6,301320,-313.44,-0.10,7.44,92.28,0.03,-309.72,-0.10,-6525.9,-13.05,2
413,Entry short,2025-10-23 10:10,S80770,25110,6,301320,-313.44,-0.10,7.44,92.28,0.03,-309.72,-0.10,-6525.9,-13.05,2
414,Exit short,2025-10-23 10:21,S80776X,25084.25,6,301458,439.56,0.15,7.44,443.28,0.15,-69.72,-0.02,-6086.34,-12.17,5
414,Entry short,2025-10-23 10:16,S80776,25121.5,6,301458,439.56,0.15,7.44,443.28,0.15,-69.72,-0.02,-6086.34,-12.17,5
415,Exit short,2025-10-23 10:36,S80788X,25171.5,6,301752,-313.44,-0.10,7.44,149.28,0.05,-309.72,-0.10,-6399.78,-12.80,8
415,Entry short,2025-10-23 10:28,S80788,25146,6,301752,-313.44,-0.10,7.44,149.28,0.05,-309.72,-0.10,-6399.78,-12.80,8
416,Exit short,2025-10-23 11:31,S80802X,25202,6,302118,-313.44,-0.10,7.44,431.28,0.14,-309.72,-0.10,-6713.22,-13.43,49
416,Entry short,2025-10-23 10:42,S80802,25176.5,6,302118,-313.44,-0.10,7.44,431.28,0.14,-309.72,-0.10,-6713.22,-13.43,49
417,Exit short,2025-10-23 15:50,S81000X,25240.75,6,303336,439.56,0.14,7.44,443.28,0.15,-126.72,-0.04,-6273.66,-12.55,110
417,Entry short,2025-10-23 14:00,S81000,25278,6,303336,439.56,0.14,7.44,443.28,0.15,-126.72,-0.04,-6273.66,-12.55,110
418,Exit short,2025-10-24 09:34,S82110X,25488,3,152625,-306.72,-0.20,3.72,43.14,0.03,-304.86,-0.20,-6580.38,-13.16,4
418,Entry short,2025-10-24 09:30,S82110,25437.5,3,152625,-306.72,-0.20,3.72,43.14,0.03,-304.86,-0.20,-6580.38,-13.16,4
419,Exit long,2025-10-24 09:37,L82114X,25527.75,6,305886,439.56,0.14,7.44,443.28,0.14,-45.72,-0.01,-6140.82,-12.28,3
419,Entry long,2025-10-24 09:34,L82114,25490.5,6,305886,439.56,0.14,7.44,443.28,0.14,-45.72,-0.01,-6140.82,-12.28,3
420,Exit short,2025-10-24 09:45,S82119X,25531.5,6,306072,-313.44,-0.10,7.44,155.28,0.05,-309.72,-0.10,-6454.26,-12.91,6
420,Entry short,2025-10-24 09:39,S82119,25506,6,306072,-313.44,-0.10,7.44,155.28,0.05,-309.72,-0.10,-6454.26,-12.91,6
421,Exit short,2025-10-24 09:59,S82127X,25519.25,6,305925,-313.44,-0.10,7.44,353.28,0.12,-309.72,-0.10,-6767.7,-13.54,12
421,Entry short,2025-10-24 09:47,S82127,25493.75,6,305925,-313.44,-0.10,7.44,353.28,0.12,-309.72,-0.10,-6767.7,-13.54,12
422,Exit short,2025-10-24 10:01,S82139X,25525.5,3,152850,-306.72,-0.20,3.72,0,0.00,-304.86,-0.20,-7074.42,-14.15,2
422,Entry short,2025-10-24 09:59,S82139,25475,3,152850,-306.72,-0.20,3.72,0,0.00,-304.86,-0.20,-7074.42,-14.15,2
423,Exit short,2025-10-24 10:56,S82142X,25432.75,3,153045,444.78,0.29,3.72,446.64,0.29,-204.36,-0.13,-6629.64,-13.26,54
423,Entry short,2025-10-24 10:02,S82142,25507.5,3,153045,444.78,0.29,3.72,446.64,0.29,-204.36,-0.13,-6629.64,-13.26,54
424,Exit short,2025-10-24 15:55,flat 15:55,25527,6,306561,229.56,0.07,7.44,308.28,0.10,-246.72,-0.08,-6400.08,-12.80,115
424,Entry short,2025-10-24 14:00,S82380,25546.75,6,306561,229.56,0.07,7.44,308.28,0.10,-246.72,-0.08,-6400.08,-12.80,115
425,Exit long,2025-10-27 09:35,L83490X,25797,3,155085,-306.72,-0.20,3.72,71.64,0.05,-304.86,-0.20,-6706.8,-13.41,5
425,Entry long,2025-10-27 09:30,L83490,25847.5,3,155085,-306.72,-0.20,3.72,71.64,0.05,-304.86,-0.20,-6706.8,-13.41,5
426,Exit short,2025-10-27 09:55,S83510X,25845.25,6,309837,-313.44,-0.10,7.44,134.28,0.04,-309.72,-0.10,-7020.24,-14.04,5
426,Entry short,2025-10-27 09:50,S83510,25819.75,6,309837,-313.44,-0.10,7.44,134.28,0.04,-309.72,-0.10,-7020.24,-14.04,5
427,Exit short,2025-10-27 10:03,S83520X,25869.5,6,310128,-313.44,-0.10,7.44,11.28,0.00,-309.72,-0.10,-7333.68,-14.67,3
427,Entry short,2025-10-27 10:00,S83520,25844,6,310128,-313.44,-0.10,7.44,11.28,0.00,-309.72,-0.10,-7333.68,-14.67,3
428,Exit short,2025-10-27 10:33,S83530X,25877,6,310218,-313.44,-0.10,7.44,350.28,0.11,-309.72,-0.10,-7647.12,-15.29,23
428,Entry short,2025-10-27 10:10,S83530,25851.5,6,310218,-313.44,-0.10,7.44,350.28,0.11,-309.72,-0.10,-7647.12,-15.29,23
429,Exit short,2025-10-27 11:34,S83560X,25904.25,6,310545,-313.44,-0.10,7.44,341.28,0.11,-309.72,-0.10,-7960.56,-15.92,54
429,Entry short,2025-10-27 10:40,S83560,25878.75,6,310545,-313.44,-0.10,7.44,341.28,0.11,-309.72,-0.10,-7960.56,-15.92,54
430,Exit short,2025-10-27 15:46,S83760X,25949.5,6,311088,-313.44,-0.10,7.44,50.28,0.02,-309.72,-0.10,-8274,-16.55,106
430,Entry short,2025-10-27 14:00,S83760,25924,6,311088,-313.44,-0.10,7.44,50.28,0.02,-309.72,-0.10,-8274,-16.55,106
431,Exit long,2025-10-28 10:40,L84870X,26019.5,3,156420,-306.72,-0.20,3.72,142.14,0.09,-304.86,-0.19,-8580.72,-17.16,70
431,Entry long,2025-10-28 09:30,L84870,26070,3,156420,-306.72,-0.20,3.72,142.14,0.09,-304.86,-0.19,-8580.72,-17.16,70
432,Exit long,2025-10-28 12:00,L84944X,26061.75,6,312294,439.56,0.14,7.44,443.28,0.14,-225.72,-0.07,-8141.16,-16.28,76
432,Entry long,2025-10-28 10:44,L84944,26024.5,6,312294,439.56,0.14,7.44,443.28,0.14,-225.72,-0.07,-8141.16,-16.28,76
433,Exit long,2025-10-28 14:50,L85140X,26192,6,313857,439.56,0.14,7.44,443.28,0.14,-90.72,-0.03,-7701.6,-15.40,50
433,Entry long,2025-10-28 14:00,L85140,26154.75,6,313857,439.56,0.14,7.44,443.28,0.14,-90.72,-0.03,-7701.6,-15.40,50
434,Exit short,2025-10-28 15:08,S85193X,26204.75,9,471379.5,-317.16,-0.07,11.16,138.42,0.03,-311.58,-0.07,-8018.76,-16.04,15
434,Entry short,2025-10-28 14:53,S85193,26187.75,9,471379.5,-317.16,-0.07,11.16,138.42,0.03,-311.58,-0.07,-8018.76,-16.04,15
435,Exit long,2025-10-29 09:56,L86250X,26306.25,6,315228,439.56,0.14,7.44,443.28,0.14,-180.72,-0.06,-7579.2,-15.16,26
435,Entry long,2025-10-29 09:30,L86250,26269,6,315228,439.56,0.14,7.44,443.28,0.14,-180.72,-0.06,-7579.2,-15.16,26
436,Exit short,2025-10-29 10:08,S86282X,26276,6,315759,439.56,0.14,7.44,443.28,0.14,-27.72,-0.01,-7139.64,-14.28,6
436,Entry short,2025-10-29 10:02,S86282,26313.25,6,315759,439.56,0.14,7.44,443.28,0.14,-27.72,-0.01,-7139.64,-14.28,6
437,Exit short,2025-10-29 10:50,S86297X,26246.75,6,315408,439.56,0.14,7.44,443.28,0.14,-297.72,-0.09,-6700.08,-13.40,33
437,Entry short,2025-10-29 10:17,S86297,26284,6,315408,439.56,0.14,7.44,443.28,0.14,-297.72,-0.09,-6700.08,-13.40,33
438,Exit long,2025-10-29 14:05,L86520X,26214.75,3,157591.5,-306.72,-0.19,3.72,40.14,0.03,-304.86,-0.19,-7006.8,-14.01,5
438,Entry long,2025-10-29 14:00,L86520,26265.25,3,157591.5,-306.72,-0.19,3.72,40.14,0.03,-304.86,-0.19,-7006.8,-14.01,5
439,Exit long,2025-10-29 14:33,L86536X,26274,6,314841,439.56,0.14,7.44,443.28,0.14,-198.72,-0.06,-6567.24,-13.13,17
439,Entry long,2025-10-29 14:16,L86536,26236.75,6,314841,439.56,0.14,7.44,443.28,0.14,-198.72,-0.06,-6567.24,-13.13,17
440,Exit long,2025-10-29 14:51,L86563X,26179.5,3,156628.5,444.78,0.28,3.72,446.64,0.29,-264.36,-0.17,-6122.46,-12.24,8
440,Entry long,2025-10-29 14:43,L86563,26104.75,3,156628.5,444.78,0.28,3.72,446.64,0.29,-264.36,-0.17,-6122.46,-12.24,8
441,Exit long,2025-10-29 15:04,L86571X,26131.75,3,157093.5,-306.72,-0.20,3.72,271.14,0.17,-304.86,-0.19,-6429.18,-12.86,13
441,Entry long,2025-10-29 14:51,L86571,26182.25,3,157093.5,-306.72,-0.20,3.72,271.14,0.17,-304.86,-0.19,-6429.18,-12.86,13
442,Exit short,2025-10-30 09:36,S87630X,26012.25,3,156522,444.78,0.28,3.72,446.64,0.29,-66.36,-0.04,-5984.4,-11.97,6
442,Entry short,2025-10-30 09:30,S87630,26087,3,156522,444.78,0.28,3.72,446.64,0.29,-66.36,-0.04,-5984.4,-11.97,6
443,Exit long,2025-10-30 09:49,L87645X,26068,3,155959.5,444.78,0.29,3.72,446.64,0.29,-7.86,-0.01,-5539.62,-11.08,4
443,Entry long,2025-10-30 09:45,L87645,25993.25,3,155959.5,444.78,0.29,3.72,446.64,0.29,-7.86,-0.01,-5539.62,-11.08,4
444,Exit long,2025-10-30 10:00,L87650X,26172.25,3,156585,444.78,0.28,3.72,446.64,0.29,-31.86,-0.02,-5094.84,-10.19,10
444,Entry long,2025-10-30 09:50,L87650,26097.5,3,156585,444.78,0.28,3.72,446.64,0.29,-31.86,-0.02,-5094.84,-10.19,10
445,Exit long,2025-10-30 10:17,L87674X,26058,3,156651,-306.72,-0.20,3.72,20.64,0.01,-304.86,-0.19,-5401.56,-10.80,3
445,Entry long,2025-10-30 10:14,L87674,26108.5,3,156651,-306.72,-0.20,3.72,20.64,0.01,-304.86,-0.19,-5401.56,-10.80,3
446,Exit long,2025-10-30 10:23,L87678X,26024.25,3,156448.5,-306.72,-0.20,3.72,22.14,0.01,-304.86,-0.19,-5708.28,-11.42,5
446,Entry long,2025-10-30 10:18,L87678,26074.75,3,156448.5,-306.72,-0.20,3.72,22.14,0.01,-304.86,-0.19,-5708.28,-11.42,5
447,Exit long,2025-10-30 10:53,L87690X,25993,3,156261,-306.72,-0.20,3.72,328.14,0.21,-304.86,-0.20,-6015,-12.03,23
447,Entry long,2025-10-30 10:30,L87690,26043.5,3,156261,-306.72,-0.20,3.72,328.14,0.21,-304.86,-0.20,-6015,-12.03,23
448,Exit long,2025-10-30 12:12,L87717X,26082,3,156043.5,444.78,0.29,3.72,446.64,0.29,-243.36,-0.16,-5570.22,-11.14,75
448,Entry long,2025-10-30 10:57,L87717,26007.25,3,156043.5,444.78,0.29,3.72,446.64,0.29,-243.36,-0.16,-5570.22,-11.14,75
449,Exit short,2025-10-30 14:08,S87900X,26024.5,6,312741,439.56,0.14,7.44,443.28,0.14,-63.72,-0.02,-5130.66,-10.26,8
449,Entry short,2025-10-30 14:00,S87900,26061.75,6,312741,439.56,0.14,7.44,443.28,0.14,-63.72,-0.02,-5130.66,-10.26,8
450,Exit long,2025-10-30 14:14,L87909X,26010.5,6,312432,-313.44,-0.10,7.44,0,0.00,-309.72,-0.10,-5444.1,-10.89,5
450,Entry long,2025-10-30 14:09,L87909,26036,6,312432,-313.44,-0.10,7.44,0,0.00,-309.72,-0.10,-5444.1,-10.89,5
451,Exit long,2025-10-30 14:25,L87917X,25984.5,6,312120,-313.44,-0.10,7.44,47.28,0.02,-309.72,-0.10,-5757.54,-11.52,8
451,Entry long,2025-10-30 14:17,L87917,26010,6,312120,-313.44,-0.10,7.44,47.28,0.02,-309.72,-0.10,-5757.54,-11.52,8
452,Exit short,2025-10-31 09:39,S89010X,26141.5,6,314145,439.56,0.14,7.44,443.28,0.14,-150.72,-0.05,-5317.98,-10.64,9
452,Entry short,2025-10-31 09:30,S89010,26178.75,6,314145,439.56,0.14,7.44,443.28,0.14,-150.72,-0.05,-5317.98,-10.64,9
453,Exit long,2025-10-31 09:50,L89027X,26103,6,313542,-313.44,-0.10,7.44,32.28,0.01,-309.72,-0.10,-5631.42,-11.26,3
453,Entry long,2025-10-31 09:47,L89027,26128.5,6,313542,-313.44,-0.10,7.44,32.28,0.01,-309.72,-0.10,-5631.42,-11.26,3
454,Exit long,2025-10-31 10:04,L89042X,26078.5,6,313248,-313.44,-0.10,7.44,110.28,0.04,-309.72,-0.10,-5944.86,-11.89,2
454,Entry long,2025-10-31 10:02,L89042,26104,6,313248,-313.44,-0.10,7.44,110.28,0.04,-309.72,-0.10,-5944.86,-11.89,2
455,Exit long,2025-10-31 10:22,L89048X,26063.25,3,156682.5,-306.72,-0.20,3.72,10.14,0.01,-304.86,-0.19,-6251.58,-12.50,14
455,Entry long,2025-10-31 10:08,L89048,26113.75,3,156682.5,-306.72,-0.20,3.72,10.14,0.01,-304.86,-0.19,-6251.58,-12.50,14
456,Exit long,2025-10-31 10:45,L89063X,26173,3,156589.5,444.78,0.28,3.72,446.64,0.29,-31.86,-0.02,-5806.8,-11.61,22
456,Entry long,2025-10-31 10:23,L89063,26098.25,3,156589.5,444.78,0.28,3.72,446.64,0.29,-31.86,-0.02,-5806.8,-11.61,22
457,Exit long,2025-10-31 11:26,L89085X,26146,6,314058,-313.44,-0.10,7.44,134.28,0.04,-309.72,-0.10,-6120.24,-12.24,41
457,Entry long,2025-10-31 10:45,L89085,26171.5,6,314058,-313.44,-0.10,7.44,134.28,0.04,-309.72,-0.10,-6120.24,-12.24,41
458,Exit long,2025-10-31 14:11,L89280X,25998.75,6,311538,439.56,0.14,7.44,443.28,0.14,-6.72,0.00,-5680.68,-11.36,11
458,Entry long,2025-10-31 14:00,L89280,25961.5,6,311538,439.56,0.14,7.44,443.28,0.14,-6.72,0.00,-5680.68,-11.36,11
459,Exit short,2025-10-31 14:24,S89295X,26012.5,6,311844,-313.44,-0.10,7.44,92.28,0.03,-309.72,-0.10,-5994.12,-11.99,9
459,Entry short,2025-10-31 14:15,S89295,25987,6,311844,-313.44,-0.10,7.44,92.28,0.03,-309.72,-0.10,-5994.12,-11.99,9
460,Exit short,2025-10-31 15:08,S89306X,26031.25,6,312069,-313.44,-0.10,7.44,413.28,0.13,-309.72,-0.10,-6307.56,-12.62,42
460,Entry short,2025-10-31 14:26,S89306,26005.75,6,312069,-313.44,-0.10,7.44,413.28,0.13,-309.72,-0.10,-6307.56,-12.62,42
461,Exit long,2025-11-03 09:35,L90390X,26223.5,6,314988,-313.44,-0.10,7.44,197.28,0.06,-309.72,-0.10,-6621,-13.24,5
461,Entry long,2025-11-03 09:30,L90390,26249,6,314988,-313.44,-0.10,7.44,197.28,0.06,-309.72,-0.10,-6621,-13.24,5
462,Exit long,2025-11-03 09:49,L90405X,26154,6,314154,-313.44,-0.10,7.44,32.28,0.01,-309.72,-0.10,-6934.44,-13.87,4
462,Entry long,2025-11-03 09:45,L90405,26179.5,6,314154,-313.44,-0.10,7.44,32.28,0.01,-309.72,-0.10,-6934.44,-13.87,4
463,Exit long,2025-11-03 10:00,L90416X,26119.25,6,313737,-313.44,-0.10,7.44,0,0.00,-309.72,-0.10,-7247.88,-14.50,4
463,Entry long,2025-11-03 09:56,L90416,26144.75,6,313737,-313.44,-0.10,7.44,0,0.00,-309.72,-0.10,-7247.88,-14.50,4
464,Exit long,2025-11-03 10:05,L90422X,26093.25,6,313425,-313.44,-0.10,7.44,149.28,0.05,-309.72,-0.10,-7561.32,-15.12,3
464,Entry long,2025-11-03 10:02,L90422,26118.75,6,313425,-313.44,-0.10,7.44,149.28,0.05,-309.72,-0.10,-7561.32,-15.12,3
465,Exit long,2025-11-03 10:16,L90428X,26099.5,6,313500,-313.44,-0.10,7.44,356.28,0.11,-309.72,-0.10,-7874.76,-15.75,8
465,Entry long,2025-11-03 10:08,L90428,26125,6,313500,-313.44,-0.10,7.44,356.28,0.11,-309.72,-0.10,-7874.76,-15.75,8
466,Exit long,2025-11-03 10:25,L90443X,26079,6,313254,-313.44,-0.10,7.44,0,0.00,-309.72,-0.10,-8188.2,-16.38,2
466,Entry long,2025-11-03 10:23,L90443,26104.5,6,313254,-313.44,-0.10,7.44,0,0.00,-309.72,-0.10,-8188.2,-16.38,2
467,Exit long,2025-11-03 10:44,L90458X,26097.5,6,312723,439.56,0.14,7.44,443.28,0.14,-24.72,-0.01,-7748.64,-15.50,6
467,Entry long,2025-11-03 10:38,L90458,26060.25,6,312723,439.56,0.14,7.44,443.28,0.14,-24.72,-0.01,-7748.64,-15.50,6
468,Exit long,2025-11-03 10:58,L90470X,26112.25,6,312900,439.56,0.14,7.44,443.28,0.14,-90.72,-0.03,-7309.08,-14.62,8
468,Entry long,2025-11-03 10:50,L90470,26075,6,312900,439.56,0.14,7.44,443.28,0.14,-90.72,-0.03,-7309.08,-14.62,8
469,Exit long,2025-11-03 10:59,L90478X,26086,6,313338,-313.44,-0.10,7.44,5.28,0.00,-309.72,-0.10,-7622.52,-15.25,1
469,Entry long,2025-11-03 10:58,L90478,26111.5,6,313338,-313.44,-0.10,7.44,5.28,0.00,-309.72,-0.10,-7622.52,-15.25,1
470,Exit short,2025-11-03 14:41,S90661X,26085.5,6,313473,439.56,0.14,7.44,443.28,0.14,-87.72,-0.03,-7182.96,-14.37,40
470,Entry short,2025-11-03 14:01,S90661,26122.75,6,313473,439.56,0.14,7.44,443.28,0.14,-87.72,-0.03,-7182.96,-14.37,40
471,Exit short,2025-11-04 09:44,S91770X,25781.25,3,154384.5,-306.72,-0.20,3.72,404.64,0.26,-304.86,-0.20,-7489.68,-14.98,14
471,Entry short,2025-11-04 09:30,S91770,25730.75,3,154384.5,-306.72,-0.20,3.72,404.64,0.26,-304.86,-0.20,-7489.68,-14.98,14
472,Exit short,2025-11-04 10:26,S91806X,25881,6,310266,-313.44,-0.10,7.44,356.28,0.11,-309.72,-0.10,-7803.12,-15.61,20
472,Entry short,2025-11-04 10:06,S91806,25855.5,6,310266,-313.44,-0.10,7.44,356.28,0.11,-309.72,-0.10,-7803.12,-15.61,20
473,Exit short,2025-11-04 10:40,S91830X,25886,6,310326,-313.44,-0.10,7.44,215.28,0.07,-309.72,-0.10,-8116.56,-16.23,10
473,Entry short,2025-11-04 10:30,S91830,25860.5,6,310326,-313.44,-0.10,7.44,215.28,0.07,-309.72,-0.10,-8116.56,-16.23,10
474,Exit short,2025-11-04 10:48,S91842X,25836.25,6,310482,439.56,0.14,7.44,443.28,0.14,-162.72,-0.05,-7677,-15.35,6
474,Entry short,2025-11-04 10:42,S91842,25873.5,6,310482,439.56,0.14,7.44,443.28,0.14,-162.72,-0.05,-7677,-15.35,6
475,Exit short,2025-11-04 10:56,S91850X,25787,6,309891,439.56,0.14,7.44,443.28,0.14,-96.72,-0.03,-7237.44,-14.47,6
475,Entry short,2025-11-04 10:50,S91850,25824.25,6,309891,439.56,0.14,7.44,443.28,0.14,-96.72,-0.03,-7237.44,-14.47,6
476,Exit short,2025-11-04 11:00,S91856X,25799.5,6,309288,-313.44,-0.10,7.44,119.28,0.04,-309.72,-0.10,-7550.88,-15.10,4
476,Entry short,2025-11-04 10:56,S91856,25774,6,309288,-313.44,-0.10,7.44,119.28,0.04,-309.72,-0.10,-7550.88,-15.10,4
477,Exit long,2025-11-04 14:09,L92040X,25649.5,6,308100,-313.44,-0.10,7.44,158.28,0.05,-309.72,-0.10,-7864.32,-15.73,9
477,Entry long,2025-11-04 14:00,L92040,25675,6,308100,-313.44,-0.10,7.44,158.28,0.05,-309.72,-0.10,-7864.32,-15.73,9
478,Exit long,2025-11-04 14:21,L92060X,25637.75,6,307959,-313.44,-0.10,7.44,38.28,0.01,-309.72,-0.10,-8177.76,-16.36,1
478,Entry long,2025-11-04 14:20,L92060,25663.25,6,307959,-313.44,-0.10,7.44,38.28,0.01,-309.72,-0.10,-8177.76,-16.36,1
479,Exit long,2025-11-04 14:31,L92063X,25635.75,6,307935,-313.44,-0.10,7.44,206.28,0.07,-309.72,-0.10,-8491.2,-16.98,8
479,Entry long,2025-11-04 14:23,L92063,25661.25,6,307935,-313.44,-0.10,7.44,206.28,0.07,-309.72,-0.10,-8491.2,-16.98,8
480,Exit long,2025-11-04 14:37,L92073X,25613.25,6,307665,-313.44,-0.10,7.44,119.28,0.04,-309.72,-0.10,-8804.64,-17.61,4
480,Entry long,2025-11-04 14:33,L92073,25638.75,6,307665,-313.44,-0.10,7.44,119.28,0.04,-309.72,-0.10,-8804.64,-17.61,4
481,Exit long,2025-11-05 09:34,L93150X,25518.75,3,153415.5,-306.72,-0.20,3.72,40.14,0.03,-304.86,-0.20,-9111.36,-18.22,4
481,Entry long,2025-11-05 09:30,L93150,25569.25,3,153415.5,-306.72,-0.20,3.72,40.14,0.03,-304.86,-0.20,-9111.36,-18.22,4
482,Exit short,2025-11-05 09:37,S93154X,25527.25,6,306021,-313.44,-0.10,7.44,164.28,0.05,-309.72,-0.10,-9424.8,-18.85,3
482,Entry short,2025-11-05 09:34,S93154,25501.75,6,306021,-313.44,-0.10,7.44,164.28,0.05,-309.72,-0.10,-9424.8,-18.85,3
483,Exit long,2025-11-05 09:48,L93157X,25608,3,153199.5,444.78,0.29,3.72,446.64,0.29,-148.86,-0.10,-8980.02,-17.96,11
483,Entry long,2025-11-05 09:37,L93157,25533.25,3,153199.5,444.78,0.29,3.72,446.64,0.29,-148.86,-0.10,-8980.02,-17.96,11
484,Exit short,2025-11-05 10:41,S93187X,25729.25,3,154072.5,-306.72,-0.20,3.72,359.64,0.23,-304.86,-0.20,-9286.74,-18.57,34
484,Entry short,2025-11-05 10:07,S93187,25678.75,3,154072.5,-306.72,-0.20,3.72,359.64,0.23,-304.86,-0.20,-9286.74,-18.57,34
485,Exit short,2025-11-05 10:48,S93224X,25727.75,6,308427,-313.44,-0.10,7.44,65.28,0.02,-309.72,-0.10,-9600.18,-19.20,4
485,Entry short,2025-11-05 10:44,S93224,25702.25,6,308427,-313.44,-0.10,7.44,65.28,0.02,-309.72,-0.10,-9600.18,-19.20,4
486,Exit short,2025-11-05 11:01,S93229X,25728.5,6,308436,-313.44,-0.10,7.44,296.28,0.10,-309.72,-0.10,-9913.62,-19.83,12
486,Entry short,2025-11-05 10:49,S93229,25703,6,308436,-313.44,-0.10,7.44,296.28,0.10,-309.72,-0.10,-9913.62,-19.83,12
487,Exit short,2025-11-05 14:55,S93420X,25876.5,6,310212,-313.44,-0.10,7.44,332.28,0.11,-309.72,-0.10,-10227.06,-20.45,55
487,Entry short,2025-11-05 14:00,S93420,25851,6,310212,-313.44,-0.10,7.44,332.28,0.11,-309.72,-0.10,-10227.06,-20.45,55
488,Exit short,2025-11-06 09:51,S94530X,25577.25,3,153912,444.78,0.29,3.72,446.64,0.29,-127.86,-0.08,-9782.28,-19.56,21
488,Entry short,2025-11-06 09:30,S94530,25652,3,153912,444.78,0.29,3.72,446.64,0.29,-127.86,-0.08,-9782.28,-19.56,21
489,Exit long,2025-11-06 10:22,L94565X,25527,3,152713.5,444.78,0.29,3.72,446.64,0.29,-289.86,-0.19,-9337.5,-18.67,17
489,Entry long,2025-11-06 10:05,L94565,25452.25,3,152713.5,444.78,0.29,3.72,446.64,0.29,-289.86,-0.19,-9337.5,-18.67,17
490,Exit long,2025-11-06 10:32,L94582X,25478.75,3,153175.5,-306.72,-0.20,3.72,86.64,0.06,-304.86,-0.20,-9644.22,-19.29,10
490,Entry long,2025-11-06 10:22,L94582,25529.25,3,153175.5,-306.72,-0.20,3.72,86.64,0.06,-304.86,-0.20,-9644.22,-19.29,10
491,Exit long,2025-11-06 10:48,L94605X,25313.75,3,152185.5,-306.72,-0.20,3.72,0,0.00,-304.86,-0.20,-9950.94,-19.90,3
491,Entry long,2025-11-06 10:45,L94605,25364.25,3,152185.5,-306.72,-0.20,3.72,0,0.00,-304.86,-0.20,-9950.94,-19.90,3
492,Exit long,2025-11-06 11:22,L94614X,25288.75,3,152035.5,-306.72,-0.20,3.72,185.64,0.12,-304.86,-0.20,-10257.66,-20.52,28
492,Entry long,2025-11-06 10:54,L94614,25339.25,3,152035.5,-306.72,-0.20,3.72,185.64,0.12,-304.86,-0.20,-10257.66,-20.52,28
493,Exit long,2025-11-06 14:05,L94800X,25370.25,6,303996,439.56,0.14,7.44,443.28,0.15,-120.72,-0.04,-9818.1,-19.64,5
493,Entry long,2025-11-06 14:00,L94800,25333,6,303996,439.56,0.14,7.44,443.28,0.15,-120.72,-0.04,-9818.1,-19.64,5
494,Exit short,2025-11-06 14:26,S94807X,25414.25,6,304665,-313.44,-0.10,7.44,305.28,0.10,-309.72,-0.10,-10131.54,-20.26,19
494,Entry short,2025-11-06 14:07,S94807,25388.75,6,304665,-313.44,-0.10,7.44,305.28,0.10,-309.72,-0.10,-10131.54,-20.26,19
495,Exit short,2025-11-06 14:36,S94830X,25436.5,6,304932,-313.44,-0.10,7.44,8.28,0.00,-309.72,-0.10,-10444.98,-20.89,6
495,Entry short,2025-11-06 14:30,S94830,25411,6,304932,-313.44,-0.10,7.44,8.28,0.00,-309.72,-0.10,-10444.98,-20.89,6
496,Exit short,2025-11-06 14:42,S94839X,25381.25,6,305022,439.56,0.14,7.44,443.28,0.15,-21.72,-0.01,-10005.42,-20.01,3
496,Entry short,2025-11-06 14:39,S94839,25418.5,6,305022,439.56,0.14,7.44,443.28,0.15,-21.72,-0.01,-10005.42,-20.01,3
497,Exit short,2025-11-06 14:57,S94846X,25416.75,6,304695,-313.44,-0.10,7.44,425.28,0.14,-309.72,-0.10,-10318.86,-20.64,11
497,Entry short,2025-11-06 14:46,S94846,25391.25,6,304695,-313.44,-0.10,7.44,425.28,0.14,-309.72,-0.10,-10318.86,-20.64,11
498,Exit short,2025-11-07 09:37,S95910X,24971.25,3,150276,444.78,0.30,3.72,446.64,0.30,-264.36,-0.18,-9874.08,-19.75,7
498,Entry short,2025-11-07 09:30,S95910,25046,3,150276,444.78,0.30,3.72,446.64,0.30,-264.36,-0.18,-9874.08,-19.75,7
499,Exit long,2025-11-07 09:48,L95923X,24937.25,3,149926.5,-306.72,-0.20,3.72,50.64,0.03,-304.86,-0.20,-10180.8,-20.36,5
499,Entry long,2025-11-07 09:43,L95923,24987.75,3,149926.5,-306.72,-0.20,3.72,50.64,0.03,-304.86,-0.20,-10180.8,-20.36,5
500,Exit long,2025-11-07 09:49,L95928X,24937.25,3,149926.5,-306.72,-0.20,3.72,59.64,0.04,-304.86,-0.20,-10487.52,-20.98,1
500,Entry long,2025-11-07 09:48,L95928,24987.75,3,149926.5,-306.72,-0.20,3.72,59.64,0.04,-304.86,-0.20,-10487.52,-20.98,1
501,Exit long,2025-11-07 10:03,L95932X,24947.75,3,149989.5,-306.72,-0.20,3.72,281.64,0.19,-304.86,-0.20,-10794.24,-21.59,11
501,Entry long,2025-11-07 09:52,L95932,24998.25,3,149989.5,-306.72,-0.20,3.72,281.64,0.19,-304.86,-0.20,-10794.24,-21.59,11
502,Exit long,2025-11-07 10:11,L95948X,25006.75,3,149592,444.78,0.30,3.72,446.64,0.30,-84.36,-0.06,-10349.46,-20.70,3
502,Entry long,2025-11-07 10:08,L95948,24932,3,149592,444.78,0.30,3.72,446.64,0.30,-84.36,-0.06,-10349.46,-20.70,3
503,Exit long,2025-11-07 10:23,L95955X,24984.5,3,150210,-306.72,-0.20,3.72,58.14,0.04,-304.86,-0.20,-10656.18,-21.31,8
503,Entry long,2025-11-07 10:15,L95955,25035,3,150210,-306.72,-0.20,3.72,58.14,0.04,-304.86,-0.20,-10656.18,-21.31,8
504,Exit long,2025-11-07 10:33,L95965X,24944.75,3,149971.5,-306.72,-0.20,3.72,184.14,0.12,-304.86,-0.20,-10962.9,-21.93,8
504,Entry long,2025-11-07 10:25,L95965,24995.25,3,149971.5,-306.72,-0.20,3.72,184.14,0.12,-304.86,-0.20,-10962.9,-21.93,8
505,Exit long,2025-11-07 10:39,L95976X,24894.75,3,149671.5,-306.72,-0.20,3.72,116.64,0.08,-304.86,-0.20,-11269.62,-22.54,3
505,Entry long,2025-11-07 10:36,L95976,24945.25,3,149671.5,-306.72,-0.20,3.72,116.64,0.08,-304.86,-0.20,-11269.62,-22.54,3
506,Exit long,2025-11-07 10:59,L95987X,24827.75,3,149269.5,-306.72,-0.21,3.72,98.64,0.07,-304.86,-0.20,-11576.34,-23.15,12
506,Entry long,2025-11-07 10:47,L95987,24878.25,3,149269.5,-306.72,-0.21,3.72,98.64,0.07,-304.86,-0.20,-11576.34,-23.15,12
507,Exit short,2025-11-07 14:03,S96180X,24943,6,299010,-313.44,-0.10,7.44,35.28,0.01,-309.72,-0.10,-11889.78,-23.78,3
507,Entry short,2025-11-07 14:00,S96180,24917.5,6,299010,-313.44,-0.10,7.44,35.28,0.01,-309.72,-0.10,-11889.78,-23.78,3
508,Exit long,2025-11-10 09:44,L97290X,25639,3,153385.5,444.78,0.29,3.72,446.64,0.29,-18.36,-0.01,-11445,-22.89,14
508,Entry long,2025-11-10 09:30,L97290,25564.25,3,153385.5,444.78,0.29,3.72,446.64,0.29,-18.36,-0.01,-11445,-22.89,14
509,Exit short,2025-11-10 09:50,S97307X,25592.75,6,307560,439.56,0.14,7.44,443.28,0.14,-75.72,-0.02,-11005.44,-22.01,3
509,Entry short,2025-11-10 09:47,S97307,25630,6,307560,439.56,0.14,7.44,443.28,0.14,-75.72,-0.02,-11005.44,-22.01,3
510,Exit short,2025-11-10 09:55,S97310X,25622.5,6,307164,-313.44,-0.10,7.44,98.28,0.03,-309.72,-0.10,-11318.88,-22.64,5
510,Entry short,2025-11-10 09:50,S97310,25597,6,307164,-313.44,-0.10,7.44,98.28,0.03,-309.72,-0.10,-11318.88,-22.64,5
511,Exit short,2025-11-10 10:48,S97333X,25607.5,6,307737,439.56,0.14,7.44,443.28,0.14,-264.72,-0.09,-10879.32,-21.76,35
511,Entry short,2025-11-10 10:13,S97333,25644.75,6,307737,439.56,0.14,7.44,443.28,0.14,-264.72,-0.09,-10879.32,-21.76,35
512,Exit short,2025-11-10 10:54,S97370X,25540.5,6,306933,439.56,0.14,7.44,443.28,0.14,-39.72,-0.01,-10439.76,-20.88,4
512,Entry short,2025-11-10 10:50,S97370,25577.75,6,306933,439.56,0.14,7.44,443.28,0.14,-39.72,-0.01,-10439.76,-20.88,4
513,Exit long,2025-11-10 14:28,L97560X,25695.75,6,307902,439.56,0.14,7.44,443.28,0.14,-195.72,-0.06,-10000.2,-20.00,28
513,Entry long,2025-11-10 14:00,L97560,25658.5,6,307902,439.56,0.14,7.44,443.28,0.14,-195.72,-0.06,-10000.2,-20.00,28
514,Exit short,2025-11-10 14:53,S97589X,25712.25,6,308241,-313.44,-0.10,7.44,116.28,0.04,-309.72,-0.10,-10313.64,-20.63,24
514,Entry short,2025-11-10 14:29,S97589,25686.75,6,308241,-313.44,-0.10,7.44,116.28,0.04,-309.72,-0.10,-10313.64,-20.63,24
515,Exit short,2025-11-10 15:37,S97617X,25731.25,6,308469,-313.44,-0.10,7.44,107.28,0.03,-309.72,-0.10,-10627.08,-21.25,40
515,Entry short,2025-11-10 14:57,S97617,25705.75,6,308469,-313.44,-0.10,7.44,107.28,0.03,-309.72,-0.10,-10627.08,-21.25,40
516,Exit long,2025-11-11 09:50,L98670X,25569.75,3,153721.5,-306.72,-0.20,3.72,152.64,0.10,-304.86,-0.20,-10933.8,-21.87,20
516,Entry long,2025-11-11 09:30,L98670,25620.25,3,153721.5,-306.72,-0.20,3.72,152.64,0.10,-304.86,-0.20,-10933.8,-21.87,20
517,Exit long,2025-11-11 09:57,L98695X,25622.25,6,307020,439.56,0.14,7.44,443.28,0.14,-18.72,-0.01,-10494.24,-20.99,2
517,Entry long,2025-11-11 09:55,L98695,25585,6,307020,439.56,0.14,7.44,443.28,0.14,-18.72,-0.01,-10494.24,-20.99,2
518,Exit short,2025-11-11 10:05,S98700X,25575.75,6,307356,439.56,0.14,7.44,443.28,0.14,-189.72,-0.06,-10054.68,-20.11,5
518,Entry short,2025-11-11 10:00,S98700,25613,6,307356,439.56,0.14,7.44,443.28,0.14,-189.72,-0.06,-10054.68,-20.11,5
519,Exit long,2025-11-11 10:34,L98720X,25506.75,3,153343.5,-306.72,-0.20,3.72,133.14,0.09,-304.86,-0.20,-10361.4,-20.72,14
519,Entry long,2025-11-11 10:20,L98720,25557.25,3,153343.5,-306.72,-0.20,3.72,133.14,0.09,-304.86,-0.20,-10361.4,-20.72,14
520,Exit long,2025-11-11 10:45,L98741X,25525.5,6,306612,-313.44,-0.10,7.44,0,0.00,-309.72,-0.10,-10674.84,-21.35,4
520,Entry long,2025-11-11 10:41,L98741,25551,6,306612,-313.44,-0.10,7.44,0,0.00,-309.72,-0.10,-10674.84,-21.35,4
521,Exit long,2025-11-11 11:19,L98757X,25544.75,6,306090,439.56,0.14,7.44,443.28,0.14,-60.72,-0.02,-10235.28,-20.47,22
521,Entry long,2025-11-11 10:57,L98757,25507.5,6,306090,439.56,0.14,7.44,443.28,0.14,-60.72,-0.02,-10235.28,-20.47,22
522,Exit short,2025-11-11 15:55,flat 15:55,25647.5,6,308046,268.56,0.09,7.44,335.28,0.11,-219.72,-0.07,-9966.72,-19.93,115
522,Entry short,2025-11-11 14:00,S98940,25670.5,6,308046,268.56,0.09,7.44,335.28,0.11,-219.72,-0.07,-9966.72,-19.93,115
523,Exit short,2025-11-12 09:40,S100050X,25660.75,3,154413,444.78,0.29,3.72,446.64,0.29,-21.36,-0.01,-9521.94,-19.04,10
523,Entry short,2025-11-12 09:30,S100050,25735.5,3,154413,444.78,0.29,3.72,446.64,0.29,-21.36,-0.01,-9521.94,-19.04,10
524,Exit long,2025-11-12 10:36,L100070X,25549.75,3,153601.5,-306.72,-0.20,3.72,355.14,0.23,-304.86,-0.20,-9828.66,-19.66,46
524,Entry long,2025-11-12 09:50,L100070,25600.25,3,153601.5,-306.72,-0.20,3.72,355.14,0.23,-304.86,-0.20,-9828.66,-19.66,46
525,Exit long,2025-11-12 11:05,L100119X,25535,3,153513,-306.72,-0.20,3.72,157.14,0.10,-304.86,-0.20,-10135.38,-20.27,26
525,Entry long,2025-11-12 10:39,L100119,25585.5,3,153513,-306.72,-0.20,3.72,157.14,0.10,-304.86,-0.20,-10135.38,-20.27,26
526,Exit short,2025-11-12 14:28,S100320X,25569.25,6,307278,439.56,0.14,7.44,443.28,0.14,-219.72,-0.07,-9695.82,-19.39,28
526,Entry short,2025-11-12 14:00,S100320,25606.5,6,307278,439.56,0.14,7.44,443.28,0.14,-219.72,-0.07,-9695.82,-19.39,28
527,Exit long,2025-11-12 15:06,L100354X,25551.25,6,306921,-313.44,-0.10,7.44,302.28,0.10,-309.72,-0.10,-10009.26,-20.02,32
527,Entry long,2025-11-12 14:34,L100354,25576.75,6,306921,-313.44,-0.10,7.44,302.28,0.10,-309.72,-0.10,-10009.26,-20.02,32
528,Exit short,2025-11-13 09:36,S101430X,25381.75,3,152739,444.78,0.29,3.72,446.64,0.29,-142.86,-0.09,-9564.48,-19.13,6
528,Entry short,2025-11-13 09:30,S101430,25456.5,3,152739,444.78,0.29,3.72,446.64,0.29,-142.86,-0.09,-9564.48,-19.13,6
529,Exit long,2025-11-13 10:09,L101451X,25440,3,152191.5,444.78,0.29,3.72,446.64,0.29,-250.86,-0.16,-9119.7,-18.24,18
529,Entry long,2025-11-13 09:51,L101451,25365.25,3,152191.5,444.78,0.29,3.72,446.64,0.29,-250.86,-0.16,-9119.7,-18.24,18
530,Exit long,2025-11-13 10:22,L101472X,25403.25,3,152722.5,-306.72,-0.20,3.72,257.64,0.17,-304.86,-0.20,-9426.42,-18.85,10
530,Entry long,2025-11-13 10:12,L101472,25453.75,3,152722.5,-306.72,-0.20,3.72,257.64,0.17,-304.86,-0.20,-9426.42,-18.85,10
531,Exit long,2025-11-13 10:45,L101499X,25269.25,3,151918.5,-306.72,-0.20,3.72,94.14,0.06,-304.86,-0.20,-9733.14,-19.47,6
531,Entry long,2025-11-13 10:39,L101499,25319.75,3,151918.5,-306.72,-0.20,3.72,94.14,0.06,-304.86,-0.20,-9733.14,-19.47,6
532,Exit long,2025-11-13 11:07,L101518X,25192.5,3,151458,-306.72,-0.20,3.72,206.64,0.14,-304.86,-0.20,-10039.86,-20.08,9
532,Entry long,2025-11-13 10:58,L101518,25243,3,151458,-306.72,-0.20,3.72,206.64,0.14,-304.86,-0.20,-10039.86,-20.08,9
533,Exit short,2025-11-13 14:25,S101700X,25112.75,3,150373.5,-306.72,-0.20,3.72,263.64,0.18,-304.86,-0.20,-10346.58,-20.69,25
533,Entry short,2025-11-13 14:00,S101700,25062.25,3,150373.5,-306.72,-0.20,3.72,263.64,0.18,-304.86,-0.20,-10346.58,-20.69,25
534,Exit short,2025-11-13 14:55,S101730X,25020.25,3,150570,444.78,0.30,3.72,446.64,0.30,-226.86,-0.15,-9901.8,-19.80,25
534,Entry short,2025-11-13 14:30,S101730,25095,3,150570,444.78,0.30,3.72,446.64,0.30,-226.86,-0.15,-9901.8,-19.80,25
535,Exit long,2025-11-13 15:41,L101758X,25139.75,3,150390,444.78,0.30,3.72,446.64,0.30,-298.86,-0.20,-9457.02,-18.91,43
535,Entry long,2025-11-13 14:58,L101758,25065,3,150390,444.78,0.30,3.72,446.64,0.30,-298.86,-0.20,-9457.02,-18.91,43
536,Exit short,2025-11-14 09:36,S102810X,24748.25,3,148186.5,-306.72,-0.21,3.72,428.64,0.29,-304.86,-0.21,-9763.74,-19.53,6
536,Entry short,2025-11-14 09:30,S102810,24697.75,3,148186.5,-306.72,-0.21,3.72,428.64,0.29,-304.86,-0.21,-9763.74,-19.53,6
537,Exit short,2025-11-14 09:52,S102830X,24918,3,149205,-306.72,-0.21,3.72,26.64,0.02,-304.86,-0.20,-10070.46,-20.14,2
537,Entry short,2025-11-14 09:50,S102830,24867.5,3,149205,-306.72,-0.21,3.72,26.64,0.02,-304.86,-0.20,-10070.46,-20.14,2
538,Exit short,2025-11-14 10:06,S102840X,24981,3,149583,-306.72,-0.21,3.72,203.64,0.14,-304.86,-0.20,-10377.18,-20.75,6
538,Entry short,2025-11-14 10:00,S102840,24930.5,3,149583,-306.72,-0.21,3.72,203.64,0.14,-304.86,-0.20,-10377.18,-20.75,6
539,Exit short,2025-11-14 10:16,S102851X,24958.25,3,149446.5,-306.72,-0.21,3.72,269.64,0.18,-304.86,-0.20,-10683.9,-21.37,5
539,Entry short,2025-11-14 10:11,S102851,24907.75,3,149446.5,-306.72,-0.21,3.72,269.64,0.18,-304.86,-0.20,-10683.9,-21.37,5
540,Exit short,2025-11-14 10:27,S102859X,24982.5,3,149592,-306.72,-0.21,3.72,175.14,0.12,-304.86,-0.20,-10990.62,-21.98,8
540,Entry short,2025-11-14 10:19,S102859,24932,3,149592,-306.72,-0.21,3.72,175.14,0.12,-304.86,-0.20,-10990.62,-21.98,8
541,Exit short,2025-11-14 10:37,S102871X,25039.5,3,149934,-306.72,-0.20,3.72,17.64,0.01,-304.86,-0.20,-11297.34,-22.59,6
541,Entry short,2025-11-14 10:31,S102871,24989,3,149934,-306.72,-0.20,3.72,17.64,0.01,-304.86,-0.20,-11297.34,-22.59,6
542,Exit short,2025-11-14 10:45,S102881X,25115.5,3,150390,-306.72,-0.20,3.72,16.14,0.01,-304.86,-0.20,-11604.06,-23.21,4
542,Entry short,2025-11-14 10:41,S102881,25065,3,150390,-306.72,-0.20,3.72,16.14,0.01,-304.86,-0.20,-11604.06,-23.21,4
543,Exit short,2025-11-14 11:05,S102892X,25070.5,3,150871.5,444.78,0.29,3.72,446.64,0.30,-99.36,-0.07,-11159.28,-22.32,13
543,Entry short,2025-11-14 10:52,S102892,25145.25,3,150871.5,444.78,0.29,3.72,446.64,0.30,-99.36,-0.07,-11159.28,-22.32,13
544,Exit long,2025-11-14 14:04,L103080X,25153.25,6,302145,-313.44,-0.10,7.44,50.28,0.02,-309.72,-0.10,-11472.72,-22.95,4
544,Entry long,2025-11-14 14:00,L103080,25178.75,6,302145,-313.44,-0.10,7.44,50.28,0.02,-309.72,-0.10,-11472.72,-22.95,4
545,Exit short,2025-11-14 14:20,S103084X,25180.5,6,301860,-313.44,-0.10,7.44,365.28,0.12,-309.72,-0.10,-11786.16,-23.57,16
545,Entry short,2025-11-14 14:04,S103084,25155,6,301860,-313.44,-0.10,7.44,365.28,0.12,-309.72,-0.10,-11786.16,-23.57,16
546,Exit short,2025-11-17 09:32,S104190X,25018.5,3,149808,-306.72,-0.20,3.72,29.64,0.02,-304.86,-0.20,-12092.88,-24.19,2
546,Entry short,2025-11-17 09:30,S104190,24968,3,149808,-306.72,-0.20,3.72,29.64,0.02,-304.86,-0.20,-12092.88,-24.19,2
547,Exit long,2025-11-17 09:37,L104192X,25143.5,3,150412.5,444.78,0.30,3.72,446.64,0.30,-66.36,-0.04,-11648.1,-23.30,5
547,Entry long,2025-11-17 09:32,L104192,25068.75,3,150412.5,444.78,0.30,3.72,446.64,0.30,-66.36,-0.04,-11648.1,-23.30,5
548,Exit short,2025-11-17 09:47,S104204X,25209.75,3,150955.5,-306.72,-0.20,3.72,46.14,0.03,-304.86,-0.20,-11954.82,-23.91,3
548,Entry short,2025-11-17 09:44,S104204,25159.25,3,150955.5,-306.72,-0.20,3.72,46.14,0.03,-304.86,-0.20,-11954.82,-23.91,3
549,Exit short,2025-11-17 10:03,S104216X,25151.5,3,151357.5,444.78,0.29,3.72,446.64,0.30,-52.86,-0.03,-11510.04,-23.02,7
549,Entry short,2025-11-17 09:56,S104216,25226.25,3,151357.5,444.78,0.29,3.72,446.64,0.30,-52.86,-0.03,-11510.04,-23.02,7
550,Exit short,2025-11-17 10:09,S104223X,25067.5,3,150853.5,444.78,0.29,3.72,446.64,0.30,-102.36,-0.07,-11065.26,-22.13,6
550,Entry short,2025-11-17 10:03,S104223,25142.25,3,150853.5,444.78,0.29,3.72,446.64,0.30,-102.36,-0.07,-11065.26,-22.13,6
551,Exit short,2025-11-17 10:29,S104237X,25146.5,3,150576,-306.72,-0.20,3.72,238.14,0.16,-304.86,-0.20,-11371.98,-22.74,12
551,Entry short,2025-11-17 10:17,S104237,25096,3,150576,-306.72,-0.20,3.72,238.14,0.16,-304.86,-0.20,-11371.98,-22.74,12
552,Exit short,2025-11-17 10:44,S104252X,25137.25,3,150520.5,-306.72,-0.20,3.72,166.14,0.11,-304.86,-0.20,-11678.7,-23.36,12
552,Entry short,2025-11-17 10:32,S104252,25086.75,3,150520.5,-306.72,-0.20,3.72,166.14,0.11,-304.86,-0.20,-11678.7,-23.36,12
553,Exit short,2025-11-17 11:02,S104269X,25033,3,150646.5,444.78,0.30,3.72,446.64,0.30,-90.36,-0.06,-11233.92,-22.47,13
553,Entry short,2025-11-17 10:49,S104269,25107.75,3,150646.5,444.78,0.30,3.72,446.64,0.30,-90.36,-0.06,-11233.92,-22.47,13
554,Exit long,2025-11-17 14:02,L104460X,24877.5,6,298836,-313.44,-0.10,7.44,107.28,0.04,-309.72,-0.10,-11547.36,-23.09,2
554,Entry long,2025-11-17 14:00,L104460,24903,6,298836,-313.44,-0.10,7.44,107.28,0.04,-309.72,-0.10,-11547.36,-23.09,2
555,Exit short,2025-11-17 14:38,S104462X,24806.75,3,149289,444.78,0.30,3.72,446.64,0.30,-181.86,-0.12,-11102.58,-22.21,36
555,Entry short,2025-11-17 14:02,S104462,24881.5,3,149289,444.78,0.30,3.72,446.64,0.30,-181.86,-0.12,-11102.58,-22.21,36
556,Exit long,2025-11-18 09:31,L105570X,24687,3,148425,-306.72,-0.21,3.72,0,0.00,-304.86,-0.21,-11409.3,-22.82,1
556,Entry long,2025-11-18 09:30,L105570,24737.5,3,148425,-306.72,-0.21,3.72,0,0.00,-304.86,-0.21,-11409.3,-22.82,1
557,Exit short,2025-11-18 09:32,S105571X,24720.25,3,148018.5,-306.72,-0.21,3.72,0,0.00,-304.86,-0.21,-11716.02,-23.43,1
557,Entry short,2025-11-18 09:31,S105571,24669.75,3,148018.5,-306.72,-0.21,3.72,0,0.00,-304.86,-0.21,-11716.02,-23.43,1
558,Exit long,2025-11-18 09:34,L105572X,24742.75,3,148759.5,-306.72,-0.21,3.72,230.64,0.16,-304.86,-0.20,-12022.74,-24.05,2
558,Entry long,2025-11-18 09:32,L105572,24793.25,3,148759.5,-306.72,-0.21,3.72,230.64,0.16,-304.86,-0.20,-12022.74,-24.05,2
559,Exit short,2025-11-18 09:43,S105578X,24674,3,148492.5,444.78,0.30,3.72,446.64,0.30,-171.36,-0.12,-11577.96,-23.16,5
559,Entry short,2025-11-18 09:38,S105578,24748.75,3,148492.5,444.78,0.30,3.72,446.64,0.30,-171.36,-0.12,-11577.96,-23.16,5
560,Exit long,2025-11-18 09:59,L105597X,24526.75,3,147463.5,-306.72,-0.21,3.72,5.64,0.00,-304.86,-0.21,-11884.68,-23.77,2
560,Entry long,2025-11-18 09:57,L105597,24577.25,3,147463.5,-306.72,-0.21,3.72,5.64,0.00,-304.86,-0.21,-11884.68,-23.77,2
561,Exit long,2025-11-18 10:12,L105606X,24466.5,3,147102,-306.72,-0.21,3.72,325.14,0.22,-304.86,-0.21,-12191.4,-24.38,6
561,Entry long,2025-11-18 10:06,L105606,24517,3,147102,-306.72,-0.21,3.72,325.14,0.22,-304.86,-0.21,-12191.4,-24.38,6
562,Exit long,2025-11-18 10:16,L105613X,24477.5,3,147168,-306.72,-0.21,3.72,116.64,0.08,-304.86,-0.21,-12498.12,-25.00,3
562,Entry long,2025-11-18 10:13,L105613,24528,3,147168,-306.72,-0.21,3.72,116.64,0.08,-304.86,-0.21,-12498.12,-25.00,3
563,Exit long,2025-11-18 10:20,L105618X,24548,3,146839.5,444.78,0.30,3.72,446.64,0.30,-45.36,-0.03,-12053.34,-24.11,2
563,Entry long,2025-11-18 10:18,L105618,24473.25,3,146839.5,444.78,0.30,3.72,446.64,0.30,-45.36,-0.03,-12053.34,-24.11,2
564,Exit long,2025-11-18 10:34,L105620X,24509.5,3,147360,-306.72,-0.21,3.72,299.64,0.20,-304.86,-0.21,-12360.06,-24.72,14
564,Entry long,2025-11-18 10:20,L105620,24560,3,147360,-306.72,-0.21,3.72,299.64,0.20,-304.86,-0.21,-12360.06,-24.72,14
565,Exit long,2025-11-18 10:42,L105641X,24485.5,3,147216,-306.72,-0.21,3.72,23.64,0.02,-304.86,-0.21,-12666.78,-25.33,1
565,Entry long,2025-11-18 10:41,L105641,24536,3,147216,-306.72,-0.21,3.72,23.64,0.02,-304.86,-0.21,-12666.78,-25.33,1
566,Exit short,2025-11-19 09:35,S106950X,24653.75,3,147619.5,-306.72,-0.21,3.72,181.14,0.12,-304.86,-0.21,-12973.5,-25.95,5
566,Entry short,2025-11-19 09:30,S106950,24603.25,3,147619.5,-306.72,-0.21,3.72,181.14,0.12,-304.86,-0.21,-12973.5,-25.95,5
567,Exit short,2025-11-19 09:42,S106958X,24708.25,3,147946.5,-306.72,-0.21,3.72,119.64,0.08,-304.86,-0.21,-13280.22,-26.56,4
567,Entry short,2025-11-19 09:38,S106958,24657.75,3,147946.5,-306.72,-0.21,3.72,119.64,0.08,-304.86,-0.21,-13280.22,-26.56,4
568,Exit short,2025-11-19 10:16,S106987X,24975.75,3,149551.5,-306.72,-0.21,3.72,184.14,0.12,-304.86,-0.20,-13586.94,-27.17,9
568,Entry short,2025-11-19 10:07,S106987,24925.25,3,149551.5,-306.72,-0.21,3.72,184.14,0.12,-304.86,-0.20,-13586.94,-27.17,9
569,Exit short,2025-11-19 10:48,S107000X,24870.75,3,149673,444.78,0.30,3.72,446.64,0.30,-220.86,-0.15,-13142.16,-26.28,28
569,Entry short,2025-11-19 10:20,S107000,24945.5,3,149673,444.78,0.30,3.72,446.64,0.30,-220.86,-0.15,-13142.16,-26.28,28
570,Exit short,2025-11-19 10:55,S107028X,24797,3,149230.5,444.78,0.30,3.72,446.64,0.30,-10.86,-0.01,-12697.38,-25.39,7
570,Entry short,2025-11-19 10:48,S107028,24871.75,3,149230.5,444.78,0.30,3.72,446.64,0.30,-10.86,-0.01,-12697.38,-25.39,7
571,Exit short,2025-11-19 11:06,S107035X,24713,3,148726.5,444.78,0.30,3.72,446.64,0.30,-40.86,-0.03,-12252.6,-24.51,11
571,Entry short,2025-11-19 10:55,S107035,24787.75,3,148726.5,444.78,0.30,3.72,446.64,0.30,-40.86,-0.03,-12252.6,-24.51,11
572,Exit short,2025-11-19 14:26,S107220X,24595.25,3,148020,444.78,0.30,3.72,446.64,0.30,-63.36,-0.04,-11807.82,-23.62,26
572,Entry short,2025-11-19 14:00,S107220,24670,3,148020,444.78,0.30,3.72,446.64,0.30,-63.36,-0.04,-11807.82,-23.62,26
573,Exit long,2025-11-19 14:55,L107250X,24689.5,3,147688.5,444.78,0.30,3.72,446.64,0.30,-270.36,-0.18,-11363.04,-22.73,25
573,Entry long,2025-11-19 14:30,L107250,24614.75,3,147688.5,444.78,0.30,3.72,446.64,0.30,-270.36,-0.18,-11363.04,-22.73,25
574,Exit short,2025-11-20 09:43,S108330X,25230.75,3,151081.5,-306.72,-0.20,3.72,209.64,0.14,-304.86,-0.20,-11669.76,-23.34,13
574,Entry short,2025-11-20 09:30,S108330,25180.25,3,151081.5,-306.72,-0.20,3.72,209.64,0.14,-304.86,-0.20,-11669.76,-23.34,13
575,Exit short,2025-11-20 10:07,S108362X,25193,3,151606.5,444.78,0.29,3.72,446.64,0.29,-123.36,-0.08,-11224.98,-22.45,5
575,Entry short,2025-11-20 10:02,S108362,25267.75,3,151606.5,444.78,0.29,3.72,446.64,0.29,-123.36,-0.08,-11224.98,-22.45,5
576,Exit short,2025-11-20 10:37,S108393X,25301.5,3,151506,-306.72,-0.20,3.72,20.64,0.01,-304.86,-0.20,-11531.7,-23.06,4
576,Entry short,2025-11-20 10:33,S108393,25251,3,151506,-306.72,-0.20,3.72,20.64,0.01,-304.86,-0.20,-11531.7,-23.06,4
577,Exit short,2025-11-20 10:53,S108400X,25205.25,3,151680,444.78,0.29,3.72,446.64,0.29,-156.36,-0.10,-11086.92,-22.17,13
577,Entry short,2025-11-20 10:40,S108400,25280,3,151680,444.78,0.29,3.72,446.64,0.29,-156.36,-0.10,-11086.92,-22.17,13
578,Exit long,2025-11-20 11:00,L108417X,25147.5,3,151188,-306.72,-0.20,3.72,0,0.00,-304.86,-0.20,-11393.64,-22.79,3
578,Entry long,2025-11-20 10:57,L108417,25198,3,151188,-306.72,-0.20,3.72,0,0.00,-304.86,-0.20,-11393.64,-22.79,3
579,Exit long,2025-11-20 14:02,L108600X,24254.25,6,291357,-313.44,-0.11,7.44,239.28,0.08,-309.72,-0.11,-11707.08,-23.41,2
579,Entry long,2025-11-20 14:00,L108600,24279.75,6,291357,-313.44,-0.11,7.44,239.28,0.08,-309.72,-0.11,-11707.08,-23.41,2
580,Exit short,2025-11-20 14:18,S108602X,24309.25,3,145552.5,-306.72,-0.21,3.72,323.64,0.22,-304.86,-0.21,-12013.8,-24.03,16
580,Entry short,2025-11-20 14:02,S108602,24258.75,3,145552.5,-306.72,-0.21,3.72,323.64,0.22,-304.86,-0.21,-12013.8,-24.03,16
581,Exit short,2025-11-20 14:27,S108619X,24339.5,3,145734,-306.72,-0.21,3.72,175.14,0.12,-304.86,-0.21,-12320.52,-24.64,8
581,Entry short,2025-11-20 14:19,S108619,24289,3,145734,-306.72,-0.21,3.72,175.14,0.12,-304.86,-0.21,-12320.52,-24.64,8
582,Exit short,2025-11-20 14:55,S108630X,24358,3,145845,-306.72,-0.21,3.72,281.64,0.19,-304.86,-0.21,-12627.24,-25.25,25
582,Entry short,2025-11-20 14:30,S108630,24307.5,3,145845,-306.72,-0.21,3.72,281.64,0.19,-304.86,-0.21,-12627.24,-25.25,25
583,Exit long,2025-11-21 09:31,L109710X,24198.5,3,145494,-306.72,-0.21,3.72,112.14,0.08,-304.86,-0.21,-12933.96,-25.87,1
583,Entry long,2025-11-21 09:30,L109710,24249,3,145494,-306.72,-0.21,3.72,112.14,0.08,-304.86,-0.21,-12933.96,-25.87,1
584,Exit long,2025-11-21 10:08,L109745X,24132.5,3,145098,-306.72,-0.21,3.72,245.64,0.17,-304.86,-0.21,-13240.68,-26.48,3
584,Entry long,2025-11-21 10:05,L109745,24183,3,145098,-306.72,-0.21,3.72,245.64,0.17,-304.86,-0.21,-13240.68,-26.48,3
585,Exit long,2025-11-21 10:20,L109758X,24067.25,3,144706.5,-306.72,-0.21,3.72,172.14,0.12,-304.86,-0.21,-13547.4,-27.09,2
585,Entry long,2025-11-21 10:18,L109758,24117.75,3,144706.5,-306.72,-0.21,3.72,172.14,0.12,-304.86,-0.21,-13547.4,-27.09,2
586,Exit long,2025-11-21 10:25,L109762X,24192,3,144703.5,444.78,0.31,3.72,446.64,0.31,-181.86,-0.13,-13102.62,-26.21,3
586,Entry long,2025-11-21 10:22,L109762,24117.25,3,144703.5,444.78,0.31,3.72,446.64,0.31,-181.86,-0.13,-13102.62,-26.21,3
587,Exit long,2025-11-21 10:35,L109770X,24007,3,144345,-306.72,-0.21,3.72,169.14,0.12,-304.86,-0.21,-13409.34,-26.82,5
587,Entry long,2025-11-21 10:30,L109770,24057.5,3,144345,-306.72,-0.21,3.72,169.14,0.12,-304.86,-0.21,-13409.34,-26.82,5
588,Exit long,2025-11-21 10:49,L109784X,24104.25,3,144177,444.78,0.31,3.72,446.64,0.31,-174.36,-0.12,-12964.56,-25.93,5
588,Entry long,2025-11-21 10:44,L109784,24029.5,3,144177,444.78,0.31,3.72,446.64,0.31,-174.36,-0.12,-12964.56,-25.93,5
589,Exit long,2025-11-21 10:51,L109789X,24044.5,3,144570,-306.72,-0.21,3.72,26.64,0.02,-304.86,-0.21,-13271.28,-26.54,2
589,Entry long,2025-11-21 10:49,L109789,24095,3,144570,-306.72,-0.21,3.72,26.64,0.02,-304.86,-0.21,-13271.28,-26.54,2
590,Exit long,2025-11-21 10:57,L109794X,24036.5,3,144522,-306.72,-0.21,3.72,65.64,0.05,-304.86,-0.21,-13578,-27.16,3
590,Entry long,2025-11-21 10:54,L109794,24087,3,144522,-306.72,-0.21,3.72,65.64,0.05,-304.86,-0.21,-13578,-27.16,3
591,Exit long,2025-11-21 14:20,L109980X,24573.5,3,146992.5,444.78,0.30,3.72,446.64,0.30,-162.36,-0.11,-13133.22,-26.27,20
591,Entry long,2025-11-21 14:00,L109980,24498.75,3,146992.5,444.78,0.30,3.72,446.64,0.30,-162.36,-0.11,-13133.22,-26.27,20
592,Exit short,2025-11-21 14:44,S110007X,24500.25,3,147450,444.78,0.30,3.72,446.64,0.30,-121.86,-0.08,-12688.44,-25.38,17
592,Entry short,2025-11-21 14:27,S110007,24575,3,147450,444.78,0.30,3.72,446.64,0.30,-121.86,-0.08,-12688.44,-25.38,17
593,Exit long,2025-11-24 09:32,L111090X,24619.75,3,147270,444.78,0.30,3.72,446.64,0.30,-13.86,-0.01,-12243.66,-24.49,2
593,Entry long,2025-11-24 09:30,L111090,24545,3,147270,444.78,0.30,3.72,446.64,0.30,-13.86,-0.01,-12243.66,-24.49,2
594,Exit long,2025-11-24 09:34,L111092X,24673.75,6,295638,439.56,0.15,7.44,443.28,0.15,-81.72,-0.03,-11804.1,-23.61,2
594,Entry long,2025-11-24 09:32,L111092,24636.5,6,295638,439.56,0.15,7.44,443.28,0.15,-81.72,-0.03,-11804.1,-23.61,2
595,Exit long,2025-11-24 09:40,L111094X,24632.25,3,148096.5,-306.72,-0.21,3.72,235.14,0.16,-304.86,-0.21,-12110.82,-24.22,6
595,Entry long,2025-11-24 09:34,L111094,24682.75,3,148096.5,-306.72,-0.21,3.72,235.14,0.16,-304.86,-0.21,-12110.82,-24.22,6
596,Exit short,2025-11-24 09:42,S111100X,24680.25,3,147778.5,-306.72,-0.21,3.72,71.64,0.05,-304.86,-0.21,-12417.54,-24.84,2
596,Entry short,2025-11-24 09:40,S111100,24629.75,3,147778.5,-306.72,-0.21,3.72,71.64,0.05,-304.86,-0.21,-12417.54,-24.84,2
597,Exit short,2025-11-24 10:00,S111103X,24702.5,3,147912,-306.72,-0.21,3.72,434.64,0.29,-304.86,-0.21,-12724.26,-25.45,17
597,Entry short,2025-11-24 09:43,S111103,24652,3,147912,-306.72,-0.21,3.72,434.64,0.29,-304.86,-0.21,-12724.26,-25.45,17
598,Exit short,2025-11-24 10:36,S111127X,24781.25,3,148384.5,-306.72,-0.21,3.72,398.64,0.27,-304.86,-0.21,-13030.98,-26.06,29
598,Entry short,2025-11-24 10:07,S111127,24730.75,3,148384.5,-306.72,-0.21,3.72,398.64,0.27,-304.86,-0.21,-13030.98,-26.06,29
599,Exit short,2025-11-24 11:05,S111172X,24835.75,3,148711.5,-306.72,-0.21,3.72,140.64,0.09,-304.86,-0.20,-13337.7,-26.68,13
599,Entry short,2025-11-24 10:52,S111172,24785.25,3,148711.5,-306.72,-0.21,3.72,140.64,0.09,-304.86,-0.20,-13337.7,-26.68,13
600,Exit long,2025-11-24 14:33,L111360X,24908.5,6,299208,-313.44,-0.10,7.44,314.28,0.11,-309.72,-0.10,-13651.14,-27.30,33
600,Entry long,2025-11-24 14:00,L111360,24934,6,299208,-313.44,-0.10,7.44,314.28,0.11,-309.72,-0.10,-13651.14,-27.30,33
601,Exit long,2025-11-24 14:53,L111397X,24896,6,299058,-313.44,-0.10,7.44,203.28,0.07,-309.72,-0.10,-13964.58,-27.93,16
601,Entry long,2025-11-24 14:37,L111397,24921.5,6,299058,-313.44,-0.10,7.44,203.28,0.07,-309.72,-0.10,-13964.58,-27.93,16
602,Exit long,2025-11-24 15:04,L111414X,24947.5,6,298923,439.56,0.15,7.44,443.28,0.15,-81.72,-0.03,-13525.02,-27.05,10
602,Entry long,2025-11-24 14:54,L111414,24910.25,6,298923,439.56,0.15,7.44,443.28,0.15,-81.72,-0.03,-13525.02,-27.05,10
603,Exit short,2025-11-25 09:43,S112470X,24754,3,148972.5,444.78,0.30,3.72,446.64,0.30,-301.86,-0.20,-13080.24,-26.16,13
603,Entry short,2025-11-25 09:30,S112470,24828.75,3,148972.5,444.78,0.30,3.72,446.64,0.30,-301.86,-0.20,-13080.24,-26.16,13
604,Exit long,2025-11-25 09:55,L112491X,24766.25,3,148149,444.78,0.30,3.72,446.64,0.30,-28.86,-0.02,-12635.46,-25.27,4
604,Entry long,2025-11-25 09:51,L112491,24691.5,3,148149,444.78,0.30,3.72,446.64,0.30,-28.86,-0.02,-12635.46,-25.27,4
605,Exit long,2025-11-25 10:02,L112497X,24731.5,3,148692,-306.72,-0.21,3.72,260.64,0.18,-304.86,-0.21,-12942.18,-25.88,5
605,Entry long,2025-11-25 09:57,L112497,24782,3,148692,-306.72,-0.21,3.72,260.64,0.18,-304.86,-0.21,-12942.18,-25.88,5
606,Exit long,2025-11-25 10:30,L112505X,24806,3,148387.5,444.78,0.30,3.72,446.64,0.30,-183.36,-0.12,-12497.4,-24.99,25
606,Entry long,2025-11-25 10:05,L112505,24731.25,3,148387.5,444.78,0.30,3.72,446.64,0.30,-183.36,-0.12,-12497.4,-24.99,25
607,Exit long,2025-11-25 10:35,L112530X,24769.25,3,148918.5,-306.72,-0.21,3.72,52.14,0.04,-304.86,-0.20,-12804.12,-25.61,5
607,Entry long,2025-11-25 10:30,L112530,24819.75,3,148918.5,-306.72,-0.21,3.72,52.14,0.04,-304.86,-0.20,-12804.12,-25.61,5
608,Exit long,2025-11-25 10:49,L112544X,24795,3,149073,-306.72,-0.21,3.72,166.14,0.11,-304.86,-0.20,-13110.84,-26.22,5
608,Entry long,2025-11-25 10:44,L112544,24845.5,3,149073,-306.72,-0.21,3.72,166.14,0.11,-304.86,-0.20,-13110.84,-26.22,5
609,Exit long,2025-11-25 11:22,L112552X,24875,3,148801.5,444.78,0.30,3.72,446.64,0.30,-169.86,-0.11,-12666.06,-25.33,30
609,Entry long,2025-11-25 10:52,L112552,24800.25,3,148801.5,444.78,0.30,3.72,446.64,0.30,-169.86,-0.11,-12666.06,-25.33,30
610,Exit long,2025-11-25 14:08,L112740X,25003.75,6,300351,-313.44,-0.10,7.44,14.28,0.00,-309.72,-0.10,-12979.5,-25.96,8
610,Entry long,2025-11-25 14:00,L112740,25029.25,6,300351,-313.44,-0.10,7.44,14.28,0.00,-309.72,-0.10,-12979.5,-25.96,8
611,Exit long,2025-11-25 14:16,L112750X,24989.25,6,300177,-313.44,-0.10,7.44,41.28,0.01,-309.72,-0.10,-13292.94,-26.59,6
611,Entry long,2025-11-25 14:10,L112750,25014.75,6,300177,-313.44,-0.10,7.44,41.28,0.01,-309.72,-0.10,-13292.94,-26.59,6
612,Exit long,2025-11-25 14:38,L112761X,24954.75,6,299763,-313.44,-0.10,7.44,125.28,0.04,-309.72,-0.10,-13606.38,-27.21,17
612,Entry long,2025-11-25 14:21,L112761,24980.25,6,299763,-313.44,-0.10,7.44,125.28,0.04,-309.72,-0.10,-13606.38,-27.21,17
613,Exit long,2025-11-26 09:38,L113850X,25192.75,3,151459.5,-306.72,-0.20,3.72,164.64,0.11,-304.86,-0.20,-13913.1,-27.83,8
613,Entry long,2025-11-26 09:30,L113850,25243.25,3,151459.5,-306.72,-0.20,3.72,164.64,0.11,-304.86,-0.20,-13913.1,-27.83,8
614,Exit short,2025-11-26 09:59,S113872X,25163.5,3,151429.5,444.78,0.29,3.72,446.64,0.29,-49.86,-0.03,-13468.32,-26.94,7
614,Entry short,2025-11-26 09:52,S113872,25238.25,3,151429.5,444.78,0.29,3.72,446.64,0.29,-49.86,-0.03,-13468.32,-26.94,7
615,Exit long,2025-11-26 10:57,L113882X,25255.25,3,151083,444.78,0.29,3.72,446.64,0.30,-231.36,-0.15,-13023.54,-26.05,55
615,Entry long,2025-11-26 10:02,L113882,25180.5,3,151083,444.78,0.29,3.72,446.64,0.30,-231.36,-0.15,-13023.54,-26.05,55
616,Exit long,2025-11-26 14:07,L114120X,25300.25,6,303909,-313.44,-0.10,7.44,158.28,0.05,-309.72,-0.10,-13336.98,-26.67,7
616,Entry long,2025-11-26 14:00,L114120,25325.75,6,303909,-313.44,-0.10,7.44,158.28,0.05,-309.72,-0.10,-13336.98,-26.67,7
617,Exit short,2025-11-26 14:31,S114140X,25354,6,303942,-313.44,-0.10,7.44,47.28,0.02,-309.72,-0.10,-13650.42,-27.30,11
617,Entry short,2025-11-26 14:20,S114140,25328.5,6,303942,-313.44,-0.10,7.44,47.28,0.02,-309.72,-0.10,-13650.42,-27.30,11
618,Exit short,2025-11-26 14:50,S114153X,25310,6,304167,439.56,0.14,7.44,443.28,0.15,-12.72,0.00,-13210.86,-26.42,17
618,Entry short,2025-11-26 14:33,S114153,25347.25,6,304167,439.56,0.14,7.44,443.28,0.15,-12.72,0.00,-13210.86,-26.42,17
619,Exit long,2025-11-27 18:00,flat 15:55,25312.5,6,303729,13.56,0.00,7.44,107.28,0.04,-303.72,-0.10,-13197.3,-26.39,210
619,Entry long,2025-11-27 09:30,L115230,25310.75,6,303729,13.56,0.00,7.44,107.28,0.04,-303.72,-0.10,-13197.3,-26.39,210
620,Exit long,2025-11-28 09:37,L115725X,25406.25,6,304428,439.56,0.14,7.44,443.28,0.15,-99.72,-0.03,-12757.74,-25.52,7
620,Entry long,2025-11-28 09:30,L115725,25369,6,304428,439.56,0.14,7.44,443.28,0.15,-99.72,-0.03,-12757.74,-25.52,7
621,Exit short,2025-11-28 09:40,S115733X,25357.5,6,304737,439.56,0.14,7.44,443.28,0.15,-54.72,-0.02,-12318.18,-24.64,2
621,Entry short,2025-11-28 09:38,S115733,25394.75,6,304737,439.56,0.14,7.44,443.28,0.15,-54.72,-0.02,-12318.18,-24.64,2
622,Exit short,2025-11-28 10:19,S115747X,25396.75,6,304455,-313.44,-0.10,7.44,269.28,0.09,-309.72,-0.10,-12631.62,-25.26,27
622,Entry short,2025-11-28 09:52,S115747,25371.25,6,304455,-313.44,-0.10,7.44,269.28,0.09,-309.72,-0.10,-12631.62,-25.26,27
623,Exit short,2025-11-28 10:50,S115776X,25408.5,6,304596,-313.44,-0.10,7.44,314.28,0.10,-309.72,-0.10,-12945.06,-25.89,29
623,Entry short,2025-11-28 10:21,S115776,25383,6,304596,-313.44,-0.10,7.44,314.28,0.10,-309.72,-0.10,-12945.06,-25.89,29
624,Exit short,2025-11-28 11:09,S115810X,25434.25,6,304905,-313.44,-0.10,7.44,158.28,0.05,-309.72,-0.10,-13258.5,-26.52,14
624,Entry short,2025-11-28 10:55,S115810,25408.75,6,304905,-313.44,-0.10,7.44,158.28,0.05,-309.72,-0.10,-13258.5,-26.52,14
625,Exit long,2025-12-01 09:41,L116880X,25231,3,151689,-306.72,-0.20,3.72,227.64,0.15,-304.86,-0.20,-13565.22,-27.13,11
625,Entry long,2025-12-01 09:30,L116880,25281.5,3,151689,-306.72,-0.20,3.72,227.64,0.15,-304.86,-0.20,-13565.22,-27.13,11
626,Exit short,2025-12-01 10:35,S116908X,25269.25,3,152064,444.78,0.29,3.72,446.64,0.29,-276.36,-0.18,-13120.44,-26.24,37
626,Entry short,2025-12-01 09:58,S116908,25344,3,152064,444.78,0.29,3.72,446.64,0.29,-276.36,-0.18,-13120.44,-26.24,37
627,Exit short,2025-12-01 10:51,S116956X,25376,3,151953,-306.72,-0.20,3.72,29.64,0.02,-304.86,-0.20,-13427.16,-26.85,5
627,Entry short,2025-12-01 10:46,S116956,25325.5,3,151953,-306.72,-0.20,3.72,29.64,0.02,-304.86,-0.20,-13427.16,-26.85,5
628,Exit short,2025-12-01 14:12,S117150X,25434.25,6,305658,439.56,0.14,7.44,443.28,0.15,-63.72,-0.02,-12987.6,-25.98,12
628,Entry short,2025-12-01 14:00,S117150,25471.5,6,305658,439.56,0.14,7.44,443.28,0.15,-63.72,-0.02,-12987.6,-25.98,12
629,Exit long,2025-12-01 14:19,L117163X,25421.25,6,305361,-313.44,-0.10,7.44,53.28,0.02,-309.72,-0.10,-13301.04,-26.60,6
629,Entry long,2025-12-01 14:13,L117163,25446.75,6,305361,-313.44,-0.10,7.44,53.28,0.02,-309.72,-0.10,-13301.04,-26.60,6
630,Exit long,2025-12-01 14:30,L117177X,25388,6,304962,-313.44,-0.10,7.44,26.28,0.01,-309.72,-0.10,-13614.48,-27.23,3
630,Entry long,2025-12-01 14:27,L117177,25413.5,6,304962,-313.44,-0.10,7.44,26.28,0.01,-309.72,-0.10,-13614.48,-27.23,3
631,Exit long,2025-12-01 15:55,flat 15:55,25388,6,304632,16.56,0.01,7.44,419.28,0.14,-246.72,-0.08,-13597.92,-27.20,81
631,Entry long,2025-12-01 14:34,L117184,25386,6,304632,16.56,0.01,7.44,419.28,0.14,-246.72,-0.08,-13597.92,-27.20,81
632,Exit short,2025-12-02 09:35,S118260X,25528,3,152865,-306.72,-0.20,3.72,35.64,0.02,-304.86,-0.20,-13904.64,-27.81,5
632,Entry short,2025-12-02 09:30,S118260,25477.5,3,152865,-306.72,-0.20,3.72,35.64,0.02,-304.86,-0.20,-13904.64,-27.81,5
633,Exit short,2025-12-02 09:51,S118276X,25604.5,6,306948,-313.44,-0.10,7.44,146.28,0.05,-309.72,-0.10,-14218.08,-28.44,5
633,Entry short,2025-12-02 09:46,S118276,25579,6,306948,-313.44,-0.10,7.44,146.28,0.05,-309.72,-0.10,-14218.08,-28.44,5
634,Exit short,2025-12-02 10:00,S118283X,25624.25,3,153442.5,-306.72,-0.20,3.72,58.14,0.04,-304.86,-0.20,-14524.8,-29.05,7
634,Entry short,2025-12-02 09:53,S118283,25573.75,3,153442.5,-306.72,-0.20,3.72,58.14,0.04,-304.86,-0.20,-14524.8,-29.05,7
635,Exit short,2025-12-02 10:30,S118293X,25556.25,3,153786,444.78,0.29,3.72,446.64,0.29,-141.36,-0.09,-14080.02,-28.16,27
635,Entry short,2025-12-02 10:03,S118293,25631,3,153786,444.78,0.29,3.72,446.64,0.29,-141.36,-0.09,-14080.02,-28.16,27
636,Exit short,2025-12-02 10:40,S118322X,25584.25,6,306705,-313.44,-0.10,7.44,365.28,0.12,-309.72,-0.10,-14393.46,-28.79,8
636,Entry short,2025-12-02 10:32,S118322,25558.75,6,306705,-313.44,-0.10,7.44,365.28,0.12,-309.72,-0.10,-14393.46,-28.79,8
637,Exit short,2025-12-02 11:06,S118342X,25614.5,6,307821,439.56,0.14,7.44,443.28,0.14,-150.72,-0.05,-13953.9,-27.91,14
637,Entry short,2025-12-02 10:52,S118342,25651.75,6,307821,439.56,0.14,7.44,443.28,0.14,-150.72,-0.05,-13953.9,-27.91,14
638,Exit short,2025-12-02 14:04,S118530X,25593.25,6,306813,-313.44,-0.10,7.44,35.28,0.01,-309.72,-0.10,-14267.34,-28.53,4
638,Entry short,2025-12-02 14:00,S118530,25567.75,6,306813,-313.44,-0.10,7.44,35.28,0.01,-309.72,-0.10,-14267.34,-28.53,4
639,Exit short,2025-12-02 14:51,S118539X,25621,6,307146,-313.44,-0.10,7.44,380.28,0.12,-309.72,-0.10,-14580.78,-29.16,42
639,Entry short,2025-12-02 14:09,S118539,25595.5,6,307146,-313.44,-0.10,7.44,380.28,0.12,-309.72,-0.10,-14580.78,-29.16,42
640,Exit short,2025-12-02 15:55,flat 15:55,25604,6,307500,244.56,0.08,7.44,401.28,0.13,-264.72,-0.09,-14336.22,-28.67,61
640,Entry short,2025-12-02 14:54,S118584,25625,6,307500,244.56,0.08,7.44,401.28,0.13,-264.72,-0.09,-14336.22,-28.67,61
641,Exit short,2025-12-03 09:33,S119640X,25530.5,3,152880,-306.72,-0.20,3.72,124.14,0.08,-304.86,-0.20,-14642.94,-29.29,3
641,Entry short,2025-12-03 09:30,S119640,25480,3,152880,-306.72,-0.20,3.72,124.14,0.08,-304.86,-0.20,-14642.94,-29.29,3
642,Exit short,2025-12-03 10:00,S119644X,25523.25,3,152836.5,-306.72,-0.20,3.72,254.64,0.17,-304.86,-0.20,-14949.66,-29.90,26
642,Entry short,2025-12-03 09:34,S119644,25472.75,3,152836.5,-306.72,-0.20,3.72,254.64,0.17,-304.86,-0.20,-14949.66,-29.90,26
643,Exit short,2025-12-03 10:35,S119676X,25580.75,3,153181.5,-306.72,-0.20,3.72,191.64,0.13,-304.86,-0.20,-15256.38,-30.51,29
643,Entry short,2025-12-03 10:06,S119676,25530.25,3,153181.5,-306.72,-0.20,3.72,191.64,0.13,-304.86,-0.20,-15256.38,-30.51,29
644,Exit short,2025-12-03 11:34,S119708X,25611.5,3,153366,-306.72,-0.20,3.72,233.64,0.15,-304.86,-0.20,-15563.1,-31.13,56
644,Entry short,2025-12-03 10:38,S119708,25561,3,153366,-306.72,-0.20,3.72,233.64,0.15,-304.86,-0.20,-15563.1,-31.13,56
645,Exit long,2025-12-03 15:00,L119910X,25673.5,6,307635,439.56,0.14,7.44,443.28,0.14,-9.72,0.00,-15123.54,-30.25,60
645,Entry long,2025-12-03 14:00,L119910,25636.25,6,307635,439.56,0.14,7.44,443.28,0.14,-9.72,0.00,-15123.54,-30.25,60
646,Exit short,2025-12-04 09:34,S121020X,25594.5,3,154015.5,444.78,0.29,3.72,446.64,0.29,-58.86,-0.04,-14678.76,-29.36,4
646,Entry short,2025-12-04 09:30,S121020,25669.25,3,154015.5,444.78,0.29,3.72,446.64,0.29,-58.86,-0.04,-14678.76,-29.36,4
647,Exit short,2025-12-04 09:36,S121024X,25617.25,3,153400.5,-306.72,-0.20,3.72,95.64,0.06,-304.86,-0.20,-14985.48,-29.97,2
647,Entry short,2025-12-04 09:34,S121024,25566.75,3,153400.5,-306.72,-0.20,3.72,95.64,0.06,-304.86,-0.20,-14985.48,-29.97,2
648,Exit long,2025-12-04 09:42,L121030X,25586.75,3,153823.5,-306.72,-0.20,3.72,14.64,0.01,-304.86,-0.20,-15292.2,-30.58,2
648,Entry long,2025-12-04 09:40,L121030,25637.25,3,153823.5,-306.72,-0.20,3.72,14.64,0.01,-304.86,-0.20,-15292.2,-30.58,2
649,Exit long,2025-12-04 10:42,L121050X,25637.75,3,153378,444.78,0.29,3.72,446.64,0.29,-259.86,-0.17,-14847.42,-29.69,42
649,Entry long,2025-12-04 10:00,L121050,25563,3,153378,444.78,0.29,3.72,446.64,0.29,-259.86,-0.17,-14847.42,-29.69,42
650,Exit long,2025-12-04 11:00,L121103X,25561.75,6,307047,-313.44,-0.10,7.44,128.28,0.04,-309.72,-0.10,-15160.86,-30.32,7
650,Entry long,2025-12-04 10:53,L121103,25587.25,6,307047,-313.44,-0.10,7.44,128.28,0.04,-309.72,-0.10,-15160.86,-30.32,7
651,Exit short,2025-12-04 14:19,S121290X,25559.75,6,307164,439.56,0.14,7.44,443.28,0.14,-183.72,-0.06,-14721.3,-29.44,19
651,Entry short,2025-12-04 14:00,S121290,25597,6,307164,439.56,0.14,7.44,443.28,0.14,-183.72,-0.06,-14721.3,-29.44,19
652,Exit long,2025-12-04 14:33,L121315X,25561.5,6,306291,439.56,0.14,7.44,443.28,0.14,-42.72,-0.01,-14281.74,-28.56,8
652,Entry long,2025-12-04 14:25,L121315,25524.25,6,306291,439.56,0.14,7.44,443.28,0.14,-42.72,-0.01,-14281.74,-28.56,8
653,Exit long,2025-12-04 14:37,L121324X,25609.25,6,306864,439.56,0.14,7.44,443.28,0.14,-15.72,-0.01,-13842.18,-27.68,3
653,Entry long,2025-12-04 14:34,L121324,25572,6,306864,439.56,0.14,7.44,443.28,0.14,-15.72,-0.01,-13842.18,-27.68,3
654,Exit long,2025-12-04 15:04,L121337X,25573.25,6,307185,-313.44,-0.10,7.44,110.28,0.04,-309.72,-0.10,-14155.62,-28.31,17
654,Entry long,2025-12-04 14:47,L121337,25598.75,6,307185,-313.44,-0.10,7.44,110.28,0.04,-309.72,-0.10,-14155.62,-28.31,17
655,Exit long,2025-12-05 09:41,L122400X,25682.25,3,154396.5,-306.72,-0.20,3.72,268.14,0.17,-304.86,-0.20,-14462.34,-28.92,11
655,Entry long,2025-12-05 09:30,L122400,25732.75,3,154396.5,-306.72,-0.20,3.72,268.14,0.17,-304.86,-0.20,-14462.34,-28.92,11
656,Exit short,2025-12-05 10:05,S122426X,25825,3,154647,-306.72,-0.20,3.72,46.14,0.03,-304.86,-0.20,-14769.06,-29.54,9
656,Entry short,2025-12-05 09:56,S122426,25774.5,3,154647,-306.72,-0.20,3.72,46.14,0.03,-304.86,-0.20,-14769.06,-29.54,9
657,Exit short,2025-12-05 10:44,S122448X,25809.5,6,310161,439.56,0.14,7.44,443.28,0.14,-183.72,-0.06,-14329.5,-28.66,26
657,Entry short,2025-12-05 10:18,S122448,25846.75,6,310161,439.56,0.14,7.44,443.28,0.14,-183.72,-0.06,-14329.5,-28.66,26
658,Exit short,2025-12-05 10:47,S122475X,25824.25,6,309585,-313.44,-0.10,7.44,56.28,0.02,-309.72,-0.10,-14642.94,-29.29,2
658,Entry short,2025-12-05 10:45,S122475,25798.75,6,309585,-313.44,-0.10,7.44,56.28,0.02,-309.72,-0.10,-14642.94,-29.29,2
659,Exit short,2025-12-05 10:52,S122480X,25768.5,6,309669,439.56,0.14,7.44,443.28,0.14,-30.72,-0.01,-14203.38,-28.41,2
659,Entry short,2025-12-05 10:50,S122480,25805.75,6,309669,439.56,0.14,7.44,443.28,0.14,-30.72,-0.01,-14203.38,-28.41,2
660,Exit short,2025-12-05 11:11,S122485X,25711.5,6,308985,439.56,0.14,7.44,443.28,0.14,-222.72,-0.07,-13763.82,-27.53,16
660,Entry short,2025-12-05 10:55,S122485,25748.75,6,308985,439.56,0.14,7.44,443.28,0.14,-222.72,-0.07,-13763.82,-27.53,16
661,Exit short,2025-12-05 15:49,S122670X,25687,6,308691,439.56,0.14,7.44,443.28,0.14,-237.72,-0.08,-13324.26,-26.65,109
661,Entry short,2025-12-05 14:00,S122670,25724.25,6,308691,439.56,0.14,7.44,443.28,0.14,-237.72,-0.08,-13324.26,-26.65,109
662,Exit long,2025-12-08 09:42,L123780X,25773.75,3,154945.5,-306.72,-0.20,3.72,217.14,0.14,-304.86,-0.20,-13630.98,-27.26,12
662,Entry long,2025-12-08 09:30,L123780,25824.25,3,154945.5,-306.72,-0.20,3.72,217.14,0.14,-304.86,-0.20,-13630.98,-27.26,12
663,Exit long,2025-12-08 10:24,L123811X,25703,3,154521,-306.72,-0.20,3.72,148.14,0.10,-304.86,-0.20,-13937.7,-27.88,23
663,Entry long,2025-12-08 10:01,L123811,25753.5,3,154521,-306.72,-0.20,3.72,148.14,0.10,-304.86,-0.20,-13937.7,-27.88,23
664,Exit long,2025-12-08 10:52,L123837X,25667.5,6,308316,-313.44,-0.10,7.44,371.28,0.12,-309.72,-0.10,-14251.14,-28.50,25
664,Entry long,2025-12-08 10:27,L123837,25693,6,308316,-313.44,-0.10,7.44,371.28,0.12,-309.72,-0.10,-14251.14,-28.50,25
665,Exit long,2025-12-08 10:56,L123863X,25658.25,6,308205,-313.44,-0.10,7.44,14.28,0.00,-309.72,-0.10,-14564.58,-29.13,3
665,Entry long,2025-12-08 10:53,L123863,25683.75,6,308205,-313.44,-0.10,7.44,14.28,0.00,-309.72,-0.10,-14564.58,-29.13,3
666,Exit long,2025-12-08 11:00,L123867X,25655.5,6,308172,-313.44,-0.10,7.44,20.28,0.01,-309.72,-0.10,-14878.02,-29.76,3
666,Entry long,2025-12-08 10:57,L123867,25681,6,308172,-313.44,-0.10,7.44,20.28,0.01,-309.72,-0.10,-14878.02,-29.76,3
667,Exit short,2025-12-08 14:34,S124050X,25612,6,307038,-313.44,-0.10,7.44,227.28,0.07,-309.72,-0.10,-15191.46,-30.38,34
667,Entry short,2025-12-08 14:00,S124050,25586.5,6,307038,-313.44,-0.10,7.44,227.28,0.07,-309.72,-0.10,-15191.46,-30.38,34
668,Exit short,2025-12-08 15:53,S124090X,25624.75,6,307191,-313.44,-0.10,7.44,197.28,0.06,-309.72,-0.10,-15504.9,-31.01,73
668,Entry short,2025-12-08 14:40,S124090,25599.25,6,307191,-313.44,-0.10,7.44,197.28,0.06,-309.72,-0.10,-15504.9,-31.01,73
669,Exit short,2025-12-09 09:40,S125160X,25652,3,153609,-306.72,-0.20,3.72,247.14,0.16,-304.86,-0.20,-15811.62,-31.62,10
669,Entry short,2025-12-09 09:30,S125160,25601.5,3,153609,-306.72,-0.20,3.72,247.14,0.16,-304.86,-0.20,-15811.62,-31.62,10
670,Exit short,2025-12-09 10:43,S125195X,25675.25,3,153748.5,-306.72,-0.20,3.72,55.14,0.04,-304.86,-0.20,-16118.34,-32.24,38
670,Entry short,2025-12-09 10:05,S125195,25624.75,3,153748.5,-306.72,-0.20,3.72,55.14,0.04,-304.86,-0.20,-16118.34,-32.24,38
671,Exit short,2025-12-09 11:00,S125236X,25688,6,307950,-313.44,-0.10,7.44,320.28,0.10,-309.72,-0.10,-16431.78,-32.86,14
671,Entry short,2025-12-09 10:46,S125236,25662.5,6,307950,-313.44,-0.10,7.44,320.28,0.10,-309.72,-0.10,-16431.78,-32.86,14
672,Exit short,2025-12-09 15:55,flat 15:55,25700,6,308616,208.56,0.07,7.44,419.28,0.14,-51.72,-0.02,-16223.22,-32.45,115
672,Entry short,2025-12-09 14:00,S125430,25718,6,308616,208.56,0.07,7.44,419.28,0.14,-51.72,-0.02,-16223.22,-32.45,115
673,Exit short,2025-12-10 09:36,S126540X,25570,3,153868.5,444.78,0.29,3.72,446.64,0.29,-45.36,-0.03,-15778.44,-31.56,6
673,Entry short,2025-12-10 09:30,S126540,25644.75,3,153868.5,444.78,0.29,3.72,446.64,0.29,-45.36,-0.03,-15778.44,-31.56,6
674,Exit long,2025-12-10 09:47,L126547X,25661,6,307485,439.56,0.14,7.44,443.28,0.14,-246.72,-0.08,-15338.88,-30.68,10
674,Entry long,2025-12-10 09:37,L126547,25623.75,6,307485,439.56,0.14,7.44,443.28,0.14,-246.72,-0.08,-15338.88,-30.68,10
675,Exit long,2025-12-10 10:37,L126569X,25580.5,3,153786,-306.72,-0.20,3.72,152.64,0.10,-304.86,-0.20,-15645.6,-31.29,38
675,Entry long,2025-12-10 09:59,L126569,25631,3,153786,-306.72,-0.20,3.72,152.64,0.10,-304.86,-0.20,-15645.6,-31.29,38
676,Exit long,2025-12-10 10:49,L126609X,25623.5,6,307035,439.56,0.14,7.44,443.28,0.14,-279.72,-0.09,-15206.04,-30.41,10
676,Entry long,2025-12-10 10:39,L126609,25586.25,6,307035,439.56,0.14,7.44,443.28,0.14,-279.72,-0.09,-15206.04,-30.41,10
677,Exit long,2025-12-10 11:00,L126627X,25549.5,6,306900,-313.44,-0.10,7.44,35.28,0.01,-309.72,-0.10,-15519.48,-31.04,3
677,Entry long,2025-12-10 10:57,L126627,25575,6,306900,-313.44,-0.10,7.44,35.28,0.01,-309.72,-0.10,-15519.48,-31.04,3
678,Exit long,2025-12-10 14:02,L126810X,25644,3,154167,-306.72,-0.20,3.72,62.64,0.04,-304.86,-0.20,-15826.2,-31.65,2
678,Entry long,2025-12-10 14:00,L126810,25694.5,3,154167,-306.72,-0.20,3.72,62.64,0.04,-304.86,-0.20,-15826.2,-31.65,2
679,Exit short,2025-12-10 14:34,S126821X,25747.25,3,154180.5,-306.72,-0.20,3.72,412.14,0.27,-304.86,-0.20,-16132.92,-32.27,23
679,Entry short,2025-12-10 14:11,S126821,25696.75,3,154180.5,-306.72,-0.20,3.72,412.14,0.27,-304.86,-0.20,-16132.92,-32.27,23
680,Exit short,2025-12-10 14:41,S126846X,25643.75,3,154311,444.78,0.29,3.72,446.64,0.29,-198.36,-0.13,-15688.14,-31.38,5
680,Entry short,2025-12-10 14:36,S126846,25718.5,3,154311,444.78,0.29,3.72,446.64,0.29,-198.36,-0.13,-15688.14,-31.38,5
681,Exit short,2025-12-11 09:48,S127920X,25518,3,153556.5,444.78,0.29,3.72,446.64,0.29,-225.36,-0.15,-15243.36,-30.49,18
681,Entry short,2025-12-11 09:30,S127920,25592.75,3,153556.5,444.78,0.29,3.72,446.64,0.29,-225.36,-0.15,-15243.36,-30.49,18
682,Exit long,2025-12-11 10:07,L127952X,25510,3,152611.5,444.78,0.29,3.72,446.64,0.29,-10.86,-0.01,-14798.58,-29.60,5
682,Entry long,2025-12-11 10:02,L127952,25435.25,3,152611.5,444.78,0.29,3.72,446.64,0.29,-10.86,-0.01,-14798.58,-29.60,5
683,Exit long,2025-12-11 10:20,L127957X,25583.5,3,153052.5,444.78,0.29,3.72,446.64,0.29,-24.36,-0.02,-14353.8,-28.71,13
683,Entry long,2025-12-11 10:07,L127957,25508.75,3,153052.5,444.78,0.29,3.72,446.64,0.29,-24.36,-0.02,-14353.8,-28.71,13
684,Exit long,2025-12-11 10:44,L127970X,25532.5,3,153498,-306.72,-0.20,3.72,275.64,0.18,-304.86,-0.20,-14660.52,-29.32,24
684,Entry long,2025-12-11 10:20,L127970,25583,3,153498,-306.72,-0.20,3.72,275.64,0.18,-304.86,-0.20,-14660.52,-29.32,24
685,Exit long,2025-12-11 10:48,L127995X,25507.5,3,153348,-306.72,-0.20,3.72,26.64,0.02,-304.86,-0.20,-14967.24,-29.93,3
685,Entry long,2025-12-11 10:45,L127995,25558,3,153348,-306.72,-0.20,3.72,26.64,0.02,-304.86,-0.20,-14967.24,-29.93,3
686,Exit long,2025-12-11 11:42,L128003X,25567.5,3,152956.5,444.78,0.29,3.72,446.64,0.29,-222.36,-0.15,-14522.46,-29.04,49
686,Entry long,2025-12-11 10:53,L128003,25492.75,3,152956.5,444.78,0.29,3.72,446.64,0.29,-222.36,-0.15,-14522.46,-29.04,49
687,Exit long,2025-12-11 14:17,L128190X,25684.75,6,307770,439.56,0.14,7.44,443.28,0.14,-27.72,-0.01,-14082.9,-28.17,17
687,Entry long,2025-12-11 14:00,L128190,25647.5,6,307770,439.56,0.14,7.44,443.28,0.14,-27.72,-0.01,-14082.9,-28.17,17
688,Exit short,2025-12-11 14:50,S128221X,25720.5,6,308340,-313.44,-0.10,7.44,14.28,0.00,-309.72,-0.10,-14396.34,-28.79,19
688,Entry short,2025-12-11 14:31,S128221,25695,6,308340,-313.44,-0.10,7.44,14.28,0.00,-309.72,-0.10,-14396.34,-28.79,19
689,Exit short,2025-12-11 15:31,S128242X,25667.5,6,308457,439.56,0.14,7.44,443.28,0.14,-45.72,-0.01,-13956.78,-27.91,39
689,Entry short,2025-12-11 14:52,S128242,25704.75,6,308457,439.56,0.14,7.44,443.28,0.14,-45.72,-0.01,-13956.78,-27.91,39
690,Exit short,2025-12-12 09:36,S129300X,25600.25,3,153298.5,-306.72,-0.20,3.72,164.64,0.11,-304.86,-0.20,-14263.5,-28.53,6
690,Entry short,2025-12-12 09:30,S129300,25549.75,3,153298.5,-306.72,-0.20,3.72,164.64,0.11,-304.86,-0.20,-14263.5,-28.53,6
691,Exit short,2025-12-12 09:48,S129311X,25509,3,153502.5,444.78,0.29,3.72,446.64,0.29,-31.86,-0.02,-13818.72,-27.64,7
691,Entry short,2025-12-12 09:41,S129311,25583.75,3,153502.5,444.78,0.29,3.72,446.64,0.29,-31.86,-0.02,-13818.72,-27.64,7
692,Exit long,2025-12-12 10:04,L129321X,25482.5,3,153198,-306.72,-0.20,3.72,229.14,0.15,-304.86,-0.20,-14125.44,-28.25,13
692,Entry long,2025-12-12 09:51,L129321,25533,3,153198,-306.72,-0.20,3.72,229.14,0.15,-304.86,-0.20,-14125.44,-28.25,13
693,Exit long,2025-12-12 10:21,L129340X,25401,3,152709,-306.72,-0.20,3.72,122.64,0.08,-304.86,-0.20,-14432.16,-28.86,11
693,Entry long,2025-12-12 10:10,L129340,25451.5,3,152709,-306.72,-0.20,3.72,122.64,0.08,-304.86,-0.20,-14432.16,-28.86,11
694,Exit long,2025-12-12 10:58,L129361X,25293.75,3,152065.5,-306.72,-0.20,3.72,341.64,0.22,-304.86,-0.20,-14738.88,-29.48,27
694,Entry long,2025-12-12 10:31,L129361,25344.25,3,152065.5,-306.72,-0.20,3.72,341.64,0.22,-304.86,-0.20,-14738.88,-29.48,27
695,Exit long,2025-12-12 14:02,L129570X,25256.25,6,303381,-313.44,-0.10,7.44,14.28,0.00,-309.72,-0.10,-15052.32,-30.10,2
695,Entry long,2025-12-12 14:00,L129570,25281.75,6,303381,-313.44,-0.10,7.44,14.28,0.00,-309.72,-0.10,-15052.32,-30.10,2
696,Exit long,2025-12-12 14:23,L129590X,25222.25,6,302973,-313.44,-0.10,7.44,38.28,0.01,-309.72,-0.10,-15365.76,-30.73,3
696,Entry long,2025-12-12 14:20,L129590,25247.75,6,302973,-313.44,-0.10,7.44,38.28,0.01,-309.72,-0.10,-15365.76,-30.73,3
697,Exit long,2025-12-12 15:26,L129594X,25209,6,302814,-313.44,-0.10,7.44,374.28,0.12,-309.72,-0.10,-15679.2,-31.36,62
697,Entry long,2025-12-12 14:24,L129594,25234.5,6,302814,-313.44,-0.10,7.44,374.28,0.12,-309.72,-0.10,-15679.2,-31.36,62
698,Exit short,2025-12-15 09:39,S130680X,25305,3,152278.5,444.78,0.29,3.72,446.64,0.29,-121.86,-0.08,-15234.42,-30.47,9
698,Entry short,2025-12-15 09:30,S130680,25379.75,3,152278.5,444.78,0.29,3.72,446.64,0.29,-121.86,-0.08,-15234.42,-30.47,9
699,Exit long,2025-12-15 09:52,L130699X,25254.25,3,151828.5,-306.72,-0.20,3.72,32.64,0.02,-304.86,-0.20,-15541.14,-31.08,3
699,Entry long,2025-12-15 09:49,L130699,25304.75,3,151828.5,-306.72,-0.20,3.72,32.64,0.02,-304.86,-0.20,-15541.14,-31.08,3
700,Exit long,2025-12-15 10:11,L130715X,25178.5,3,151374,-306.72,-0.20,3.72,40.14,0.03,-304.86,-0.20,-15847.86,-31.70,6
700,Entry long,2025-12-15 10:05,L130715,25229,3,151374,-306.72,-0.20,3.72,40.14,0.03,-304.86,-0.20,-15847.86,-31.70,6
701,Exit long,2025-12-15 10:24,L130730X,25106.25,3,150940.5,-306.72,-0.20,3.72,97.14,0.06,-304.86,-0.20,-16154.58,-32.31,4
701,Entry long,2025-12-15 10:20,L130730,25156.75,3,150940.5,-306.72,-0.20,3.72,97.14,0.06,-304.86,-0.20,-16154.58,-32.31,4
702,Exit long,2025-12-15 10:44,L130740X,25159,3,150505.5,444.78,0.30,3.72,446.64,0.30,-48.36,-0.03,-15709.8,-31.42,14
702,Entry long,2025-12-15 10:30,L130740,25084.25,3,150505.5,444.78,0.30,3.72,446.64,0.30,-48.36,-0.03,-15709.8,-31.42,14
703,Exit long,2025-12-15 10:53,L130754X,25126.5,3,151062,-306.72,-0.20,3.72,119.64,0.08,-304.86,-0.20,-16016.52,-32.03,9
703,Entry long,2025-12-15 10:44,L130754,25177,3,151062,-306.72,-0.20,3.72,119.64,0.08,-304.86,-0.20,-16016.52,-32.03,9
704,Exit long,2025-12-15 11:18,L130769X,25227.75,3,150918,444.78,0.29,3.72,446.64,0.30,-204.36,-0.14,-15571.74,-31.14,19
704,Entry long,2025-12-15 10:59,L130769,25153,3,150918,444.78,0.29,3.72,446.64,0.30,-204.36,-0.14,-15571.74,-31.14,19
705,Exit long,2025-12-15 14:16,L130950X,25132.25,6,301893,-313.44,-0.10,7.44,305.28,0.10,-309.72,-0.10,-15885.18,-31.77,16
705,Entry long,2025-12-15 14:00,L130950,25157.75,6,301893,-313.44,-0.10,7.44,305.28,0.10,-309.72,-0.10,-15885.18,-31.77,16
706,Exit long,2025-12-15 15:31,L130985X,25105.25,6,301569,-313.44,-0.10,7.44,317.28,0.11,-309.72,-0.10,-16198.62,-32.40,56
706,Entry long,2025-12-15 14:35,L130985,25130.75,6,301569,-313.44,-0.10,7.44,317.28,0.11,-309.72,-0.10,-16198.62,-32.40,56
707,Exit long,2025-12-16 09:42,L132060X,25241.75,3,151753.5,-306.72,-0.20,3.72,350.64,0.23,-304.86,-0.20,-16505.34,-33.01,12
707,Entry long,2025-12-16 09:30,L132060,25292.25,3,151753.5,-306.72,-0.20,3.72,350.64,0.23,-304.86,-0.20,-16505.34,-33.01,12
708,Exit short,2025-12-16 10:00,S132082X,25405.5,3,152130,-306.72,-0.20,3.72,209.64,0.14,-304.86,-0.20,-16812.06,-33.62,8
708,Entry short,2025-12-16 09:52,S132082,25355,3,152130,-306.72,-0.20,3.72,209.64,0.14,-304.86,-0.20,-16812.06,-33.62,8
709,Exit short,2025-12-16 10:07,S132092X,25398.25,3,152086.5,-306.72,-0.20,3.72,194.64,0.13,-304.86,-0.20,-17118.78,-34.24,5
709,Entry short,2025-12-16 10:02,S132092,25347.75,3,152086.5,-306.72,-0.20,3.72,194.64,0.13,-304.86,-0.20,-17118.78,-34.24,5
710,Exit short,2025-12-16 10:20,S132099X,25255.25,3,151980,444.78,0.29,3.72,446.64,0.29,-91.86,-0.06,-16674,-33.35,11
710,Entry short,2025-12-16 10:09,S132099,25330,3,151980,444.78,0.29,3.72,446.64,0.29,-91.86,-0.06,-16674,-33.35,11
711,Exit long,2025-12-16 10:46,L132118X,25290.5,3,151294.5,444.78,0.29,3.72,446.64,0.30,-132.36,-0.09,-16229.22,-32.46,18
711,Entry long,2025-12-16 10:28,L132118,25215.75,3,151294.5,444.78,0.29,3.72,446.64,0.30,-132.36,-0.09,-16229.22,-32.46,18
712,Exit short,2025-12-16 11:17,S132147X,25231,3,151834.5,444.78,0.29,3.72,446.64,0.29,-231.36,-0.15,-15784.44,-31.57,20
712,Entry short,2025-12-16 10:57,S132147,25305.75,3,151834.5,444.78,0.29,3.72,446.64,0.29,-231.36,-0.15,-15784.44,-31.57,20
713,Exit short,2025-12-16 14:03,S132330X,25271.75,6,303708,439.56,0.14,7.44,443.28,0.15,-105.72,-0.03,-15344.88,-30.69,3
713,Entry short,2025-12-16 14:00,S132330,25309,6,303708,439.56,0.14,7.44,443.28,0.15,-105.72,-0.03,-15344.88,-30.69,3
714,Exit short,2025-12-16 14:30,S132333X,25287.25,6,303141,-313.44,-0.10,7.44,440.28,0.15,-309.72,-0.10,-15658.32,-31.32,27
714,Entry short,2025-12-16 14:03,S132333,25261.75,6,303141,-313.44,-0.10,7.44,440.28,0.15,-309.72,-0.10,-15658.32,-31.32,27
715,Exit long,2025-12-16 14:51,L132360X,25332.75,6,303546,439.56,0.14,7.44,443.28,0.15,-219.72,-0.07,-15218.76,-30.44,21
715,Entry long,2025-12-16 14:30,L132360,25295.5,6,303546,439.56,0.14,7.44,443.28,0.15,-219.72,-0.07,-15218.76,-30.44,21
716,Exit short,2025-12-16 15:04,S132383X,25352.25,6,303921,-313.44,-0.10,7.44,209.28,0.07,-309.72,-0.10,-15532.2,-31.06,11
716,Entry short,2025-12-16 14:53,S132383,25326.75,6,303921,-313.44,-0.10,7.44,209.28,0.07,-309.72,-0.10,-15532.2,-31.06,11
717,Exit short,2025-12-17 09:36,S133440X,25345.25,3,152520,444.78,0.29,3.72,446.64,0.29,-177.36,-0.12,-15087.42,-30.17,6
717,Entry short,2025-12-17 09:30,S133440,25420,3,152520,444.78,0.29,3.72,446.64,0.29,-177.36,-0.12,-15087.42,-30.17,6
718,Exit long,2025-12-17 10:35,L133459X,25248,3,151791,-306.72,-0.20,3.72,302.64,0.20,-304.86,-0.20,-15394.14,-30.79,46
718,Entry long,2025-12-17 09:49,L133459,25298.5,3,151791,-306.72,-0.20,3.72,302.64,0.20,-304.86,-0.20,-15394.14,-30.79,46
719,Exit long,2025-12-17 10:43,L133510X,25151.25,3,151210.5,-306.72,-0.20,3.72,2.64,0.00,-304.86,-0.20,-15700.86,-31.40,3
719,Entry long,2025-12-17 10:40,L133510,25201.75,3,151210.5,-306.72,-0.20,3.72,2.64,0.00,-304.86,-0.20,-15700.86,-31.40,3
720,Exit long,2025-12-17 10:52,L133517X,25077.25,3,150766.5,-306.72,-0.20,3.72,187.14,0.12,-304.86,-0.20,-16007.58,-32.02,5
720,Entry long,2025-12-17 10:47,L133517,25127.75,3,150766.5,-306.72,-0.20,3.72,187.14,0.12,-304.86,-0.20,-16007.58,-32.02,5
721,Exit long,2025-12-17 10:58,L133524X,25033.75,3,150505.5,-306.72,-0.20,3.72,52.14,0.03,-304.86,-0.20,-16314.3,-32.63,4
721,Entry long,2025-12-17 10:54,L133524,25084.25,3,150505.5,-306.72,-0.20,3.72,52.14,0.03,-304.86,-0.20,-16314.3,-32.63,4
722,Exit short,2025-12-17 14:53,S133710X,24975.25,6,299397,-313.44,-0.10,7.44,326.28,0.11,-309.72,-0.10,-16627.74,-33.26,53
722,Entry short,2025-12-17 14:00,S133710,24949.75,6,299397,-313.44,-0.10,7.44,326.28,0.11,-309.72,-0.10,-16627.74,-33.26,53
723,Exit short,2025-12-17 15:32,S133766X,24937.25,6,299694,439.56,0.15,7.44,443.28,0.15,-108.72,-0.04,-16188.18,-32.38,36
723,Entry short,2025-12-17 14:56,S133766,24974.5,6,299694,439.56,0.15,7.44,443.28,0.15,-108.72,-0.04,-16188.18,-32.38,36
724,Exit long,2025-12-18 09:35,L134820X,25256.25,3,151840.5,-306.72,-0.20,3.72,134.64,0.09,-304.86,-0.20,-16494.9,-32.99,5
724,Entry long,2025-12-18 09:30,L134820,25306.75,3,151840.5,-306.72,-0.20,3.72,134.64,0.09,-304.86,-0.20,-16494.9,-32.99,5
725,Exit long,2025-12-18 09:58,L134833X,25279.75,3,151230,444.78,0.29,3.72,446.64,0.30,-267.36,-0.18,-16050.12,-32.10,15
725,Entry long,2025-12-18 09:43,L134833,25205,3,151230,444.78,0.29,3.72,446.64,0.30,-267.36,-0.18,-16050.12,-32.10,15
726,Exit long,2025-12-18 10:24,L134864X,25271.75,3,151182,444.78,0.29,3.72,446.64,0.30,-130.86,-0.09,-15605.34,-31.21,10
726,Entry long,2025-12-18 10:14,L134864,25197,3,151182,444.78,0.29,3.72,446.64,0.30,-130.86,-0.09,-15605.34,-31.21,10
727,Exit short,2025-12-18 12:06,S134893X,25308,3,152296.5,444.78,0.29,3.72,446.64,0.29,-207.36,-0.14,-15160.56,-30.32,83
727,Entry short,2025-12-18 10:43,S134893,25382.75,3,152296.5,444.78,0.29,3.72,446.64,0.29,-207.36,-0.14,-15160.56,-30.32,83
728,Exit short,2025-12-18 14:03,S135090X,25287.25,6,303894,439.56,0.14,7.44,443.28,0.15,-90.72,-0.03,-14721,-29.44,3
728,Entry short,2025-12-18 14:00,S135090,25324.5,6,303894,439.56,0.14,7.44,443.28,0.15,-90.72,-0.03,-14721,-29.44,3
729,Exit short,2025-12-18 14:09,S135093X,25304.75,6,303351,-313.44,-0.10,7.44,299.28,0.10,-309.72,-0.10,-15034.44,-30.07,6
729,Entry short,2025-12-18 14:03,S135093,25279.25,6,303351,-313.44,-0.10,7.44,299.28,0.10,-309.72,-0.10,-15034.44,-30.07,6
730,Exit long,2025-12-18 14:14,L135099X,25288.75,6,303771,-313.44,-0.10,7.44,215.28,0.07,-309.72,-0.10,-15347.88,-30.70,5
730,Entry long,2025-12-18 14:09,L135099,25314.25,6,303771,-313.44,-0.10,7.44,215.28,0.07,-309.72,-0.10,-15347.88,-30.70,5
731,Exit long,2025-12-18 14:26,L135111X,25259.75,6,303423,-313.44,-0.10,7.44,53.28,0.02,-309.72,-0.10,-15661.32,-31.32,5
731,Entry long,2025-12-18 14:21,L135111,25285.25,6,303423,-313.44,-0.10,7.44,53.28,0.02,-309.72,-0.10,-15661.32,-31.32,5
732,Exit long,2025-12-18 14:55,L135125X,25227.5,6,303036,-313.44,-0.10,7.44,338.28,0.11,-309.72,-0.10,-15974.76,-31.95,20
732,Entry long,2025-12-18 14:35,L135125,25253,6,303036,-313.44,-0.10,7.44,338.28,0.11,-309.72,-0.10,-15974.76,-31.95,20
733,Exit long,2025-12-19 09:42,L136200X,25466.75,3,152352,444.78,0.29,3.72,446.64,0.29,-15.36,-0.01,-15529.98,-31.06,12
733,Entry long,2025-12-19 09:30,L136200,25392,3,152352,444.78,0.29,3.72,446.64,0.29,-15.36,-0.01,-15529.98,-31.06,12
734,Exit short,2025-12-19 10:00,S136224X,25587.75,3,153223.5,-306.72,-0.20,3.72,77.64,0.05,-304.86,-0.20,-15836.7,-31.67,6
734,Entry short,2025-12-19 09:54,S136224,25537.25,3,153223.5,-306.72,-0.20,3.72,77.64,0.05,-304.86,-0.20,-15836.7,-31.67,6
735,Exit short,2025-12-19 10:26,S136233X,25480.75,3,153333,444.78,0.29,3.72,446.64,0.29,-100.86,-0.07,-15391.92,-30.78,23
735,Entry short,2025-12-19 10:03,S136233,25555.5,3,153333,444.78,0.29,3.72,446.64,0.29,-100.86,-0.07,-15391.92,-30.78,23
736,Exit short,2025-12-19 10:28,S136256X,25501,6,305706,-313.44,-0.10,7.44,119.28,0.04,-309.72,-0.10,-15705.36,-31.41,2
736,Entry short,2025-12-19 10:26,S136256,25475.5,6,305706,-313.44,-0.10,7.44,119.28,0.04,-309.72,-0.10,-15705.36,-31.41,2
737,Exit short,2025-12-19 10:33,S136260X,25534.5,3,152904,-306.72,-0.20,3.72,11.64,0.01,-304.86,-0.20,-16012.08,-32.02,3
737,Entry short,2025-12-19 10:30,S136260,25484,3,152904,-306.72,-0.20,3.72,11.64,0.01,-304.86,-0.20,-16012.08,-32.02,3
738,Exit short,2025-12-19 12:18,S136264X,25572.5,3,153132,-306.72,-0.20,3.72,371.64,0.24,-304.86,-0.20,-16318.8,-32.64,104
738,Entry short,2025-12-19 10:34,S136264,25522,3,153132,-306.72,-0.20,3.72,371.64,0.24,-304.86,-0.20,-16318.8,-32.64,104
739,Exit long,2025-12-19 15:55,flat 15:55,25565.75,6,306714,67.56,0.02,7.44,392.28,0.13,-120.72,-0.04,-16251.24,-32.50,115
739,Entry long,2025-12-19 14:00,L136470,25559.5,6,306714,67.56,0.02,7.44,392.28,0.13,-120.72,-0.04,-16251.24,-32.50,115
740,Exit short,2025-12-22 09:36,S137580X,25686.75,3,154569,444.78,0.29,3.72,446.64,0.29,-202.86,-0.13,-15806.46,-31.61,6
740,Entry short,2025-12-22 09:30,S137580,25761.5,3,154569,444.78,0.29,3.72,446.64,0.29,-202.86,-0.13,-15806.46,-31.61,6
741,Exit long,2025-12-22 10:36,L137593X,25646.5,3,154182,-306.72,-0.20,3.72,367.14,0.24,-304.86,-0.20,-16113.18,-32.23,53
741,Entry long,2025-12-22 09:43,L137593,25697,3,154182,-306.72,-0.20,3.72,367.14,0.24,-304.86,-0.20,-16113.18,-32.23,53
742,Exit long,2025-12-22 11:15,L137652X,25710,6,308073,439.56,0.14,7.44,443.28,0.14,-168.72,-0.05,-15673.62,-31.35,33
742,Entry long,2025-12-22 10:42,L137652,25672.75,6,308073,439.56,0.14,7.44,443.28,0.14,-168.72,-0.05,-15673.62,-31.35,33
743,Exit long,2025-12-22 15:55,flat 15:55,25692.75,6,308289,16.56,0.01,7.44,254.28,0.08,-177.72,-0.06,-15657.06,-31.31,115
743,Entry long,2025-12-22 14:00,L137850,25690.75,6,308289,16.56,0.01,7.44,254.28,0.08,-177.72,-0.06,-15657.06,-31.31,115
744,Exit long,2025-12-23 10:01,L138960X,25668.75,3,154315.5,-306.72,-0.20,3.72,190.14,0.12,-304.86,-0.20,-15963.78,-31.93,31
744,Entry long,2025-12-23 09:30,L138960,25719.25,3,154315.5,-306.72,-0.20,3.72,190.14,0.12,-304.86,-0.20,-15963.78,-31.93,31
745,Exit short,2025-12-23 10:30,S138991X,25689.25,6,307965,-313.44,-0.10,7.44,434.28,0.14,-309.72,-0.10,-16277.22,-32.55,29
745,Entry short,2025-12-23 10:01,S138991,25663.75,6,307965,-313.44,-0.10,7.44,434.28,0.14,-309.72,-0.10,-16277.22,-32.55,29
746,Exit short,2025-12-23 10:56,S139035X,25734.5,6,308508,-313.44,-0.10,7.44,29.28,0.01,-309.72,-0.10,-16590.66,-33.18,11
746,Entry short,2025-12-23 10:45,S139035,25709,6,308508,-313.44,-0.10,7.44,29.28,0.01,-309.72,-0.10,-16590.66,-33.18,11
747,Exit short,2025-12-23 14:56,S139230X,25798.75,6,309279,-313.44,-0.10,7.44,17.28,0.01,-309.72,-0.10,-16904.1,-33.81,56
747,Entry short,2025-12-23 14:00,S139230,25773.25,6,309279,-313.44,-0.10,7.44,17.28,0.01,-309.72,-0.10,-16904.1,-33.81,56
748,Exit long,2025-12-24 11:37,L140340X,25879,3,154825.5,444.78,0.29,3.72,446.64,0.29,-123.36,-0.08,-16459.32,-32.92,127
748,Entry long,2025-12-24 09:30,L140340,25804.25,3,154825.5,444.78,0.29,3.72,446.64,0.29,-123.36,-0.08,-16459.32,-32.92,127
749,Exit short,2025-12-26 09:36,S141495X,25926.25,3,155254.5,-306.72,-0.20,3.72,65.64,0.04,-304.86,-0.20,-16766.04,-33.53,6
749,Entry short,2025-12-26 09:30,S141495,25875.75,3,155254.5,-306.72,-0.20,3.72,65.64,0.04,-304.86,-0.20,-16766.04,-33.53,6
750,Exit short,2025-12-26 09:51,S141505X,25874.5,6,310941,439.56,0.14,7.44,443.28,0.14,-282.72,-0.09,-16326.48,-32.65,11
750,Entry short,2025-12-26 09:40,S141505,25911.75,6,310941,439.56,0.14,7.44,443.28,0.14,-282.72,-0.09,-16326.48,-32.65,11
751,Exit long,2025-12-26 10:12,L141529X,25835.5,6,310332,-313.44,-0.10,7.44,134.28,0.04,-309.72,-0.10,-16639.92,-33.28,8
751,Entry long,2025-12-26 10:04,L141529,25861,6,310332,-313.44,-0.10,7.44,134.28,0.04,-309.72,-0.10,-16639.92,-33.28,8
752,Exit long,2025-12-26 10:31,L141538X,25893.75,6,310278,439.56,0.14,7.44,443.28,0.14,-270.72,-0.09,-16200.36,-32.40,18
752,Entry long,2025-12-26 10:13,L141538,25856.5,6,310278,439.56,0.14,7.44,443.28,0.14,-270.72,-0.09,-16200.36,-32.40,18
753,Exit long,2025-12-26 11:14,L141558X,25862.5,6,310656,-313.44,-0.10,7.44,272.28,0.09,-309.72,-0.10,-16513.8,-33.03,41
753,Entry long,2025-12-26 10:33,L141558,25888,6,310656,-313.44,-0.10,7.44,272.28,0.09,-309.72,-0.10,-16513.8,-33.03,41
754,Exit short,2025-12-26 15:55,flat 15:55,25863.25,6,310638,271.56,0.09,7.44,350.28,0.11,-147.72,-0.05,-16242.24,-32.48,115
754,Entry short,2025-12-26 14:00,S141765,25886.5,6,310638,271.56,0.09,7.44,350.28,0.11,-147.72,-0.05,-16242.24,-32.48,115
755,Exit short,2025-12-29 09:36,S142875X,25741.75,3,154147.5,-306.72,-0.20,3.72,146.64,0.10,-304.86,-0.20,-16548.96,-33.10,6
755,Entry short,2025-12-29 09:30,S142875,25691.25,3,154147.5,-306.72,-0.20,3.72,146.64,0.10,-304.86,-0.20,-16548.96,-33.10,6
756,Exit short,2025-12-29 09:45,S142888X,25750,6,309447,439.56,0.14,7.44,443.28,0.14,-93.72,-0.03,-16109.4,-32.22,2
756,Entry short,2025-12-29 09:43,S142888,25787.25,6,309447,439.56,0.14,7.44,443.28,0.14,-93.72,-0.03,-16109.4,-32.22,2
757,Exit short,2025-12-29 10:10,S142890X,25673.5,3,154489.5,444.78,0.29,3.72,446.64,0.29,-168.36,-0.11,-15664.62,-31.33,25
757,Entry short,2025-12-29 09:45,S142890,25748.25,3,154489.5,444.78,0.29,3.72,446.64,0.29,-168.36,-0.11,-15664.62,-31.33,25
758,Exit long,2025-12-29 10:22,L142920X,25730.75,6,308322,439.56,0.14,7.44,443.28,0.14,-21.72,-0.01,-15225.06,-30.45,7
758,Entry long,2025-12-29 10:15,L142920,25693.5,6,308322,439.56,0.14,7.44,443.28,0.14,-21.72,-0.01,-15225.06,-30.45,7
759,Exit short,2025-12-29 10:35,S142933X,25764,6,308862,-313.44,-0.10,7.44,59.28,0.02,-309.72,-0.10,-15538.5,-31.08,7
759,Entry short,2025-12-29 10:28,S142933,25738.5,6,308862,-313.44,-0.10,7.44,59.28,0.02,-309.72,-0.10,-15538.5,-31.08,7
760,Exit short,2025-12-29 10:49,S142950X,25712.25,6,308994,439.56,0.14,7.44,443.28,0.14,-87.72,-0.03,-15098.94,-30.20,4
760,Entry short,2025-12-29 10:45,S142950,25749.5,6,308994,439.56,0.14,7.44,443.28,0.14,-87.72,-0.03,-15098.94,-30.20,4
761,Exit short,2025-12-29 12:11,S142954X,25673.75,6,308532,439.56,0.14,7.44,443.28,0.14,-147.72,-0.05,-14659.38,-29.32,82
761,Entry short,2025-12-29 10:49,S142954,25711,6,308532,439.56,0.14,7.44,443.28,0.14,-147.72,-0.05,-14659.38,-29.32,82
762,Exit short,2025-12-29 14:31,S143145X,25717.25,6,308301,-313.44,-0.10,7.44,95.28,0.03,-309.72,-0.10,-14972.82,-29.95,31
762,Entry short,2025-12-29 14:00,S143145,25691.75,6,308301,-313.44,-0.10,7.44,95.28,0.03,-309.72,-0.10,-14972.82,-29.95,31
763,Exit short,2025-12-29 15:43,S143204X,25741,9,463779,429.84,0.09,11.16,435.42,0.09,-14.58,0.00,-14542.98,-29.09,44
763,Entry short,2025-12-29 14:59,S143204,25765.5,9,463779,429.84,0.09,11.16,435.42,0.09,-14.58,0.00,-14542.98,-29.09,44
764,Exit long,2025-12-30 11:21,L144255X,25792.5,3,154306.5,444.78,0.29,3.72,446.64,0.29,-267.36,-0.17,-14098.2,-28.20,111
764,Entry long,2025-12-30 09:30,L144255,25717.75,3,154306.5,444.78,0.29,3.72,446.64,0.29,-267.36,-0.17,-14098.2,-28.20,111
765,Exit long,2025-12-30 14:54,L144525X,25707.75,6,308799,-313.44,-0.10,7.44,116.28,0.04,-309.72,-0.10,-14411.64,-28.82,54
765,Entry long,2025-12-30 14:00,L144525,25733.25,6,308799,-313.44,-0.10,7.44,116.28,0.04,-309.72,-0.10,-14411.64,-28.82,54
766,Exit long,2025-12-30 15:06,L144579X,25697.5,9,462861,-317.16,-0.07,11.16,0,0.00,-311.58,-0.07,-14728.8,-29.46,12
766,Entry long,2025-12-30 14:54,L144579,25714.5,9,462861,-317.16,-0.07,11.16,0,0.00,-311.58,-0.07,-14728.8,-29.46,12
767,Exit long,2025-12-31 09:33,L145635X,25654.75,6,308163,-313.44,-0.10,7.44,140.28,0.05,-309.72,-0.10,-15042.24,-30.08,3
767,Entry long,2025-12-31 09:30,L145635,25680.25,6,308163,-313.44,-0.10,7.44,140.28,0.05,-309.72,-0.10,-15042.24,-30.08,3
768,Exit long,2025-12-31 09:44,L145643X,25612.75,6,307659,-313.44,-0.10,7.44,0,0.00,-309.72,-0.10,-15355.68,-30.71,6
768,Entry long,2025-12-31 09:38,L145643,25638.25,6,307659,-313.44,-0.10,7.44,0,0.00,-309.72,-0.10,-15355.68,-30.71,6
769,Exit long,2025-12-31 10:18,L145653X,25573,6,307182,-313.44,-0.10,7.44,440.28,0.14,-309.72,-0.10,-15669.12,-31.34,30
769,Entry long,2025-12-31 09:48,L145653,25598.5,6,307182,-313.44,-0.10,7.44,440.28,0.14,-309.72,-0.10,-15669.12,-31.34,30
770,Exit long,2025-12-31 10:54,L145690X,25568.5,6,307128,-313.44,-0.10,7.44,188.28,0.06,-309.72,-0.10,-15982.56,-31.97,29
770,Entry long,2025-12-31 10:25,L145690,25594,6,307128,-313.44,-0.10,7.44,188.28,0.06,-309.72,-0.10,-15982.56,-31.97,29
771,Exit long,2025-12-31 11:29,L145723X,25593.25,6,306672,439.56,0.14,7.44,443.28,0.14,-75.72,-0.02,-15543,-31.09,31
771,Entry long,2025-12-31 10:58,L145723,25556,6,306672,439.56,0.14,7.44,443.28,0.14,-75.72,-0.02,-15543,-31.09,31
772,Exit long,2025-12-31 14:19,L145905X,25600,6,307506,-313.44,-0.10,7.44,107.28,0.03,-309.72,-0.10,-15856.44,-31.71,19
772,Entry long,2025-12-31 14:00,L145905,25625.5,6,307506,-313.44,-0.10,7.44,107.28,0.03,-309.72,-0.10,-15856.44,-31.71,19
773,Exit long,2025-12-31 14:29,L145928X,25581.25,9,460768.5,-317.16,-0.07,11.16,52.92,0.01,-311.58,-0.07,-16173.6,-32.35,6
773,Entry long,2025-12-31 14:23,L145928,25598.25,9,460768.5,-317.16,-0.07,11.16,52.92,0.01,-311.58,-0.07,-16173.6,-32.35,6
774,Exit long,2025-12-31 14:53,L145942X,25535.25,6,306729,-313.44,-0.10,7.44,0,0.00,-309.72,-0.10,-16487.04,-32.97,16
774,Entry long,2025-12-31 14:37,L145942,25560.75,6,306729,-313.44,-0.10,7.44,0,0.00,-309.72,-0.10,-16487.04,-32.97,16
775,Exit long,2025-12-31 15:00,L145963X,25517.5,6,306516,-313.44,-0.10,7.44,0,0.00,-309.72,-0.10,-16800.48,-33.60,2
775,Entry long,2025-12-31 14:58,L145963,25543,6,306516,-313.44,-0.10,7.44,0,0.00,-309.72,-0.10,-16800.48,-33.60,2
776,Exit long,2026-01-02 09:32,L147015X,25671.25,3,154330.5,-306.72,-0.20,3.72,68.64,0.04,-304.86,-0.20,-17107.2,-34.21,2
776,Entry long,2026-01-02 09:30,L147015,25721.75,3,154330.5,-306.72,-0.20,3.72,68.64,0.04,-304.86,-0.20,-17107.2,-34.21,2
777,Exit short,2026-01-02 09:36,S147017X,25695.75,6,308043,-313.44,-0.10,7.44,236.28,0.08,-309.72,-0.10,-17420.64,-34.84,4
777,Entry short,2026-01-02 09:32,S147017,25670.25,6,308043,-313.44,-0.10,7.44,236.28,0.08,-309.72,-0.10,-17420.64,-34.84,4
778,Exit short,2026-01-02 10:11,S147037X,25677,3,154510.5,444.78,0.29,3.72,446.64,0.29,-171.36,-0.11,-16975.86,-33.95,19
778,Entry short,2026-01-02 09:52,S147037,25751.75,3,154510.5,444.78,0.29,3.72,446.64,0.29,-171.36,-0.11,-16975.86,-33.95,19
779,Exit long,2026-01-02 10:21,L147064X,25526.75,3,153463.5,-306.72,-0.20,3.72,8.64,0.01,-304.86,-0.20,-17282.58,-34.57,2
779,Entry long,2026-01-02 10:19,L147064,25577.25,3,153463.5,-306.72,-0.20,3.72,8.64,0.01,-304.86,-0.20,-17282.58,-34.57,2
780,Exit long,2026-01-02 10:40,L147071X,25573.5,3,152992.5,444.78,0.29,3.72,446.64,0.29,-189.36,-0.12,-16837.8,-33.68,14
780,Entry long,2026-01-02 10:26,L147071,25498.75,3,152992.5,444.78,0.29,3.72,446.64,0.29,-189.36,-0.12,-16837.8,-33.68,14
781,Exit long,2026-01-02 10:49,L147086X,25529.25,3,153478.5,-306.72,-0.20,3.72,142.14,0.09,-304.86,-0.20,-17144.52,-34.29,8
781,Entry long,2026-01-02 10:41,L147086,25579.75,3,153478.5,-306.72,-0.20,3.72,142.14,0.09,-304.86,-0.20,-17144.52,-34.29,8
782,Exit long,2026-01-02 14:13,L147285X,25387.25,3,151875,444.78,0.29,3.72,446.64,0.29,-154.86,-0.10,-16699.74,-33.40,13
782,Entry long,2026-01-02 14:00,L147285,25312.5,3,151875,444.78,0.29,3.72,446.64,0.29,-154.86,-0.10,-16699.74,-33.40,13
783,Exit short,2026-01-02 14:24,S147300X,25407.25,6,304581,-313.44,-0.10,7.44,218.28,0.07,-309.72,-0.10,-17013.18,-34.03,9
783,Entry short,2026-01-02 14:15,S147300,25381.75,6,304581,-313.44,-0.10,7.44,218.28,0.07,-309.72,-0.10,-17013.18,-34.03,9
784,Exit short,2026-01-02 14:30,S147311X,25427.5,6,304824,-313.44,-0.10,7.44,80.28,0.03,-309.72,-0.10,-17326.62,-34.65,4
784,Entry short,2026-01-02 14:26,S147311,25402,6,304824,-313.44,-0.10,7.44,80.28,0.03,-309.72,-0.10,-17326.62,-34.65,4
785,Exit short,2026-01-02 14:40,S147320X,25454.5,6,305148,-313.44,-0.10,7.44,0,0.00,-309.72,-0.10,-17640.06,-35.28,5
785,Entry short,2026-01-02 14:35,S147320,25429,6,305148,-313.44,-0.10,7.44,0,0.00,-309.72,-0.10,-17640.06,-35.28,5
786,Exit long,2026-01-05 09:32,L148395X,25607.25,3,153946.5,-306.72,-0.20,3.72,43.14,0.03,-304.86,-0.20,-17946.78,-35.89,2
786,Entry long,2026-01-05 09:30,L148395,25657.75,3,153946.5,-306.72,-0.20,3.72,43.14,0.03,-304.86,-0.20,-17946.78,-35.89,2
787,Exit short,2026-01-05 09:33,S148397X,25623.75,6,307179,-313.44,-0.10,7.44,89.28,0.03,-309.72,-0.10,-18260.22,-36.52,1
787,Entry short,2026-01-05 09:32,S148397,25598.25,6,307179,-313.44,-0.10,7.44,89.28,0.03,-309.72,-0.10,-18260.22,-36.52,1
788,Exit short,2026-01-05 09:36,S148399X,25552.5,6,307077,439.56,0.14,7.44,443.28,0.14,-90.72,-0.03,-17820.66,-35.64,2
788,Entry short,2026-01-05 09:34,S148399,25589.75,6,307077,439.56,0.14,7.44,443.28,0.14,-90.72,-0.03,-17820.66,-35.64,2
789,Exit long,2026-01-05 10:28,L148408X,25672.25,3,153585,444.78,0.29,3.72,446.64,0.29,-226.86,-0.15,-17375.88,-34.75,45
789,Entry long,2026-01-05 09:43,L148408,25597.5,3,153585,444.78,0.29,3.72,446.64,0.29,-226.86,-0.15,-17375.88,-34.75,45
790,Exit short,2026-01-05 11:11,S148460X,25694.5,6,308028,-313.44,-0.10,7.44,383.28,0.12,-309.72,-0.10,-17689.32,-35.38,36
790,Entry short,2026-01-05 10:35,S148460,25669,6,308028,-313.44,-0.10,7.44,383.28,0.12,-309.72,-0.10,-17689.32,-35.38,36
791,Exit long,2026-01-05 14:25,L148665X,25591,6,307398,-313.44,-0.10,7.44,20.28,0.01,-309.72,-0.10,-18002.76,-36.01,25
791,Entry long,2026-01-05 14:00,L148665,25616.5,6,307398,-313.44,-0.10,7.44,20.28,0.01,-309.72,-0.10,-18002.76,-36.01,25
792,Exit long,2026-01-05 15:15,L148710X,25606.75,6,306834,439.56,0.14,7.44,443.28,0.14,-69.72,-0.02,-17563.2,-35.13,30
792,Entry long,2026-01-05 14:45,L148710,25569.5,6,306834,439.56,0.14,7.44,443.28,0.14,-69.72,-0.02,-17563.2,-35.13,30
793,Exit long,2026-01-06 09:40,L149775X,25619.75,3,154021.5,-306.72,-0.20,3.72,50.64,0.03,-304.86,-0.20,-17869.92,-35.74,10
793,Entry long,2026-01-06 09:30,L149775,25670.25,3,154021.5,-306.72,-0.20,3.72,50.64,0.03,-304.86,-0.20,-17869.92,-35.74,10
794,Exit short,2026-01-06 09:51,S149793X,25743,3,154155,-306.72,-0.20,3.72,43.14,0.03,-304.86,-0.20,-18176.64,-36.35,3
794,Entry short,2026-01-06 09:48,S149793,25692.5,3,154155,-306.72,-0.20,3.72,43.14,0.03,-304.86,-0.20,-18176.64,-36.35,3
795,Exit short,2026-01-06 10:25,S149809X,25774.5,6,308988,-313.44,-0.10,7.44,269.28,0.09,-309.72,-0.10,-18490.08,-36.98,21
795,Entry short,2026-01-06 10:04,S149809,25749,6,308988,-313.44,-0.10,7.44,269.28,0.09,-309.72,-0.10,-18490.08,-36.98,21
796,Exit short,2026-01-06 10:37,S149832X,25732.25,6,309234,439.56,0.14,7.44,443.28,0.14,-45.72,-0.01,-18050.52,-36.10,10
796,Entry short,2026-01-06 10:27,S149832,25769.5,6,309234,439.56,0.14,7.44,443.28,0.14,-45.72,-0.01,-18050.52,-36.10,10
797,Exit short,2026-01-06 10:53,S149844X,25704.25,6,308898,439.56,0.14,7.44,443.28,0.14,-108.72,-0.04,-17610.96,-35.22,14
797,Entry short,2026-01-06 10:39,S149844,25741.5,6,308898,439.56,0.14,7.44,443.28,0.14,-108.72,-0.04,-17610.96,-35.22,14
798,Exit short,2026-01-06 11:06,S149858X,25658.5,6,308349,439.56,0.14,7.44,443.28,0.14,-84.72,-0.03,-17171.4,-34.34,13
798,Entry short,2026-01-06 10:53,S149858,25695.75,6,308349,439.56,0.14,7.44,443.28,0.14,-84.72,-0.03,-17171.4,-34.34,13
799,Exit long,2026-01-06 15:55,flat 15:55,25829.25,6,309672,271.56,0.09,7.44,368.28,0.12,-147.72,-0.05,-16899.84,-33.80,115
799,Entry long,2026-01-06 14:00,L150045,25806,6,309672,271.56,0.09,7.44,368.28,0.12,-147.72,-0.05,-16899.84,-33.80,115
800,Exit short,2026-01-07 09:35,S151155X,25827.5,3,154662,-306.72,-0.20,3.72,35.64,0.02,-304.86,-0.20,-17206.56,-34.41,5
800,Entry short,2026-01-07 09:30,S151155,25777,3,154662,-306.72,-0.20,3.72,35.64,0.02,-304.86,-0.20,-17206.56,-34.41,5
801,Exit short,2026-01-07 09:39,S151161X,25834.75,6,309711,-313.44,-0.10,7.44,80.28,0.03,-309.72,-0.10,-17520,-35.04,3
801,Entry short,2026-01-07 09:36,S151161,25809.25,6,309711,-313.44,-0.10,7.44,80.28,0.03,-309.72,-0.10,-17520,-35.04,3
802,Exit short,2026-01-07 09:53,S151176X,25875,6,310194,-313.44,-0.10,7.44,44.28,0.01,-309.72,-0.10,-17833.44,-35.67,2
802,Entry short,2026-01-07 09:51,S151176,25849.5,6,310194,-313.44,-0.10,7.44,44.28,0.01,-309.72,-0.10,-17833.44,-35.67,2
803,Exit short,2026-01-07 09:56,S151179X,25879.5,6,310248,-313.44,-0.10,7.44,8.28,0.00,-309.72,-0.10,-18146.88,-36.29,2
803,Entry short,2026-01-07 09:54,S151179,25854,6,310248,-313.44,-0.10,7.44,8.28,0.00,-309.72,-0.10,-18146.88,-36.29,2
804,Exit short,2026-01-07 10:01,S151182X,25822,6,310311,439.56,0.14,7.44,443.28,0.14,-111.72,-0.04,-17707.32,-35.41,4
804,Entry short,2026-01-07 09:57,S151182,25859.25,6,310311,439.56,0.14,7.44,443.28,0.14,-111.72,-0.04,-17707.32,-35.41,4
805,Exit short,2026-01-07 10:32,S151193X,25877.25,6,310221,-313.44,-0.10,7.44,350.28,0.11,-309.72,-0.10,-18020.76,-36.04,24
805,Entry short,2026-01-07 10:08,S151193,25851.75,6,310221,-313.44,-0.10,7.44,350.28,0.11,-309.72,-0.10,-18020.76,-36.04,24
806,Exit short,2026-01-07 10:40,S151223X,25858.5,6,309996,-313.44,-0.10,7.44,284.28,0.09,-309.72,-0.10,-18334.2,-36.67,2
806,Entry short,2026-01-07 10:38,S151223,25833,6,309996,-313.44,-0.10,7.44,284.28,0.09,-309.72,-0.10,-18334.2,-36.67,2
807,Exit short,2026-01-07 10:45,S151228X,25867.25,6,310101,-313.44,-0.10,7.44,47.28,0.02,-309.72,-0.10,-18647.64,-37.30,2
807,Entry short,2026-01-07 10:43,S151228,25841.75,6,310101,-313.44,-0.10,7.44,47.28,0.02,-309.72,-0.10,-18647.64,-37.30,2
808,Exit short,2026-01-07 14:10,S151425X,25915,6,311427,439.56,0.14,7.44,443.28,0.14,-36.72,-0.01,-18208.08,-36.42,10
808,Entry short,2026-01-07 14:00,S151425,25952.25,6,311427,439.56,0.14,7.44,443.28,0.14,-36.72,-0.01,-18208.08,-36.42,10
809,Exit long,2026-01-07 14:16,L151439X,25893.75,6,311031,-313.44,-0.10,7.44,26.28,0.01,-309.72,-0.10,-18521.52,-37.04,2
809,Entry long,2026-01-07 14:14,L151439,25919.25,6,311031,-313.44,-0.10,7.44,26.28,0.01,-309.72,-0.10,-18521.52,-37.04,2
810,Exit short,2026-01-08 09:38,S152535X,25682.5,3,154543.5,444.78,0.29,3.72,446.64,0.29,-40.86,-0.03,-18076.74,-36.15,8
810,Entry short,2026-01-08 09:30,S152535,25757.25,3,154543.5,444.78,0.29,3.72,446.64,0.29,-40.86,-0.03,-18076.74,-36.15,8
811,Exit long,2026-01-08 09:57,L152551X,25604,3,153927,-306.72,-0.20,3.72,128.64,0.08,-304.86,-0.20,-18383.46,-36.77,11
811,Entry long,2026-01-08 09:46,L152551,25654.5,3,153927,-306.72,-0.20,3.72,128.64,0.08,-304.86,-0.20,-18383.46,-36.77,11
812,Exit long,2026-01-08 10:16,L152569X,25684.25,3,153657,444.78,0.29,3.72,446.64,0.29,-48.36,-0.03,-17938.68,-35.88,12
812,Entry long,2026-01-08 10:04,L152569,25609.5,3,153657,444.78,0.29,3.72,446.64,0.29,-48.36,-0.03,-17938.68,-35.88,12
813,Exit long,2026-01-08 10:36,L152581X,25636.75,3,154123.5,-306.72,-0.20,3.72,155.64,0.10,-304.86,-0.20,-18245.4,-36.49,20
813,Entry long,2026-01-08 10:16,L152581,25687.25,3,154123.5,-306.72,-0.20,3.72,155.64,0.10,-304.86,-0.20,-18245.4,-36.49,20
814,Exit long,2026-01-08 10:54,L152604X,25613,3,153981,-306.72,-0.20,3.72,209.64,0.14,-304.86,-0.20,-18552.12,-37.10,15
814,Entry long,2026-01-08 10:39,L152604,25663.5,3,153981,-306.72,-0.20,3.72,209.64,0.14,-304.86,-0.20,-18552.12,-37.10,15
815,Exit long,2026-01-08 10:58,L152622X,25675.25,6,307656,439.56,0.14,7.44,443.28,0.14,-15.72,-0.01,-18112.56,-36.23,1
815,Entry long,2026-01-08 10:57,L152622,25638,6,307656,439.56,0.14,7.44,443.28,0.14,-15.72,-0.01,-18112.56,-36.23,1
816,Exit long,2026-01-08 11:16,L152623X,25625,3,154053,-306.72,-0.20,3.72,65.64,0.04,-304.86,-0.20,-18419.28,-36.84,18
816,Entry long,2026-01-08 10:58,L152623,25675.5,3,154053,-306.72,-0.20,3.72,65.64,0.04,-304.86,-0.20,-18419.28,-36.84,18
817,Exit short,2026-01-08 14:03,S152805X,25654.25,6,307545,-313.44,-0.10,7.44,26.28,0.01,-309.72,-0.10,-18732.72,-37.47,3
817,Entry short,2026-01-08 14:00,S152805,25628.75,6,307545,-313.44,-0.10,7.44,26.28,0.01,-309.72,-0.10,-18732.72,-37.47,3
818,Exit long,2026-01-08 14:10,L152808X,25631.5,6,307884,-313.44,-0.10,7.44,2.28,0.00,-309.72,-0.10,-19046.16,-38.09,7
818,Entry long,2026-01-08 14:03,L152808,25657,6,307884,-313.44,-0.10,7.44,2.28,0.00,-309.72,-0.10,-19046.16,-38.09,7
819,Exit long,2026-01-08 15:15,L152822X,25657.25,6,307440,439.56,0.14,7.44,443.28,0.14,-105.72,-0.03,-18606.6,-37.21,58
819,Entry long,2026-01-08 14:17,L152822,25620,6,307440,439.56,0.14,7.44,443.28,0.14,-105.72,-0.03,-18606.6,-37.21,58
820,Exit short,2026-01-09 09:37,S153915X,25733,3,154095,-306.72,-0.20,3.72,203.64,0.13,-304.86,-0.20,-18913.32,-37.83,7
820,Entry short,2026-01-09 09:30,S153915,25682.5,3,154095,-306.72,-0.20,3.72,203.64,0.13,-304.86,-0.20,-18913.32,-37.83,7
821,Exit long,2026-01-09 10:13,L153955X,25742,3,154003.5,444.78,0.29,3.72,446.64,0.29,-31.86,-0.02,-18468.54,-36.94,3
821,Entry long,2026-01-09 10:10,L153955,25667.25,3,154003.5,444.78,0.29,3.72,446.64,0.29,-31.86,-0.02,-18468.54,-36.94,3
822,Exit short,2026-01-09 10:22,S153962X,25793.75,3,154459.5,-306.72,-0.20,3.72,13.14,0.01,-304.86,-0.20,-18775.26,-37.55,5
822,Entry short,2026-01-09 10:17,S153962,25743.25,3,154459.5,-306.72,-0.20,3.72,13.14,0.01,-304.86,-0.20,-18775.26,-37.55,5
823,Exit short,2026-01-09 10:45,S153975X,25772.75,3,155085,444.78,0.29,3.72,446.64,0.29,-190.86,-0.12,-18330.48,-36.66,15
823,Entry short,2026-01-09 10:30,S153975,25847.5,3,155085,444.78,0.29,3.72,446.64,0.29,-190.86,-0.12,-18330.48,-36.66,15
824,Exit short,2026-01-09 11:00,S153993X,25818.25,3,154606.5,-306.72,-0.20,3.72,23.64,0.02,-304.86,-0.20,-18637.2,-37.27,12
824,Entry short,2026-01-09 10:48,S153993,25767.75,3,154606.5,-306.72,-0.20,3.72,23.64,0.02,-304.86,-0.20,-18637.2,-37.27,12
825,Exit short,2026-01-09 15:21,S154185X,25979.25,6,311445,-313.44,-0.10,7.44,65.28,0.02,-309.72,-0.10,-18950.64,-37.90,81
825,Entry short,2026-01-09 14:00,S154185,25953.75,6,311445,-313.44,-0.10,7.44,65.28,0.02,-309.72,-0.10,-18950.64,-37.90,81
826,Exit long,2026-01-12 09:35,L155295X,25867.5,3,154756.5,444.78,0.29,3.72,446.64,0.29,-58.86,-0.04,-18505.86,-37.01,5
826,Entry long,2026-01-12 09:30,L155295,25792.75,3,154756.5,444.78,0.29,3.72,446.64,0.29,-58.86,-0.04,-18505.86,-37.01,5
827,Exit short,2026-01-12 09:43,S155305X,25887.5,6,310344,-313.44,-0.10,7.44,161.28,0.05,-309.72,-0.10,-18819.3,-37.64,3
827,Entry short,2026-01-12 09:40,S155305,25862,6,310344,-313.44,-0.10,7.44,161.28,0.05,-309.72,-0.10,-18819.3,-37.64,3
828,Exit short,2026-01-12 09:50,S155309X,25903.25,3,155116.5,-306.72,-0.20,3.72,109.14,0.07,-304.86,-0.20,-19126.02,-38.25,6
828,Entry short,2026-01-12 09:44,S155309,25852.75,3,155116.5,-306.72,-0.20,3.72,109.14,0.07,-304.86,-0.20,-19126.02,-38.25,6
829,Exit short,2026-01-12 11:15,S155317X,25949,3,155391,-306.72,-0.20,3.72,208.14,0.13,-304.86,-0.20,-19432.74,-38.87,83
829,Entry short,2026-01-12 09:52,S155317,25898.5,3,155391,-306.72,-0.20,3.72,208.14,0.13,-304.86,-0.20,-19432.74,-38.87,83
830,Exit short,2026-01-12 14:26,S155565X,25998,6,311670,-313.44,-0.10,7.44,122.28,0.04,-309.72,-0.10,-19746.18,-39.49,26
830,Entry short,2026-01-12 14:00,S155565,25972.5,6,311670,-313.44,-0.10,7.44,122.28,0.04,-309.72,-0.10,-19746.18,-39.49,26
831,Exit short,2026-01-12 14:31,S155594X,26013,9,467928,-317.16,-0.07,11.16,7.92,0.00,-311.58,-0.07,-20063.34,-40.13,2
831,Entry short,2026-01-12 14:29,S155594,25996,9,467928,-317.16,-0.07,11.16,7.92,0.00,-311.58,-0.07,-20063.34,-40.13,2
832,Exit short,2026-01-12 15:40,S155606X,25979.5,9,468072,429.84,0.09,11.16,435.42,0.09,-302.58,-0.06,-19633.5,-39.27,59
832,Entry short,2026-01-12 14:41,S155606,26004,9,468072,429.84,0.09,11.16,435.42,0.09,-302.58,-0.06,-19633.5,-39.27,59
833,Exit long,2026-01-13 10:02,L156675X,25922,3,155835,-306.72,-0.20,3.72,421.14,0.27,-304.86,-0.20,-19940.22,-39.88,32
833,Entry long,2026-01-13 09:30,L156675,25972.5,3,155835,-306.72,-0.20,3.72,421.14,0.27,-304.86,-0.20,-19940.22,-39.88,32
834,Exit long,2026-01-13 10:18,L156709X,25880,3,155583,-306.72,-0.20,3.72,161.64,0.10,-304.86,-0.20,-20246.94,-40.49,14
834,Entry long,2026-01-13 10:04,L156709,25930.5,3,155583,-306.72,-0.20,3.72,161.64,0.10,-304.86,-0.20,-20246.94,-40.49,14
835,Exit long,2026-01-13 11:31,L156738X,25925.75,3,155106,444.78,0.29,3.72,446.64,0.29,-271.86,-0.18,-19802.16,-39.60,58
835,Entry long,2026-01-13 10:33,L156738,25851,3,155106,444.78,0.29,3.72,446.64,0.29,-271.86,-0.18,-19802.16,-39.60,58
836,Exit long,2026-01-13 14:05,L156945X,25826,6,310218,-313.44,-0.10,7.44,8.28,0.00,-309.72,-0.10,-20115.6,-40.23,5
836,Entry long,2026-01-13 14:00,L156945,25851.5,6,310218,-313.44,-0.10,7.44,8.28,0.00,-309.72,-0.10,-20115.6,-40.23,5
837,Exit short,2026-01-13 15:27,S156988X,25827.5,6,310377,439.56,0.14,7.44,443.28,0.14,-252.72,-0.08,-19676.04,-39.35,44
837,Entry short,2026-01-13 14:43,S156988,25864.75,6,310377,439.56,0.14,7.44,443.28,0.14,-252.72,-0.08,-19676.04,-39.35,44
838,Exit short,2026-01-14 09:34,S158055X,25782.5,3,154392,-306.72,-0.20,3.72,382.14,0.25,-304.86,-0.20,-19982.76,-39.97,4
838,Entry short,2026-01-14 09:30,S158055,25732,3,154392,-306.72,-0.20,3.72,382.14,0.25,-304.86,-0.20,-19982.76,-39.97,4
839,Exit long,2026-01-14 09:53,L158074X,25616,3,153999,-306.72,-0.20,3.72,19.14,0.01,-304.86,-0.20,-20289.48,-40.58,4
839,Entry long,2026-01-14 09:49,L158074,25666.5,3,153999,-306.72,-0.20,3.72,19.14,0.01,-304.86,-0.20,-20289.48,-40.58,4
840,Exit long,2026-01-14 10:12,L158090X,25655.25,3,153483,444.78,0.29,3.72,446.64,0.29,-172.86,-0.11,-19844.7,-39.69,7
840,Entry long,2026-01-14 10:05,L158090,25580.5,3,153483,444.78,0.29,3.72,446.64,0.29,-172.86,-0.11,-19844.7,-39.69,7
841,Exit long,2026-01-14 10:28,L158099X,25623.75,3,154045.5,-306.72,-0.20,3.72,122.64,0.08,-304.86,-0.20,-20151.42,-40.30,14
841,Entry long,2026-01-14 10:14,L158099,25674.25,3,154045.5,-306.72,-0.20,3.72,122.64,0.08,-304.86,-0.20,-20151.42,-40.30,14
842,Exit long,2026-01-14 10:44,L158121X,25549.5,3,153600,-306.72,-0.20,3.72,203.64,0.13,-304.86,-0.20,-20458.14,-40.92,8
842,Entry long,2026-01-14 10:36,L158121,25600,3,153600,-306.72,-0.20,3.72,203.64,0.13,-304.86,-0.20,-20458.14,-40.92,8
843,Exit long,2026-01-14 11:23,L158138X,25564.75,3,152940,444.78,0.29,3.72,446.64,0.29,-43.86,-0.03,-20013.36,-40.03,30
843,Entry long,2026-01-14 10:53,L158138,25490,3,152940,444.78,0.29,3.72,446.64,0.29,-43.86,-0.03,-20013.36,-40.03,30
844,Exit short,2026-01-14 14:50,S158325X,25533.75,6,306099,-313.44,-0.10,7.44,272.28,0.09,-309.72,-0.10,-20326.8,-40.65,50
844,Entry short,2026-01-14 14:00,S158325,25508.25,6,306099,-313.44,-0.10,7.44,272.28,0.09,-309.72,-0.10,-20326.8,-40.65,50
845,Exit short,2026-01-15 09:45,S159435X,25953.75,3,155419.5,-306.72,-0.20,3.72,299.64,0.19,-304.86,-0.20,-20633.52,-41.27,15
845,Entry short,2026-01-15 09:30,S159435,25903.25,3,155419.5,-306.72,-0.20,3.72,299.64,0.19,-304.86,-0.20,-20633.52,-41.27,15
846,Exit long,2026-01-15 10:46,L159458X,25831.75,3,155293.5,-306.72,-0.20,3.72,259.14,0.17,-304.86,-0.20,-20940.24,-41.88,53
846,Entry long,2026-01-15 09:53,L159458,25882.25,3,155293.5,-306.72,-0.20,3.72,259.14,0.17,-304.86,-0.20,-20940.24,-41.88,53
847,Exit long,2026-01-15 14:25,L159522X,25817.5,3,155208,-306.72,-0.20,3.72,428.64,0.28,-304.86,-0.20,-21246.96,-42.49,208
847,Entry long,2026-01-15 10:57,L159522,25868,3,155208,-306.72,-0.20,3.72,428.64,0.28,-304.86,-0.20,-21246.96,-42.49,208
848,Exit long,2026-01-15 14:55,L159742X,25758.75,6,309411,-313.44,-0.10,7.44,242.28,0.08,-309.72,-0.10,-21560.4,-43.12,18
848,Entry long,2026-01-15 14:37,L159742,25784.25,6,309411,-313.44,-0.10,7.44,242.28,0.08,-309.72,-0.10,-21560.4,-43.12,18
849,Exit long,2026-01-16 09:42,L160815X,25832.5,3,155298,-306.72,-0.20,3.72,47.64,0.03,-304.86,-0.20,-21867.12,-43.73,12
849,Entry long,2026-01-16 09:30,L160815,25883,3,155298,-306.72,-0.20,3.72,47.64,0.03,-304.86,-0.20,-21867.12,-43.73,12
850,Exit long,2026-01-16 10:14,L160848X,25722,6,308970,-313.44,-0.10,7.44,212.28,0.07,-309.72,-0.10,-22180.56,-44.36,11
850,Entry long,2026-01-16 10:03,L160848,25747.5,6,308970,-313.44,-0.10,7.44,212.28,0.07,-309.72,-0.10,-22180.56,-44.36,11
851,Exit long,2026-01-16 10:29,L160868X,25668.75,3,154315.5,-306.72,-0.20,3.72,58.14,0.04,-304.86,-0.20,-22487.28,-44.97,6
851,Entry long,2026-01-16 10:23,L160868,25719.25,3,154315.5,-306.72,-0.20,3.72,58.14,0.04,-304.86,-0.20,-22487.28,-44.97,6
852,Exit long,2026-01-16 11:10,L160893X,25697.75,3,153738,444.78,0.29,3.72,446.64,0.29,-85.86,-0.06,-22042.5,-44.08,22
852,Entry long,2026-01-16 10:48,L160893,25623,3,153738,444.78,0.29,3.72,446.64,0.29,-85.86,-0.06,-22042.5,-44.08,22
853,Exit short,2026-01-16 14:05,S161085X,25740.5,6,308580,-313.44,-0.10,7.44,17.28,0.01,-309.72,-0.10,-22355.94,-44.71,5
853,Entry short,2026-01-16 14:00,S161085,25715,6,308580,-313.44,-0.10,7.44,17.28,0.01,-309.72,-0.10,-22355.94,-44.71,5
854,Exit short,2026-01-16 14:13,S161093X,25701.25,6,308862,439.56,0.14,7.44,443.28,0.14,-96.72,-0.03,-21916.38,-43.83,5
854,Entry short,2026-01-16 14:08,S161093,25738.5,6,308862,439.56,0.14,7.44,443.28,0.14,-96.72,-0.03,-21916.38,-43.83,5
855,Exit long,2026-01-16 14:18,L161101X,25673,6,308382,-313.44,-0.10,7.44,14.28,0.00,-309.72,-0.10,-22229.82,-44.46,2
855,Entry long,2026-01-16 14:16,L161101,25698.5,6,308382,-313.44,-0.10,7.44,14.28,0.00,-309.72,-0.10,-22229.82,-44.46,2
856,Exit long,2026-01-16 14:52,L161105X,25724.75,6,308250,439.56,0.14,7.44,443.28,0.14,-147.72,-0.05,-21790.26,-43.58,32
856,Entry long,2026-01-16 14:20,L161105,25687.5,6,308250,439.56,0.14,7.44,443.28,0.14,-147.72,-0.05,-21790.26,-43.58,32
857,Exit short,2026-01-19 09:42,S162195X,25243,6,303363,439.56,0.14,7.44,443.28,0.15,-120.72,-0.04,-21350.7,-42.70,12
857,Entry short,2026-01-19 09:30,S162195,25280.25,6,303363,439.56,0.14,7.44,443.28,0.15,-120.72,-0.04,-21350.7,-42.70,12
858,Exit long,2026-01-19 09:54,L162212X,25291.75,6,303054,439.56,0.15,7.44,443.28,0.15,-33.72,-0.01,-20911.14,-41.82,7
858,Entry long,2026-01-19 09:47,L162212,25254.5,6,303054,439.56,0.15,7.44,443.28,0.15,-33.72,-0.01,-20911.14,-41.82,7
859,Exit long,2026-01-19 10:02,L162219X,25326.75,6,303474,439.56,0.14,7.44,443.28,0.15,-36.72,-0.01,-20471.58,-40.94,8
859,Entry long,2026-01-19 09:54,L162219,25289.5,6,303474,439.56,0.14,7.44,443.28,0.15,-36.72,-0.01,-20471.58,-40.94,8
860,Exit short,2026-01-19 10:22,S162232X,25294.25,6,303978,439.56,0.14,7.44,443.28,0.15,-15.72,-0.01,-20032.02,-40.06,15
860,Entry short,2026-01-19 10:07,S162232,25331.5,6,303978,439.56,0.14,7.44,443.28,0.15,-15.72,-0.01,-20032.02,-40.06,15
861,Exit short,2026-01-19 11:04,S162254X,25343.75,6,303819,-313.44,-0.10,7.44,236.28,0.08,-309.72,-0.10,-20345.46,-40.69,35
861,Entry short,2026-01-19 10:29,S162254,25318.25,6,303819,-313.44,-0.10,7.44,236.28,0.08,-309.72,-0.10,-20345.46,-40.69,35
862,Exit long,2026-01-20 09:31,L163335X,25240.75,3,151747.5,-306.72,-0.20,3.72,79.14,0.05,-304.86,-0.20,-20652.18,-41.30,1
862,Entry long,2026-01-20 09:30,L163335,25291.25,3,151747.5,-306.72,-0.20,3.72,79.14,0.05,-304.86,-0.20,-20652.18,-41.30,1
863,Exit long,2026-01-20 09:40,L163338X,25264.75,3,151891.5,-306.72,-0.20,3.72,250.14,0.16,-304.86,-0.20,-20958.9,-41.92,7
863,Entry long,2026-01-20 09:33,L163338,25315.25,3,151891.5,-306.72,-0.20,3.72,250.14,0.16,-304.86,-0.20,-20958.9,-41.92,7
864,Exit short,2026-01-20 09:42,S163345X,25301.5,3,151506,-306.72,-0.20,3.72,35.64,0.02,-304.86,-0.20,-21265.62,-42.53,2
864,Entry short,2026-01-20 09:40,S163345,25251,3,151506,-306.72,-0.20,3.72,35.64,0.02,-304.86,-0.20,-21265.62,-42.53,2
865,Exit short,2026-01-20 09:50,S163352X,25320.75,3,151621.5,-306.72,-0.20,3.72,2.64,0.00,-304.86,-0.20,-21572.34,-43.14,3
865,Entry short,2026-01-20 09:47,S163352,25270.25,3,151621.5,-306.72,-0.20,3.72,2.64,0.00,-304.86,-0.20,-21572.34,-43.14,3
866,Exit short,2026-01-20 09:58,S163361X,25363.25,3,151876.5,-306.72,-0.20,3.72,94.14,0.06,-304.86,-0.20,-21879.06,-43.76,2
866,Entry short,2026-01-20 09:56,S163361,25312.75,3,151876.5,-306.72,-0.20,3.72,94.14,0.06,-304.86,-0.20,-21879.06,-43.76,2
867,Exit long,2026-01-21 09:31,L164715X,25162.5,3,151278,-306.72,-0.20,3.72,58.14,0.04,-304.86,-0.20,-22185.78,-44.37,1
867,Entry long,2026-01-21 09:30,L164715,25213,3,151278,-306.72,-0.20,3.72,58.14,0.04,-304.86,-0.20,-22185.78,-44.37,1
868,Exit long,2026-01-21 09:40,L164722X,25136.25,3,151120.5,-306.72,-0.20,3.72,206.64,0.14,-304.86,-0.20,-22492.5,-44.98,3
868,Entry long,2026-01-21 09:37,L164722,25186.75,3,151120.5,-306.72,-0.20,3.72,206.64,0.14,-304.86,-0.20,-22492.5,-44.98,3
869,Exit long,2026-01-21 09:47,L164727X,25235.25,3,150963,444.78,0.29,3.72,446.64,0.30,-4.86,0.00,-22047.72,-44.10,5
869,Entry long,2026-01-21 09:42,L164727,25160.5,3,150963,444.78,0.29,3.72,446.64,0.30,-4.86,0.00,-22047.72,-44.10,5
870,Exit short,2026-01-21 10:16,S164755X,25352.25,3,151810.5,-306.72,-0.20,3.72,32.64,0.02,-304.86,-0.20,-22354.44,-44.71,6
870,Entry short,2026-01-21 10:10,S164755,25301.75,3,151810.5,-306.72,-0.20,3.72,32.64,0.02,-304.86,-0.20,-22354.44,-44.71,6
871,Exit short,2026-01-21 10:46,S164788X,25472.5,6,305364,-313.44,-0.10,7.44,62.28,0.02,-309.72,-0.10,-22667.88,-45.34,3
871,Entry short,2026-01-21 10:43,S164788,25447,6,305364,-313.44,-0.10,7.44,62.28,0.02,-309.72,-0.10,-22667.88,-45.34,3
872,Exit short,2026-01-21 11:12,S164797X,25491,6,305586,-313.44,-0.10,7.44,221.28,0.07,-309.72,-0.10,-22981.32,-45.96,20
872,Entry short,2026-01-21 10:52,S164797,25465.5,6,305586,-313.44,-0.10,7.44,221.28,0.07,-309.72,-0.10,-22981.32,-45.96,20
873,Exit short,2026-01-21 14:05,S164985X,25243.5,6,303369,439.56,0.14,7.44,443.28,0.15,-186.72,-0.06,-22541.76,-45.08,5
873,Entry short,2026-01-21 14:00,S164985,25280.75,6,303369,439.56,0.14,7.44,443.28,0.15,-186.72,-0.06,-22541.76,-45.08,5
874,Exit long,2026-01-21 14:27,L165001X,25288.75,6,303018,439.56,0.15,7.44,443.28,0.15,-165.72,-0.05,-22102.2,-44.20,11
874,Entry long,2026-01-21 14:16,L165001,25251.5,6,303018,439.56,0.15,7.44,443.28,0.15,-165.72,-0.05,-22102.2,-44.20,11
875,Exit short,2026-01-21 14:36,S165018X,25486.5,3,152616,-306.72,-0.20,3.72,11.64,0.01,-304.86,-0.20,-22408.92,-44.82,3
875,Entry short,2026-01-21 14:33,S165018,25436,3,152616,-306.72,-0.20,3.72,11.64,0.01,-304.86,-0.20,-22408.92,-44.82,3
876,Exit short,2026-01-21 14:56,S165036X,25626,3,153453,-306.72,-0.20,3.72,37.14,0.02,-304.86,-0.20,-22715.64,-45.43,5
876,Entry short,2026-01-21 14:51,S165036,25575.5,3,153453,-306.72,-0.20,3.72,37.14,0.02,-304.86,-0.20,-22715.64,-45.43,5
877,Exit short,2026-01-22 09:46,S166095X,25607.5,3,154093.5,444.78,0.29,3.72,446.64,0.29,-141.36,-0.09,-22270.86,-44.54,16
877,Entry short,2026-01-22 09:30,S166095,25682.25,3,154093.5,444.78,0.29,3.72,446.64,0.29,-141.36,-0.09,-22270.86,-44.54,16
878,Exit long,2026-01-22 10:00,L166116X,25549.75,3,153601.5,-306.72,-0.20,3.72,175.14,0.11,-304.86,-0.20,-22577.58,-45.16,9
878,Entry long,2026-01-22 09:51,L166116,25600.25,3,153601.5,-306.72,-0.20,3.72,175.14,0.11,-304.86,-0.20,-22577.58,-45.16,9
879,Exit long,2026-01-22 10:42,L166133X,25639.5,3,153388.5,444.78,0.29,3.72,446.64,0.29,-165.36,-0.11,-22132.8,-44.27,34
879,Entry long,2026-01-22 10:08,L166133,25564.75,3,153388.5,444.78,0.29,3.72,446.64,0.29,-165.36,-0.11,-22132.8,-44.27,34
880,Exit long,2026-01-22 10:50,L166167X,25614.5,6,307680,-313.44,-0.10,7.44,221.28,0.07,-309.72,-0.10,-22446.24,-44.89,8
880,Entry long,2026-01-22 10:42,L166167,25640,6,307680,-313.44,-0.10,7.44,221.28,0.07,-309.72,-0.10,-22446.24,-44.89,8
881,Exit long,2026-01-22 10:55,L166177X,25606,6,307578,-313.44,-0.10,7.44,68.28,0.02,-309.72,-0.10,-22759.68,-45.52,3
881,Entry long,2026-01-22 10:52,L166177,25631.5,6,307578,-313.44,-0.10,7.44,68.28,0.02,-309.72,-0.10,-22759.68,-45.52,3
882,Exit long,2026-01-22 11:12,L166183X,25652.5,6,307383,439.56,0.14,7.44,443.28,0.14,-159.72,-0.05,-22320.12,-44.64,14
882,Entry long,2026-01-22 10:58,L166183,25615.25,6,307383,439.56,0.14,7.44,443.28,0.14,-159.72,-0.05,-22320.12,-44.64,14
883,Exit long,2026-01-22 14:56,L166365X,25658.5,6,308208,-313.44,-0.10,7.44,368.28,0.12,-309.72,-0.10,-22633.56,-45.27,56
883,Entry long,2026-01-22 14:00,L166365,25684,6,308208,-313.44,-0.10,7.44,368.28,0.12,-309.72,-0.10,-22633.56,-45.27,56
884,Exit long,2026-01-23 09:37,L167475X,25569,3,153717,-306.72,-0.20,3.72,197.64,0.13,-304.86,-0.20,-22940.28,-45.88,7
884,Entry long,2026-01-23 09:30,L167475,25619.5,3,153717,-306.72,-0.20,3.72,197.64,0.13,-304.86,-0.20,-22940.28,-45.88,7
885,Exit long,2026-01-23 09:59,L167495X,25672.5,3,153586.5,444.78,0.29,3.72,446.64,0.29,-19.86,-0.01,-22495.5,-44.99,9
885,Entry long,2026-01-23 09:50,L167495,25597.75,3,153586.5,444.78,0.29,3.72,446.64,0.29,-19.86,-0.01,-22495.5,-44.99,9
886,Exit short,2026-01-23 10:15,S167518X,25708.5,6,308196,-313.44,-0.10,7.44,68.28,0.02,-309.72,-0.10,-22808.94,-45.62,2
886,Entry short,2026-01-23 10:13,S167518,25683,6,308196,-313.44,-0.10,7.44,68.28,0.02,-309.72,-0.10,-22808.94,-45.62,2
887,Exit short,2026-01-23 10:48,S167545X,25794.25,6,309225,-313.44,-0.10,7.44,0,0.00,-309.72,-0.10,-23122.38,-46.24,8
887,Entry short,2026-01-23 10:40,S167545,25768.75,6,309225,-313.44,-0.10,7.44,0,0.00,-309.72,-0.10,-23122.38,-46.24,8
888,Exit long,2026-01-23 14:21,L167745X,25770.5,6,308799,439.56,0.14,7.44,443.28,0.14,-87.72,-0.03,-22682.82,-45.37,21
888,Entry long,2026-01-23 14:00,L167745,25733.25,6,308799,439.56,0.14,7.44,443.28,0.14,-87.72,-0.03,-22682.82,-45.37,21
889,Exit short,2026-01-23 15:08,S167773X,25718,6,309063,439.56,0.14,7.44,443.28,0.14,-45.72,-0.01,-22243.26,-44.49,40
889,Entry short,2026-01-23 14:28,S167773,25755.25,6,309063,439.56,0.14,7.44,443.28,0.14,-45.72,-0.01,-22243.26,-44.49,40
890,Exit short,2026-01-26 09:32,S168855X,25767,3,154299,-306.72,-0.20,3.72,5.64,0.00,-304.86,-0.20,-22549.98,-45.10,2
890,Entry short,2026-01-26 09:30,S168855,25716.5,3,154299,-306.72,-0.20,3.72,5.64,0.00,-304.86,-0.20,-22549.98,-45.10,2
891,Exit long,2026-01-26 09:41,L168859X,25808,6,309249,439.56,0.14,7.44,443.28,0.14,-42.72,-0.01,-22110.42,-44.22,7
891,Entry long,2026-01-26 09:34,L168859,25770.75,6,309249,439.56,0.14,7.44,443.28,0.14,-42.72,-0.01,-22110.42,-44.22,7
892,Exit short,2026-01-26 09:57,S168872X,25847.75,6,309867,-313.44,-0.10,7.44,254.28,0.08,-309.72,-0.10,-22423.86,-44.85,10
892,Entry short,2026-01-26 09:47,S168872,25822.25,6,309867,-313.44,-0.10,7.44,254.28,0.08,-309.72,-0.10,-22423.86,-44.85,10
893,Exit short,2026-01-26 10:17,S168886X,25852.5,6,309924,-313.44,-0.10,7.44,284.28,0.09,-309.72,-0.10,-22737.3,-45.47,16
893,Entry short,2026-01-26 10:01,S168886,25827,6,309924,-313.44,-0.10,7.44,284.28,0.09,-309.72,-0.10,-22737.3,-45.47,16
894,Exit short,2026-01-26 10:53,S168910X,25895.25,6,310437,-313.44,-0.10,7.44,437.28,0.14,-309.72,-0.10,-23050.74,-46.10,28
894,Entry short,2026-01-26 10:25,S168910,25869.75,6,310437,-313.44,-0.10,7.44,437.28,0.14,-309.72,-0.10,-23050.74,-46.10,28
895,Exit short,2026-01-26 11:30,S168939X,25912.75,6,310647,-313.44,-0.10,7.44,434.28,0.14,-309.72,-0.10,-23364.18,-46.73,36
895,Entry short,2026-01-26 10:54,S168939,25887.25,6,310647,-313.44,-0.10,7.44,434.28,0.14,-309.72,-0.10,-23364.18,-46.73,36
896,Exit short,2026-01-26 15:51,S169125X,25861,6,310779,439.56,0.14,7.44,443.28,0.14,-195.72,-0.06,-22924.62,-45.85,111
896,Entry short,2026-01-26 14:00,S169125,25898.25,6,310779,439.56,0.14,7.44,443.28,0.14,-195.72,-0.06,-22924.62,-45.85,111
897,Exit short,2026-01-27 09:54,S170235X,26031.75,3,155887.5,-306.72,-0.20,3.72,382.14,0.25,-304.86,-0.20,-23231.34,-46.46,24
897,Entry short,2026-01-27 09:30,S170235,25981.25,3,155887.5,-306.72,-0.20,3.72,382.14,0.25,-304.86,-0.20,-23231.34,-46.46,24
898,Exit short,2026-01-27 10:08,S170270X,26050,6,312294,-313.44,-0.10,7.44,26.28,0.01,-309.72,-0.10,-23544.78,-47.09,3
898,Entry short,2026-01-27 10:05,S170270,26024.5,6,312294,-313.44,-0.10,7.44,26.28,0.01,-309.72,-0.10,-23544.78,-47.09,3
899,Exit short,2026-01-27 10:38,S170276X,26085.5,6,312720,-313.44,-0.10,7.44,263.28,0.08,-309.72,-0.10,-23858.22,-47.72,27
899,Entry short,2026-01-27 10:11,S170276,26060,6,312720,-313.44,-0.10,7.44,263.28,0.08,-309.72,-0.10,-23858.22,-47.72,27
900,Exit short,2026-01-27 13:01,S170312X,26049.25,6,313038,439.56,0.14,7.44,443.28,0.14,-249.72,-0.08,-23418.66,-46.84,134
900,Entry short,2026-01-27 10:47,S170312,26086.5,6,313038,439.56,0.14,7.44,443.28,0.14,-249.72,-0.08,-23418.66,-46.84,134
901,Exit short,2026-01-27 15:13,S170505X,26108.75,6,312999,-313.44,-0.10,7.44,107.28,0.03,-309.72,-0.10,-23732.1,-47.46,73
901,Entry short,2026-01-27 14:00,S170505,26083.25,6,312999,-313.44,-0.10,7.44,107.28,0.03,-309.72,-0.10,-23732.1,-47.46,73
902,Exit short,2026-01-28 09:45,S171615X,26302.25,3,157510.5,-306.72,-0.19,3.72,227.64,0.14,-304.86,-0.19,-24038.82,-48.08,15
902,Entry short,2026-01-28 09:30,S171615,26251.75,3,157510.5,-306.72,-0.19,3.72,227.64,0.14,-304.86,-0.19,-24038.82,-48.08,15
903,Exit short,2026-01-28 10:10,S171631X,26229.5,6,315201,439.56,0.14,7.44,443.28,0.14,-294.72,-0.09,-23599.26,-47.20,24
903,Entry short,2026-01-28 09:46,S171631,26266.75,6,315201,439.56,0.14,7.44,443.28,0.14,-294.72,-0.09,-23599.26,-47.20,24
904,Exit long,2026-01-28 10:32,L171660X,26210.5,6,314832,-313.44,-0.10,7.44,215.28,0.07,-309.72,-0.10,-23912.7,-47.83,17
904,Entry long,2026-01-28 10:15,L171660,26236,6,314832,-313.44,-0.10,7.44,215.28,0.07,-309.72,-0.10,-23912.7,-47.83,17
905,Exit long,2026-01-28 10:35,L171678X,26193.5,6,314628,-313.44,-0.10,7.44,59.28,0.02,-309.72,-0.10,-24226.14,-48.45,2
905,Entry long,2026-01-28 10:33,L171678,26219,6,314628,-313.44,-0.10,7.44,59.28,0.02,-309.72,-0.10,-24226.14,-48.45,2
906,Exit long,2026-01-28 10:42,L171681X,26190.25,6,314589,-313.44,-0.10,7.44,146.28,0.05,-309.72,-0.10,-24539.58,-49.08,6
906,Entry long,2026-01-28 10:36,L171681,26215.75,6,314589,-313.44,-0.10,7.44,146.28,0.05,-309.72,-0.10,-24539.58,-49.08,6
907,Exit long,2026-01-28 14:02,L171885X,26132,3,157095,-306.72,-0.20,3.72,23.64,0.02,-304.86,-0.19,-24846.3,-49.69,2
907,Entry long,2026-01-28 14:00,L171885,26182.5,3,157095,-306.72,-0.20,3.72,23.64,0.02,-304.86,-0.19,-24846.3,-49.69,2
908,Exit long,2026-01-28 14:29,L171893X,26126.25,6,313821,-313.44,-0.10,7.44,236.28,0.08,-309.72,-0.10,-25159.74,-50.32,21
908,Entry long,2026-01-28 14:08,L171893,26151.75,6,313821,-313.44,-0.10,7.44,236.28,0.08,-309.72,-0.10,-25159.74,-50.32,21
909,Exit long,2026-01-28 15:55,flat 15:55,26178.75,3,156928.5,140.28,0.09,3.72,341.64,0.22,-142.86,-0.09,-25019.46,-50.04,74
909,Entry long,2026-01-28 14:41,L171926,26154.75,3,156928.5,140.28,0.09,3.72,341.64,0.22,-142.86,-0.09,-25019.46,-50.04,74
910,Exit long,2026-01-29 09:34,L172995X,26089,3,156837,-306.72,-0.20,3.72,224.64,0.14,-304.86,-0.19,-25326.18,-50.65,4
910,Entry long,2026-01-29 09:30,L172995,26139.5,3,156837,-306.72,-0.20,3.72,224.64,0.14,-304.86,-0.19,-25326.18,-50.65,4
911,Exit long,2026-01-29 09:53,L173012X,25922.5,3,155838,-306.72,-0.20,3.72,208.14,0.13,-304.86,-0.20,-25632.9,-51.27,6
911,Entry long,2026-01-29 09:47,L173012,25973,3,155838,-306.72,-0.20,3.72,208.14,0.13,-304.86,-0.20,-25632.9,-51.27,6
912,Exit long,2026-01-29 09:58,L173019X,25890.5,3,155646,-306.72,-0.20,3.72,67.14,0.04,-304.86,-0.20,-25939.62,-51.88,4
912,Entry long,2026-01-29 09:54,L173019,25941,3,155646,-306.72,-0.20,3.72,67.14,0.04,-304.86,-0.20,-25939.62,-51.88,4
913,Exit long,2026-01-29 10:13,L173036X,25773.75,3,154945.5,-306.72,-0.20,3.72,8.64,0.01,-304.86,-0.20,-26246.34,-52.49,2
913,Entry long,2026-01-29 10:11,L173036,25824.25,3,154945.5,-306.72,-0.20,3.72,8.64,0.01,-304.86,-0.20,-26246.34,-52.49,2
914,Exit long,2026-01-29 10:30,L173043X,25715.25,3,154594.5,-306.72,-0.20,3.72,335.64,0.22,-304.86,-0.20,-26553.06,-53.11,12
914,Entry long,2026-01-29 10:18,L173043,25765.75,3,154594.5,-306.72,-0.20,3.72,335.64,0.22,-304.86,-0.20,-26553.06,-53.11,12
915,Exit long,2026-01-29 10:50,L173070X,25583.25,3,153802.5,-306.72,-0.20,3.72,56.64,0.04,-304.86,-0.20,-26859.78,-53.72,5
915,Entry long,2026-01-29 10:45,L173070,25633.75,3,153802.5,-306.72,-0.20,3.72,56.64,0.04,-304.86,-0.20,-26859.78,-53.72,5
916,Exit long,2026-01-29 11:14,L173080X,25651,3,153457.5,444.78,0.29,3.72,446.64,0.29,-232.86,-0.15,-26415,-52.83,19
916,Entry long,2026-01-29 10:55,L173080,25576.25,3,153457.5,444.78,0.29,3.72,446.64,0.29,-232.86,-0.15,-26415,-52.83,19
917,Exit long,2026-01-29 14:06,L173265X,25874.75,6,310050,439.56,0.14,7.44,443.28,0.14,-210.72,-0.07,-25975.44,-51.95,6
917,Entry long,2026-01-29 14:00,L173265,25837.5,6,310050,439.56,0.14,7.44,443.28,0.14,-210.72,-0.07,-25975.44,-51.95,6
918,Exit short,2026-01-29 14:18,S173273X,25891.5,6,310392,-313.44,-0.10,7.44,71.28,0.02,-309.72,-0.10,-26288.88,-52.58,10
918,Entry short,2026-01-29 14:08,S173273,25866,6,310392,-313.44,-0.10,7.44,71.28,0.02,-309.72,-0.10,-26288.88,-52.58,10
919,Exit short,2026-01-29 14:34,S173284X,25845,6,310587,439.56,0.14,7.44,443.28,0.14,-78.72,-0.03,-25849.32,-51.70,15
919,Entry short,2026-01-29 14:19,S173284,25882.25,6,310587,439.56,0.14,7.44,443.28,0.14,-78.72,-0.03,-25849.32,-51.70,15
920,Exit long,2026-01-30 09:31,L174375X,25847,3,155385,-306.72,-0.20,3.72,0,0.00,-304.86,-0.20,-26156.04,-52.31,1
920,Entry long,2026-01-30 09:30,L174375,25897.5,3,155385,-306.72,-0.20,3.72,0,0.00,-304.86,-0.20,-26156.04,-52.31,1
921,Exit long,2026-01-30 09:59,L174378X,25827.5,3,155268,-306.72,-0.20,3.72,365.64,0.24,-304.86,-0.20,-26462.76,-52.93,26
921,Entry long,2026-01-30 09:33,L174378,25878,3,155268,-306.72,-0.20,3.72,365.64,0.24,-304.86,-0.20,-26462.76,-52.93,26
922,Exit short,2026-01-30 10:29,S174413X,25803.5,3,155269.5,444.78,0.29,3.72,446.64,0.29,-286.86,-0.18,-26017.98,-52.04,21
922,Entry short,2026-01-30 10:08,S174413,25878.25,3,155269.5,444.78,0.29,3.72,446.64,0.29,-286.86,-0.18,-26017.98,-52.04,21
923,Exit short,2026-01-30 11:10,S174448X,25814,3,155332.5,444.78,0.29,3.72,446.64,0.29,-274.86,-0.18,-25573.2,-51.15,27
923,Entry short,2026-01-30 10:43,S174448,25888.75,3,155332.5,444.78,0.29,3.72,446.64,0.29,-274.86,-0.18,-25573.2,-51.15,27
924,Exit long,2026-01-30 14:13,L174645X,25727.5,6,309036,-313.44,-0.10,7.44,335.28,0.11,-309.72,-0.10,-25886.64,-51.77,13
924,Entry long,2026-01-30 14:00,L174645,25753,6,309036,-313.44,-0.10,7.44,335.28,0.11,-309.72,-0.10,-25886.64,-51.77,13
925,Exit long,2026-01-30 14:46,L174678X,25677.25,3,154366.5,-306.72,-0.20,3.72,61.14,0.04,-304.86,-0.20,-26193.36,-52.39,13
925,Entry long,2026-01-30 14:33,L174678,25727.75,3,154366.5,-306.72,-0.20,3.72,61.14,0.04,-304.86,-0.20,-26193.36,-52.39,13
926,Exit long,2026-01-30 14:53,L174695X,25718,6,308169,439.56,0.14,7.44,443.28,0.14,-93.72,-0.03,-25753.8,-51.51,3
926,Entry long,2026-01-30 14:50,L174695,25680.75,6,308169,439.56,0.14,7.44,443.28,0.14,-93.72,-0.03,-25753.8,-51.51,3
927,Exit long,2026-01-30 14:59,L174698X,25654,3,154227,-306.72,-0.20,3.72,119.64,0.08,-304.86,-0.20,-26060.52,-52.12,6
927,Entry long,2026-01-30 14:53,L174698,25704.5,3,154227,-306.72,-0.20,3.72,119.64,0.08,-304.86,-0.20,-26060.52,-52.12,6
928,Exit long,2026-02-02 09:36,L175755X,25698.5,3,153742.5,444.78,0.29,3.72,446.64,0.29,-234.36,-0.15,-25615.74,-51.23,6
928,Entry long,2026-02-02 09:30,L175755,25623.75,3,153742.5,444.78,0.29,3.72,446.64,0.29,-234.36,-0.15,-25615.74,-51.23,6
929,Exit short,2026-02-02 10:05,S175781X,25817.75,3,154603.5,-306.72,-0.20,3.72,317.64,0.21,-304.86,-0.20,-25922.46,-51.84,9
929,Entry short,2026-02-02 09:56,S175781,25767.25,3,154603.5,-306.72,-0.20,3.72,317.64,0.21,-304.86,-0.20,-25922.46,-51.84,9
930,Exit short,2026-02-02 10:39,S175812X,25904,6,310542,-313.44,-0.10,7.44,320.28,0.10,-309.72,-0.10,-26235.9,-52.47,12
930,Entry short,2026-02-02 10:27,S175812,25878.5,6,310542,-313.44,-0.10,7.44,320.28,0.10,-309.72,-0.10,-26235.9,-52.47,12
931,Exit short,2026-02-02 10:49,S175826X,25844.5,6,310581,439.56,0.14,7.44,443.28,0.14,-36.72,-0.01,-25796.34,-51.59,8
931,Entry short,2026-02-02 10:41,S175826,25881.75,6,310581,439.56,0.14,7.44,443.28,0.14,-36.72,-0.01,-25796.34,-51.59,8
932,Exit short,2026-02-02 10:51,S175834X,25870,6,310134,-313.44,-0.10,7.44,74.28,0.02,-309.72,-0.10,-26109.78,-52.22,2
932,Entry short,2026-02-02 10:49,S175834,25844.5,6,310134,-313.44,-0.10,7.44,74.28,0.02,-309.72,-0.10,-26109.78,-52.22,2
933,Exit short,2026-02-02 10:57,S175839X,25819,6,310275,439.56,0.14,7.44,443.28,0.14,-36.72,-0.01,-25670.22,-51.34,3
933,Entry short,2026-02-02 10:54,S175839,25856.25,6,310275,439.56,0.14,7.44,443.28,0.14,-36.72,-0.01,-25670.22,-51.34,3
934,Exit short,2026-02-02 14:36,S176025X,25899.5,6,311241,439.56,0.14,7.44,443.28,0.14,-108.72,-0.03,-25230.66,-50.46,36
934,Entry short,2026-02-02 14:00,S176025,25936.75,6,311241,439.56,0.14,7.44,443.28,0.14,-108.72,-0.03,-25230.66,-50.46,36
935,Exit long,2026-02-02 14:47,L176063X,25893,9,466380,-317.16,-0.07,11.16,25.92,0.01,-311.58,-0.07,-25547.82,-51.10,9
935,Entry long,2026-02-02 14:38,L176063,25910,9,466380,-317.16,-0.07,11.16,25.92,0.01,-311.58,-0.07,-25547.82,-51.10,9
936,Exit long,2026-02-02 14:59,L176079X,25863.25,6,310665,-313.44,-0.10,7.44,272.28,0.09,-309.72,-0.10,-25861.26,-51.72,5
936,Entry long,2026-02-02 14:54,L176079,25888.75,6,310665,-313.44,-0.10,7.44,272.28,0.09,-309.72,-0.10,-25861.26,-51.72,5
937,Exit long,2026-02-03 09:31,L177135X,25891.75,3,155653.5,-306.72,-0.20,3.72,23.64,0.02,-304.86,-0.20,-26167.98,-52.34,1
937,Entry long,2026-02-03 09:30,L177135,25942.25,3,155653.5,-306.72,-0.20,3.72,23.64,0.02,-304.86,-0.20,-26167.98,-52.34,1
938,Exit short,2026-02-03 09:34,S177136X,25853.25,6,310686,439.56,0.14,7.44,443.28,0.14,-153.72,-0.05,-25728.42,-51.46,3
938,Entry short,2026-02-03 09:31,S177136,25890.5,6,310686,439.56,0.14,7.44,443.28,0.14,-153.72,-0.05,-25728.42,-51.46,3
939,Exit long,2026-02-03 09:55,L177150X,25711.25,3,154570.5,-306.72,-0.20,3.72,296.64,0.19,-304.86,-0.20,-26035.14,-52.07,10
939,Entry long,2026-02-03 09:45,L177150,25761.75,3,154570.5,-306.72,-0.20,3.72,296.64,0.19,-304.86,-0.20,-26035.14,-52.07,10
940,Exit long,2026-02-03 10:07,L177168X,25575,3,153753,-306.72,-0.20,3.72,112.14,0.07,-304.86,-0.20,-26341.86,-52.68,4
940,Entry long,2026-02-03 10:03,L177168,25625.5,3,153753,-306.72,-0.20,3.72,112.14,0.07,-304.86,-0.20,-26341.86,-52.68,4
941,Exit long,2026-02-03 10:23,L177181X,25530,3,153483,-306.72,-0.20,3.72,143.64,0.09,-304.86,-0.20,-26648.58,-53.30,7
941,Entry long,2026-02-03 10:16,L177181,25580.5,3,153483,-306.72,-0.20,3.72,143.64,0.09,-304.86,-0.20,-26648.58,-53.30,7
942,Exit long,2026-02-03 10:34,L177197X,25508.5,3,153354,-306.72,-0.20,3.72,20.64,0.01,-304.86,-0.20,-26955.3,-53.91,2
942,Entry long,2026-02-03 10:32,L177197,25559,3,153354,-306.72,-0.20,3.72,20.64,0.01,-304.86,-0.20,-26955.3,-53.91,2
943,Exit long,2026-02-03 10:50,L177202X,25601.25,3,153159,444.78,0.29,3.72,446.64,0.29,-183.36,-0.12,-26510.52,-53.02,13
943,Entry long,2026-02-03 10:37,L177202,25526.5,3,153159,444.78,0.29,3.72,446.64,0.29,-183.36,-0.12,-26510.52,-53.02,13
944,Exit long,2026-02-03 10:52,L177215X,25567.75,3,153709.5,-306.72,-0.20,3.72,5.64,0.00,-304.86,-0.20,-26817.24,-53.63,2
944,Entry long,2026-02-03 10:50,L177215,25618.25,3,153709.5,-306.72,-0.20,3.72,5.64,0.00,-304.86,-0.20,-26817.24,-53.63,2
945,Exit long,2026-02-03 11:10,L177219X,25539.25,3,153538.5,-306.72,-0.20,3.72,250.14,0.16,-304.86,-0.20,-27123.96,-54.25,16
945,Entry long,2026-02-03 10:54,L177219,25589.75,3,153538.5,-306.72,-0.20,3.72,250.14,0.16,-304.86,-0.20,-27123.96,-54.25,16
946,Exit long,2026-02-03 14:15,L177405X,25326.75,3,151512,444.78,0.29,3.72,446.64,0.29,-205.86,-0.14,-26679.18,-53.36,15
946,Entry long,2026-02-03 14:00,L177405,25252,3,151512,444.78,0.29,3.72,446.64,0.29,-205.86,-0.14,-26679.18,-53.36,15
947,Exit short,2026-02-04 09:32,S178515X,25234.75,3,151857,444.78,0.29,3.72,446.64,0.29,-3.36,0.00,-26234.4,-52.47,2
947,Entry short,2026-02-04 09:30,S178515,25309.5,3,151857,444.78,0.29,3.72,446.64,0.29,-3.36,0.00,-26234.4,-52.47,2
948,Exit long,2026-02-04 09:45,L178520X,25294.5,3,152070,-306.72,-0.20,3.72,245.64,0.16,-304.86,-0.20,-26541.12,-53.08,10
948,Entry long,2026-02-04 09:35,L178520,25345,3,152070,-306.72,-0.20,3.72,245.64,0.16,-304.86,-0.20,-26541.12,-53.08,10
949,Exit long,2026-02-04 09:50,L178533X,25310.25,3,152164.5,-306.72,-0.20,3.72,49.14,0.03,-304.86,-0.20,-26847.84,-53.70,2
949,Entry long,2026-02-04 09:48,L178533,25360.75,3,152164.5,-306.72,-0.20,3.72,49.14,0.03,-304.86,-0.20,-26847.84,-53.70,2
950,Exit long,2026-02-04 09:56,L178539X,25253,3,151821,-306.72,-0.20,3.72,50.64,0.03,-304.86,-0.20,-27154.56,-54.31,2
950,Entry long,2026-02-04 09:54,L178539,25303.5,3,151821,-306.72,-0.20,3.72,50.64,0.03,-304.86,-0.20,-27154.56,-54.31,2
951,Exit long,2026-02-04 10:09,L178548X,25233.75,3,150954,444.78,0.29,3.72,446.64,0.30,-148.86,-0.10,-26709.78,-53.42,6
951,Entry long,2026-02-04 10:03,L178548,25159,3,150954,444.78,0.29,3.72,446.64,0.30,-148.86,-0.10,-26709.78,-53.42,6
952,Exit long,2026-02-04 10:18,L178554X,25189.5,3,151440,-306.72,-0.20,3.72,122.64,0.08,-304.86,-0.20,-27016.5,-54.03,9
952,Entry long,2026-02-04 10:09,L178554,25240,3,151440,-306.72,-0.20,3.72,122.64,0.08,-304.86,-0.20,-27016.5,-54.03,9
953,Exit long,2026-02-04 10:23,L178566X,25191,3,151449,-306.72,-0.20,3.72,34.14,0.02,-304.86,-0.20,-27323.22,-54.65,2
953,Entry long,2026-02-04 10:21,L178566,25241.5,3,151449,-306.72,-0.20,3.72,34.14,0.02,-304.86,-0.20,-27323.22,-54.65,2
954,Exit long,2026-02-04 10:30,L178568X,25212.75,3,151579.5,-306.72,-0.20,3.72,253.14,0.17,-304.86,-0.20,-27629.94,-55.26,7
954,Entry long,2026-02-04 10:23,L178568,25263.25,3,151579.5,-306.72,-0.20,3.72,253.14,0.17,-304.86,-0.20,-27629.94,-55.26,7
955,Exit long,2026-02-04 10:46,L178583X,25177.5,3,151368,-306.72,-0.20,3.72,256.14,0.17,-304.86,-0.20,-27936.66,-55.87,8
955,Entry long,2026-02-04 10:38,L178583,25228,3,151368,-306.72,-0.20,3.72,256.14,0.17,-304.86,-0.20,-27936.66,-55.87,8
956,Exit long,2026-02-04 11:01,L178597X,25124,3,151047,-306.72,-0.20,3.72,143.64,0.10,-304.86,-0.20,-28243.38,-56.49,9
956,Entry long,2026-02-04 10:52,L178597,25174.5,3,151047,-306.72,-0.20,3.72,143.64,0.10,-304.86,-0.20,-28243.38,-56.49,9
957,Exit short,2026-02-05 09:34,S179895X,24764.25,3,148282.5,-306.72,-0.21,3.72,370.14,0.25,-304.86,-0.21,-28550.1,-57.10,4
957,Entry short,2026-02-05 09:30,S179895,24713.75,3,148282.5,-306.72,-0.21,3.72,370.14,0.25,-304.86,-0.21,-28550.1,-57.10,4
958,Exit long,2026-02-05 09:37,L179899X,24762.75,3,148879.5,-306.72,-0.21,3.72,206.64,0.14,-304.86,-0.20,-28856.82,-57.71,3
958,Entry long,2026-02-05 09:34,L179899,24813.25,3,148879.5,-306.72,-0.21,3.72,206.64,0.14,-304.86,-0.20,-28856.82,-57.71,3
959,Exit short,2026-02-05 09:42,S179906X,24906,3,149133,-306.72,-0.21,3.72,79.14,0.05,-304.86,-0.20,-29163.54,-58.33,1
959,Entry short,2026-02-05 09:41,S179906,24855.5,3,149133,-306.72,-0.21,3.72,79.14,0.05,-304.86,-0.20,-29163.54,-58.33,1
960,Exit short,2026-02-05 09:49,S179913X,24925.75,3,149251.5,-306.72,-0.21,3.72,14.64,0.01,-304.86,-0.20,-29470.26,-58.94,1
960,Entry short,2026-02-05 09:48,S179913,24875.25,3,149251.5,-306.72,-0.21,3.72,14.64,0.01,-304.86,-0.20,-29470.26,-58.94,1
961,Exit short,2026-02-05 09:56,S179916X,24810.5,3,149311.5,444.78,0.30,3.72,446.64,0.30,-240.36,-0.16,-29025.48,-58.05,5
961,Entry short,2026-02-05 09:51,S179916,24885.25,3,149311.5,444.78,0.30,3.72,446.64,0.30,-240.36,-0.16,-29025.48,-58.05,5
962,Exit long,2026-02-05 10:27,L179941X,24567.5,3,147708,-306.72,-0.21,3.72,275.64,0.19,-304.86,-0.21,-29332.2,-58.66,11
962,Entry long,2026-02-05 10:16,L179941,24618,3,147708,-306.72,-0.21,3.72,275.64,0.19,-304.86,-0.21,-29332.2,-58.66,11
963,Exit long,2026-02-05 10:32,L179955X,24559.75,3,147661.5,-306.72,-0.21,3.72,44.64,0.03,-304.86,-0.21,-29638.92,-59.28,2
963,Entry long,2026-02-05 10:30,L179955,24610.25,3,147661.5,-306.72,-0.21,3.72,44.64,0.03,-304.86,-0.21,-29638.92,-59.28,2
964,Exit long,2026-02-05 10:42,L179962X,24680,3,147631.5,444.78,0.30,3.72,446.64,0.30,-66.36,-0.04,-29194.14,-58.39,5
964,Entry long,2026-02-05 10:37,L179962,24605.25,3,147631.5,444.78,0.30,3.72,446.64,0.30,-66.36,-0.04,-29194.14,-58.39,5
965,Exit long,2026-02-05 10:45,L179967X,24636.75,3,148123.5,-306.72,-0.21,3.72,74.64,0.05,-304.86,-0.21,-29500.86,-59.00,3
965,Entry long,2026-02-05 10:42,L179967,24687.25,3,148123.5,-306.72,-0.21,3.72,74.64,0.05,-304.86,-0.21,-29500.86,-59.00,3
966,Exit long,2026-02-05 11:14,L179975X,24550.5,3,147606,-306.72,-0.21,3.72,326.64,0.22,-304.86,-0.21,-29807.58,-59.62,24
966,Entry long,2026-02-05 10:50,L179975,24601,3,147606,-306.72,-0.21,3.72,326.64,0.22,-304.86,-0.21,-29807.58,-59.62,24
967,Exit short,2026-02-06 09:32,S181275X,24788.5,3,148428,-306.72,-0.21,3.72,223.14,0.15,-304.86,-0.21,-30114.3,-60.23,2
967,Entry short,2026-02-06 09:30,S181275,24738,3,148428,-306.72,-0.21,3.72,223.14,0.15,-304.86,-0.21,-30114.3,-60.23,2
968,Exit long,2026-02-06 09:38,L181277X,24907.75,3,148998,444.78,0.30,3.72,446.64,0.30,-91.86,-0.06,-29669.52,-59.34,6
968,Entry long,2026-02-06 09:32,L181277,24833,3,148998,444.78,0.30,3.72,446.64,0.30,-91.86,-0.06,-29669.52,-59.34,6
969,Exit short,2026-02-06 09:44,S181286X,24904.5,3,149124,-306.72,-0.21,3.72,52.14,0.03,-304.86,-0.20,-29976.24,-59.95,3
969,Entry short,2026-02-06 09:41,S181286,24854,3,149124,-306.72,-0.21,3.72,52.14,0.03,-304.86,-0.20,-29976.24,-59.95,3
970,Exit short,2026-02-06 09:56,S181298X,24857.25,3,149592,444.78,0.30,3.72,446.64,0.30,-66.36,-0.04,-29531.46,-59.06,3
970,Entry short,2026-02-06 09:53,S181298,24932,3,149592,444.78,0.30,3.72,446.64,0.30,-66.36,-0.04,-29531.46,-59.06,3
971,Exit short,2026-02-06 10:05,S181308X,24845.75,3,148771.5,-306.72,-0.21,3.72,74.64,0.05,-304.86,-0.20,-29838.18,-59.68,2
971,Entry short,2026-02-06 10:03,S181308,24795.25,3,148771.5,-306.72,-0.21,3.72,74.64,0.05,-304.86,-0.20,-29838.18,-59.68,2
972,Exit short,2026-02-06 10:18,S181317X,24846.75,3,148777.5,-306.72,-0.21,3.72,323.64,0.22,-304.86,-0.20,-30144.9,-60.29,6
972,Entry short,2026-02-06 10:12,S181317,24796.25,3,148777.5,-306.72,-0.21,3.72,323.64,0.22,-304.86,-0.20,-30144.9,-60.29,6
973,Exit short,2026-02-06 10:25,S181328X,24868.75,3,148909.5,-306.72,-0.21,3.72,70.14,0.05,-304.86,-0.20,-30451.62,-60.90,2
973,Entry short,2026-02-06 10:23,S181328,24818.25,3,148909.5,-306.72,-0.21,3.72,70.14,0.05,-304.86,-0.20,-30451.62,-60.90,2
974,Exit long,2026-02-06 11:03,L181360X,24946.25,3,149229,444.78,0.30,3.72,446.64,0.30,-72.36,-0.05,-30006.84,-60.01,8
974,Entry long,2026-02-06 10:55,L181360,24871.5,3,149229,444.78,0.30,3.72,446.64,0.30,-72.36,-0.05,-30006.84,-60.01,8
975,Exit short,2026-02-06 14:29,S181545X,25106.25,6,300969,-313.44,-0.10,7.44,185.28,0.06,-309.72,-0.10,-30320.28,-60.64,29
975,Entry short,2026-02-06 14:00,S181545,25080.75,6,300969,-313.44,-0.10,7.44,185.28,0.06,-309.72,-0.10,-30320.28,-60.64,29
976,Exit short,2026-02-06 15:00,S181579X,25057.75,6,301140,439.56,0.15,7.44,443.28,0.15,-135.72,-0.05,-29880.72,-59.76,26
976,Entry short,2026-02-06 14:34,S181579,25095,6,301140,439.56,0.15,7.44,443.28,0.15,-135.72,-0.05,-29880.72,-59.76,26
977,Exit short,2026-02-09 09:32,S182655X,25040.75,3,149941.5,-306.72,-0.20,3.72,206.64,0.14,-304.86,-0.20,-30187.44,-60.37,2
977,Entry short,2026-02-09 09:30,S182655,24990.25,3,149941.5,-306.72,-0.20,3.72,206.64,0.14,-304.86,-0.20,-30187.44,-60.37,2
978,Exit short,2026-02-09 10:06,S182675X,25188.25,3,150826.5,-306.72,-0.20,3.72,271.14,0.18,-304.86,-0.20,-30494.16,-60.99,16
978,Entry short,2026-02-09 09:50,S182675,25137.75,3,150826.5,-306.72,-0.20,3.72,271.14,0.18,-304.86,-0.20,-30494.16,-60.99,16
979,Exit short,2026-02-09 10:49,S182707X,25278.5,3,151368,-306.72,-0.20,3.72,370.14,0.24,-304.86,-0.20,-30800.88,-61.60,27
979,Entry short,2026-02-09 10:22,S182707,25228,3,151368,-306.72,-0.20,3.72,370.14,0.24,-304.86,-0.20,-30800.88,-61.60,27
980,Exit short,2026-02-09 10:56,S182736X,25310,6,303414,-313.44,-0.10,7.44,86.28,0.03,-309.72,-0.10,-31114.32,-62.23,5
980,Entry short,2026-02-09 10:51,S182736,25284.5,6,303414,-313.44,-0.10,7.44,86.28,0.03,-309.72,-0.10,-31114.32,-62.23,5
981,Exit short,2026-02-09 11:15,S182744X,25337.5,6,303744,-313.44,-0.10,7.44,74.28,0.02,-309.72,-0.10,-31427.76,-62.86,16
981,Entry short,2026-02-09 10:59,S182744,25312,6,303744,-313.44,-0.10,7.44,74.28,0.02,-309.72,-0.10,-31427.76,-62.86,16
982,Exit short,2026-02-09 14:03,S182925X,25393.5,6,304416,-313.44,-0.10,7.44,47.28,0.02,-309.72,-0.10,-31741.2,-63.48,3
982,Entry short,2026-02-09 14:00,S182925,25368,6,304416,-313.44,-0.10,7.44,47.28,0.02,-309.72,-0.10,-31741.2,-63.48,3
983,Exit short,2026-02-09 14:24,S182930X,25410.75,6,304623,-313.44,-0.10,7.44,107.28,0.04,-309.72,-0.10,-32054.64,-64.11,19
983,Entry short,2026-02-09 14:05,S182930,25385.25,6,304623,-313.44,-0.10,7.44,107.28,0.04,-309.72,-0.10,-32054.64,-64.11,19
984,Exit short,2026-02-09 15:23,S182959X,25383.25,6,305046,439.56,0.14,7.44,443.28,0.15,-105.72,-0.03,-31615.08,-63.23,49
984,Entry short,2026-02-09 14:34,S182959,25420.5,6,305046,439.56,0.14,7.44,443.28,0.15,-105.72,-0.03,-31615.08,-63.23,49
985,Exit long,2026-02-10 09:36,L184035X,25326.5,3,152262,-306.72,-0.20,3.72,197.64,0.13,-304.86,-0.20,-31921.8,-63.84,6
985,Entry long,2026-02-10 09:30,L184035,25377,3,152262,-306.72,-0.20,3.72,197.64,0.13,-304.86,-0.20,-31921.8,-63.84,6
986,Exit long,2026-02-10 09:42,L184044X,25276.25,3,151960.5,-306.72,-0.20,3.72,46.14,0.03,-304.86,-0.20,-32228.52,-64.46,3
986,Entry long,2026-02-10 09:39,L184044,25326.75,3,151960.5,-306.72,-0.20,3.72,46.14,0.03,-304.86,-0.20,-32228.52,-64.46,3
987,Exit long,2026-02-10 09:48,L184048X,25255,3,151833,-306.72,-0.20,3.72,62.64,0.04,-304.86,-0.20,-32535.24,-65.07,5
987,Entry long,2026-02-10 09:43,L184048,25305.5,3,151833,-306.72,-0.20,3.72,62.64,0.04,-304.86,-0.20,-32535.24,-65.07,5
988,Exit long,2026-02-10 09:56,L184055X,25393.5,3,151912.5,444.78,0.29,3.72,446.64,0.29,-100.86,-0.07,-32090.46,-64.18,6
988,Entry long,2026-02-10 09:50,L184055,25318.75,3,151912.5,444.78,0.29,3.72,446.64,0.29,-100.86,-0.07,-32090.46,-64.18,6
989,Exit short,2026-02-10 10:06,S184064X,25442,3,152349,-306.72,-0.20,3.72,67.14,0.04,-304.86,-0.20,-32397.18,-64.79,7
989,Entry short,2026-02-10 09:59,S184064,25391.5,3,152349,-306.72,-0.20,3.72,67.14,0.04,-304.86,-0.20,-32397.18,-64.79,7
990,Exit short,2026-02-10 11:22,S184088X,25335.25,3,152460,444.78,0.29,3.72,446.64,0.29,-174.36,-0.11,-31952.4,-63.90,59
990,Entry short,2026-02-10 10:23,S184088,25410,3,152460,444.78,0.29,3.72,446.64,0.29,-174.36,-0.11,-31952.4,-63.90,59
991,Exit short,2026-02-10 15:06,S184305X,25266.75,6,303648,439.56,0.14,7.44,443.28,0.15,-231.72,-0.08,-31512.84,-63.03,66
991,Entry short,2026-02-10 14:00,S184305,25304,6,303648,439.56,0.14,7.44,443.28,0.15,-231.72,-0.08,-31512.84,-63.03,66
992,Exit long,2026-02-11 09:33,L185415X,25409.5,3,152760,-306.72,-0.20,3.72,31.14,0.02,-304.86,-0.20,-31819.56,-63.64,3
992,Entry long,2026-02-11 09:30,L185415,25460,3,152760,-306.72,-0.20,3.72,31.14,0.02,-304.86,-0.20,-31819.56,-63.64,3
993,Exit short,2026-02-11 09:46,S185419X,25436,3,152313,-306.72,-0.20,3.72,277.14,0.18,-304.86,-0.20,-32126.28,-64.25,12
993,Entry short,2026-02-11 09:34,S185419,25385.5,3,152313,-306.72,-0.20,3.72,277.14,0.18,-304.86,-0.20,-32126.28,-64.25,12
994,Exit long,2026-02-11 10:03,L185446X,25273,3,151941,-306.72,-0.20,3.72,26.64,0.02,-304.86,-0.20,-32433,-64.87,2
994,Entry long,2026-02-11 10:01,L185446,25323.5,3,151941,-306.72,-0.20,3.72,26.64,0.02,-304.86,-0.20,-32433,-64.87,2
995,Exit long,2026-02-11 10:18,L185459X,25137.75,3,151129.5,-306.72,-0.20,3.72,38.64,0.03,-304.86,-0.20,-32739.72,-65.48,4
995,Entry long,2026-02-11 10:14,L185459,25188.25,3,151129.5,-306.72,-0.20,3.72,38.64,0.03,-304.86,-0.20,-32739.72,-65.48,4
996,Exit long,2026-02-11 10:40,L185473X,25174.75,3,150600,444.78,0.30,3.72,446.64,0.30,-195.36,-0.13,-32294.94,-64.59,12
996,Entry long,2026-02-11 10:28,L185473,25100,3,150600,444.78,0.30,3.72,446.64,0.30,-195.36,-0.13,-32294.94,-64.59,12
997,Exit long,2026-02-11 10:54,L185485X,25257.25,3,151095,444.78,0.29,3.72,446.64,0.30,-298.86,-0.20,-31850.16,-63.70,14
997,Entry long,2026-02-11 10:40,L185485,25182.5,3,151095,444.78,0.29,3.72,446.64,0.30,-298.86,-0.20,-31850.16,-63.70,14
998,Exit short,2026-02-11 14:09,S185685X,25261.75,6,303588,439.56,0.14,7.44,443.28,0.15,-18.72,-0.01,-31410.6,-62.82,9
998,Entry short,2026-02-11 14:00,S185685,25299,6,303588,439.56,0.14,7.44,443.28,0.15,-18.72,-0.01,-31410.6,-62.82,9
999,Exit long,2026-02-11 14:17,L185696X,25327.75,6,303486,439.56,0.14,7.44,443.28,0.15,-27.72,-0.01,-30971.04,-61.94,6
999,Entry long,2026-02-11 14:11,L185696,25290.5,6,303486,439.56,0.14,7.44,443.28,0.15,-27.72,-0.01,-30971.04,-61.94,6
1000,Exit short,2026-02-11 14:25,S185707X,25353.5,6,303936,-313.44,-0.10,7.44,0,0.00,-309.72,-0.10,-31284.48,-62.57,3
1000,Entry short,2026-02-11 14:22,S185707,25328,6,303936,-313.44,-0.10,7.44,0,0.00,-309.72,-0.10,-31284.48,-62.57,3
1001,Exit short,2026-02-11 14:45,S185712X,25309.5,6,304161,439.56,0.14,7.44,443.28,0.15,-120.72,-0.04,-30844.92,-61.69,18
1001,Entry short,2026-02-11 14:27,S185712,25346.75,6,304161,439.56,0.14,7.44,443.28,0.15,-120.72,-0.04,-30844.92,-61.69,18
1002,Exit short,2026-02-12 09:46,S186795X,25269.75,3,152067,444.78,0.29,3.72,446.64,0.29,-297.36,-0.20,-30400.14,-60.80,16
1002,Entry short,2026-02-12 09:30,S186795,25344.5,3,152067,444.78,0.29,3.72,446.64,0.29,-297.36,-0.20,-30400.14,-60.80,16
1003,Exit long,2026-02-12 10:08,L186826X,25186,3,151419,-306.72,-0.20,3.72,89.64,0.06,-304.86,-0.20,-30706.86,-61.41,7
1003,Entry long,2026-02-12 10:01,L186826,25236.5,3,151419,-306.72,-0.20,3.72,89.64,0.06,-304.86,-0.20,-30706.86,-61.41,7
1004,Exit long,2026-02-12 10:33,L186839X,25183,3,151401,-306.72,-0.20,3.72,158.64,0.10,-304.86,-0.20,-31013.58,-62.03,19
1004,Entry long,2026-02-12 10:14,L186839,25233.5,3,151401,-306.72,-0.20,3.72,158.64,0.10,-304.86,-0.20,-31013.58,-62.03,19
1005,Exit long,2026-02-12 10:54,L186870X,25056.75,3,150643.5,-306.72,-0.20,3.72,82.14,0.05,-304.86,-0.20,-31320.3,-62.64,9
1005,Entry long,2026-02-12 10:45,L186870,25107.25,3,150643.5,-306.72,-0.20,3.72,82.14,0.05,-304.86,-0.20,-31320.3,-62.64,9
1006,Exit long,2026-02-12 14:04,L187065X,24893.75,6,299031,-313.44,-0.10,7.44,47.28,0.02,-309.72,-0.10,-31633.74,-63.27,4
1006,Entry long,2026-02-12 14:00,L187065,24919.25,6,299031,-313.44,-0.10,7.44,47.28,0.02,-309.72,-0.10,-31633.74,-63.27,4
1007,Exit short,2026-02-12 14:11,S187069X,24855.25,6,298710,439.56,0.15,7.44,443.28,0.15,-234.72,-0.08,-31194.18,-62.39,7
1007,Entry short,2026-02-12 14:04,S187069,24892.5,6,298710,439.56,0.15,7.44,443.28,0.15,-234.72,-0.08,-31194.18,-62.39,7
1008,Exit long,2026-02-12 14:18,L187078X,24905.25,6,298416,439.56,0.15,7.44,443.28,0.15,-84.72,-0.03,-30754.62,-61.51,5
1008,Entry long,2026-02-12 14:13,L187078,24868,6,298416,439.56,0.15,7.44,443.28,0.15,-84.72,-0.03,-30754.62,-61.51,5
1009,Exit long,2026-02-12 14:36,L187095X,24921.25,6,298608,439.56,0.15,7.44,443.28,0.15,-18.72,-0.01,-30315.06,-60.63,6
1009,Entry long,2026-02-12 14:30,L187095,24884,6,298608,439.56,0.15,7.44,443.28,0.15,-18.72,-0.01,-30315.06,-60.63,6
1010,Exit short,2026-02-12 14:50,S187108X,24939.25,6,298965,-313.44,-0.10,7.44,125.28,0.04,-309.72,-0.10,-30628.5,-61.26,7
1010,Entry short,2026-02-12 14:43,S187108,24913.75,6,298965,-313.44,-0.10,7.44,125.28,0.04,-309.72,-0.10,-30628.5,-61.26,7
1011,Exit short,2026-02-12 14:58,S187116X,24885.25,6,299070,439.56,0.15,7.44,443.28,0.15,-93.72,-0.03,-30188.94,-60.38,7
1011,Entry short,2026-02-12 14:51,S187116,24922.5,6,299070,439.56,0.15,7.44,443.28,0.15,-93.72,-0.03,-30188.94,-60.38,7
1012,Exit long,2026-02-13 09:35,L188175X,24693.5,3,148464,-306.72,-0.21,3.72,334.14,0.23,-304.86,-0.21,-30495.66,-60.99,5
1012,Entry long,2026-02-13 09:30,L188175,24744,3,148464,-306.72,-0.21,3.72,334.14,0.23,-304.86,-0.21,-30495.66,-60.99,5
1013,Exit long,2026-02-13 09:45,L188188X,24762.75,3,148128,444.78,0.30,3.72,446.64,0.30,-141.36,-0.10,-30050.88,-60.10,2
1013,Entry long,2026-02-13 09:43,L188188,24688,3,148128,444.78,0.30,3.72,446.64,0.30,-141.36,-0.10,-30050.88,-60.10,2
1014,Exit short,2026-02-13 09:50,S188194X,24700.5,3,148651.5,444.78,0.30,3.72,446.64,0.30,-16.86,-0.01,-29606.1,-59.21,1
1014,Entry short,2026-02-13 09:49,S188194,24775.25,3,148651.5,444.78,0.30,3.72,446.64,0.30,-16.86,-0.01,-29606.1,-59.21,1
1015,Exit short,2026-02-13 10:17,S188217X,24719,3,148762.5,444.78,0.30,3.72,446.64,0.30,-175.86,-0.12,-29161.32,-58.32,5
1015,Entry short,2026-02-13 10:12,S188217,24793.75,3,148762.5,444.78,0.30,3.72,446.64,0.30,-175.86,-0.12,-29161.32,-58.32,5
1016,Exit short,2026-02-13 10:46,S188243X,24765,3,149038.5,444.78,0.30,3.72,446.64,0.30,-120.36,-0.08,-28716.54,-57.43,8
1016,Entry short,2026-02-13 10:38,S188243,24839.75,3,149038.5,444.78,0.30,3.72,446.64,0.30,-120.36,-0.08,-28716.54,-57.43,8
1017,Exit short,2026-02-13 11:05,S188261X,24848.5,3,148788,-306.72,-0.21,3.72,0,0.00,-304.86,-0.20,-29023.26,-58.05,9
1017,Entry short,2026-02-13 10:56,S188261,24798,3,148788,-306.72,-0.21,3.72,0,0.00,-304.86,-0.20,-29023.26,-58.05,9
1018,Exit long,2026-02-13 14:29,L188445X,24915.75,6,299295,-313.44,-0.10,7.44,326.28,0.11,-309.72,-0.10,-29336.7,-58.67,29
1018,Entry long,2026-02-13 14:00,L188445,24941.25,6,299295,-313.44,-0.10,7.44,326.28,0.11,-309.72,-0.10,-29336.7,-58.67,29
1019,Exit long,2026-02-13 14:50,L188490X,24908.25,6,299205,-313.44,-0.10,7.44,17.28,0.01,-309.72,-0.10,-29650.14,-59.30,5
1019,Entry long,2026-02-13 14:45,L188490,24933.75,6,299205,-313.44,-0.10,7.44,17.28,0.01,-309.72,-0.10,-29650.14,-59.30,5
1020,Exit short,2026-02-16 09:42,S189555X,24724.25,6,297138,439.56,0.15,7.44,443.28,0.15,-189.72,-0.06,-29210.58,-58.42,12
1020,Entry short,2026-02-16 09:30,S189555,24761.5,6,297138,439.56,0.15,7.44,443.28,0.15,-189.72,-0.06,-29210.58,-58.42,12
1021,Exit long,2026-02-16 09:52,L189572X,24746.5,6,296511,439.56,0.15,7.44,443.28,0.15,-33.72,-0.01,-28771.02,-57.54,5
1021,Entry long,2026-02-16 09:47,L189572,24709.25,6,296511,439.56,0.15,7.44,443.28,0.15,-33.72,-0.01,-28771.02,-57.54,5
1022,Exit long,2026-02-16 10:00,L189577X,24783.75,6,296958,439.56,0.15,7.44,443.28,0.15,-24.72,-0.01,-28331.46,-56.66,8
1022,Entry long,2026-02-16 09:52,L189577,24746.5,6,296958,439.56,0.15,7.44,443.28,0.15,-24.72,-0.01,-28331.46,-56.66,8
1023,Exit short,2026-02-16 10:18,S189594X,24746.5,6,297405,439.56,0.15,7.44,443.28,0.15,-15.72,-0.01,-27891.9,-55.78,9
1023,Entry short,2026-02-16 10:09,S189594,24783.75,6,297405,439.56,0.15,7.44,443.28,0.15,-15.72,-0.01,-27891.9,-55.78,9
1024,Exit long,2026-02-16 10:29,L189608X,24710,6,296826,-313.44,-0.11,7.44,2.28,0.00,-309.72,-0.10,-28205.34,-56.41,6
1024,Entry long,2026-02-16 10:23,L189608,24735.5,6,296826,-313.44,-0.11,7.44,2.28,0.00,-309.72,-0.10,-28205.34,-56.41,6
1025,Exit long,2026-02-16 11:09,L189624X,24736.5,6,296391,439.56,0.15,7.44,443.28,0.15,-261.72,-0.09,-27765.78,-55.53,30
1025,Entry long,2026-02-16 10:39,L189624,24699.25,6,296391,439.56,0.15,7.44,443.28,0.15,-261.72,-0.09,-27765.78,-55.53,30
1026,Exit short,2026-02-17 09:31,S190695X,24675.75,3,147751.5,-306.72,-0.21,3.72,115.14,0.08,-304.86,-0.21,-28072.5,-56.14,1
1026,Entry short,2026-02-17 09:30,S190695,24625.25,3,147751.5,-306.72,-0.21,3.72,115.14,0.08,-304.86,-0.21,-28072.5,-56.14,1
1027,Exit long,2026-02-17 09:35,L190696X,24775.5,3,148204.5,444.78,0.30,3.72,446.64,0.30,-292.86,-0.20,-27627.72,-55.26,4
1027,Entry long,2026-02-17 09:31,L190696,24700.75,3,148204.5,444.78,0.30,3.72,446.64,0.30,-292.86,-0.20,-27627.72,-55.26,4
1028,Exit short,2026-02-17 09:44,S190703X,24701.75,3,148659,444.78,0.30,3.72,446.64,0.30,-235.86,-0.16,-27182.94,-54.37,6
1028,Entry short,2026-02-17 09:38,S190703,24776.5,3,148659,444.78,0.30,3.72,446.64,0.30,-235.86,-0.16,-27182.94,-54.37,6
1029,Exit long,2026-02-17 10:12,L190726X,24478,3,147171,-306.72,-0.21,3.72,257.64,0.18,-304.86,-0.21,-27489.66,-54.98,11
1029,Entry long,2026-02-17 10:01,L190726,24528.5,3,147171,-306.72,-0.21,3.72,257.64,0.18,-304.86,-0.21,-27489.66,-54.98,11
1030,Exit short,2026-02-18 09:33,S192075X,24826.75,3,148657.5,-306.72,-0.21,3.72,74.64,0.05,-304.86,-0.21,-27796.38,-55.59,3
1030,Entry short,2026-02-18 09:30,S192075,24776.25,3,148657.5,-306.72,-0.21,3.72,74.64,0.05,-304.86,-0.21,-27796.38,-55.59,3
1031,Exit short,2026-02-18 09:38,S192079X,24818.75,3,148609.5,-306.72,-0.21,3.72,74.64,0.05,-304.86,-0.21,-28103.1,-56.21,4
1031,Entry short,2026-02-18 09:34,S192079,24768.25,3,148609.5,-306.72,-0.21,3.72,74.64,0.05,-304.86,-0.21,-28103.1,-56.21,4
1032,Exit short,2026-02-18 09:54,S192093X,24872.5,3,148932,-306.72,-0.21,3.72,167.64,0.11,-304.86,-0.20,-28409.82,-56.82,6
1032,Entry short,2026-02-18 09:48,S192093,24822,3,148932,-306.72,-0.21,3.72,167.64,0.11,-304.86,-0.20,-28409.82,-56.82,6
1033,Exit short,2026-02-18 10:16,S192113X,25064.5,3,150084,-306.72,-0.20,3.72,101.64,0.07,-304.86,-0.20,-28716.54,-57.43,8
1033,Entry short,2026-02-18 10:08,S192113,25014,3,150084,-306.72,-0.20,3.72,101.64,0.07,-304.86,-0.20,-28716.54,-57.43,8
1034,Exit short,2026-02-18 11:05,S192123X,25104.5,3,150324,-306.72,-0.20,3.72,194.64,0.13,-304.86,-0.20,-29023.26,-58.05,47
1034,Entry short,2026-02-18 10:18,S192123,25054,3,150324,-306.72,-0.20,3.72,194.64,0.13,-304.86,-0.20,-29023.26,-58.05,47
1035,Exit short,2026-02-18 14:36,S192345X,24950.5,3,150151.5,444.78,0.30,3.72,446.64,0.30,-70.86,-0.05,-28578.48,-57.16,36
1035,Entry short,2026-02-18 14:00,S192345,25025.25,3,150151.5,444.78,0.30,3.72,446.64,0.30,-70.86,-0.05,-28578.48,-57.16,36
1036,Exit long,2026-02-18 14:51,L192386X,24913.5,6,299268,-313.44,-0.10,7.44,146.28,0.05,-309.72,-0.10,-28891.92,-57.78,10
1036,Entry long,2026-02-18 14:41,L192386,24939,6,299268,-313.44,-0.10,7.44,146.28,0.05,-309.72,-0.10,-28891.92,-57.78,10
1037,Exit long,2026-02-19 09:35,L193455X,24807.5,3,149148,-306.72,-0.21,3.72,149.64,0.10,-304.86,-0.20,-29198.64,-58.40,5
1037,Entry long,2026-02-19 09:30,L193455,24858,3,149148,-306.72,-0.21,3.72,149.64,0.10,-304.86,-0.20,-29198.64,-58.40,5
1038,Exit long,2026-02-19 09:53,L193462X,24884.75,3,148860,444.78,0.30,3.72,446.64,0.30,-220.86,-0.15,-28753.86,-57.51,16
1038,Entry long,2026-02-19 09:37,L193462,24810,3,148860,444.78,0.30,3.72,446.64,0.30,-220.86,-0.15,-28753.86,-57.51,16
1039,Exit short,2026-02-19 09:56,S193479X,24912.25,3,149170.5,-306.72,-0.21,3.72,10.14,0.01,-304.86,-0.20,-29060.58,-58.12,2
1039,Entry short,2026-02-19 09:54,S193479,24861.75,3,149170.5,-306.72,-0.21,3.72,10.14,0.01,-304.86,-0.20,-29060.58,-58.12,2
1040,Exit short,2026-02-19 11:18,S193483X,24951,3,149403,-306.72,-0.21,3.72,347.64,0.23,-304.86,-0.20,-29367.3,-58.73,80
1040,Entry short,2026-02-19 09:58,S193483,24900.5,3,149403,-306.72,-0.21,3.72,347.64,0.23,-304.86,-0.20,-29367.3,-58.73,80
1041,Exit short,2026-02-19 14:29,S193725X,24797,6,298011,439.56,0.15,7.44,443.28,0.15,-192.72,-0.06,-28927.74,-57.86,29
1041,Entry short,2026-02-19 14:00,S193725,24834.25,6,298011,439.56,0.15,7.44,443.28,0.15,-192.72,-0.06,-28927.74,-57.86,29
1042,Exit long,2026-02-19 14:37,L193757X,24797.5,6,297876,-313.44,-0.11,7.44,5.28,0.00,-309.72,-0.10,-29241.18,-58.48,5
1042,Entry long,2026-02-19 14:32,L193757,24823,6,297876,-313.44,-0.11,7.44,5.28,0.00,-309.72,-0.10,-29241.18,-58.48,5
1043,Exit long,2026-02-19 14:47,L193766X,24756.25,6,297381,-313.44,-0.11,7.44,41.28,0.01,-309.72,-0.10,-29554.62,-59.11,6
1043,Entry long,2026-02-19 14:41,L193766,24781.75,6,297381,-313.44,-0.11,7.44,41.28,0.01,-309.72,-0.10,-29554.62,-59.11,6
1044,Exit long,2026-02-19 15:02,L193773X,24805.25,6,297216,439.56,0.15,7.44,443.28,0.15,-75.72,-0.03,-29115.06,-58.23,14
1044,Entry long,2026-02-19 14:48,L193773,24768,6,297216,439.56,0.15,7.44,443.28,0.15,-75.72,-0.03,-29115.06,-58.23,14
1045,Exit long,2026-02-20 09:33,L194835X,24801.25,3,148359,444.78,0.30,3.72,446.64,0.30,-51.36,-0.03,-28670.28,-57.34,3
1045,Entry long,2026-02-20 09:30,L194835,24726.5,3,148359,444.78,0.30,3.72,446.64,0.30,-51.36,-0.03,-28670.28,-57.34,3
1046,Exit short,2026-02-20 10:01,S194852X,24965.25,3,149488.5,-306.72,-0.21,3.72,413.64,0.28,-304.86,-0.20,-28977,-57.95,14
1046,Entry short,2026-02-20 09:47,S194852,24914.75,3,149488.5,-306.72,-0.21,3.72,413.64,0.28,-304.86,-0.20,-28977,-57.95,14
1047,Exit short,2026-02-20 10:08,S194870X,24944.75,3,149365.5,-306.72,-0.21,3.72,214.14,0.14,-304.86,-0.20,-29283.72,-58.57,3
1047,Entry short,2026-02-20 10:05,S194870,24894.25,3,149365.5,-306.72,-0.21,3.72,214.14,0.14,-304.86,-0.20,-29283.72,-58.57,3
1048,Exit short,2026-02-20 10:16,S194878X,24869.5,3,149665.5,444.78,0.30,3.72,446.64,0.30,-46.86,-0.03,-28838.94,-57.68,3
1048,Entry short,2026-02-20 10:13,S194878,24944.25,3,149665.5,444.78,0.30,3.72,446.64,0.30,-46.86,-0.03,-28838.94,-57.68,3
1049,Exit short,2026-02-20 10:17,S194881X,24915.75,3,149191.5,-306.72,-0.21,3.72,11.64,0.01,-304.86,-0.20,-29145.66,-58.29,1
1049,Entry short,2026-02-20 10:16,S194881,24865.25,3,149191.5,-306.72,-0.21,3.72,11.64,0.01,-304.86,-0.20,-29145.66,-58.29,1
1050,Exit short,2026-02-20 10:37,S194897X,24986,3,149613,-306.72,-0.21,3.72,163.14,0.11,-304.86,-0.20,-29452.38,-58.90,5
1050,Entry short,2026-02-20 10:32,S194897,24935.5,3,149613,-306.72,-0.21,3.72,163.14,0.11,-304.86,-0.20,-29452.38,-58.90,5
1051,Exit short,2026-02-20 10:41,S194905X,25012.5,3,149772,-306.72,-0.20,3.72,61.14,0.04,-304.86,-0.20,-29759.1,-59.52,1
1051,Entry short,2026-02-20 10:40,S194905,24962,3,149772,-306.72,-0.20,3.72,61.14,0.04,-304.86,-0.20,-29759.1,-59.52,1
1052,Exit short,2026-02-20 10:48,S194911X,25084.25,3,150202.5,-306.72,-0.20,3.72,19.14,0.01,-304.86,-0.20,-30065.82,-60.13,2
1052,Entry short,2026-02-20 10:46,S194911,25033.75,3,150202.5,-306.72,-0.20,3.72,19.14,0.01,-304.86,-0.20,-30065.82,-60.13,2
1053,Exit long,2026-02-20 14:06,L195105X,25080,6,301266,-313.44,-0.10,7.44,170.28,0.06,-309.72,-0.10,-30379.26,-60.76,6
1053,Entry long,2026-02-20 14:00,L195105,25105.5,6,301266,-313.44,-0.10,7.44,170.28,0.06,-309.72,-0.10,-30379.26,-60.76,6
1054,Exit long,2026-02-20 14:28,L195126X,25046.5,6,300864,-313.44,-0.10,7.44,149.28,0.05,-309.72,-0.10,-30692.7,-61.39,7
1054,Entry long,2026-02-20 14:21,L195126,25072,6,300864,-313.44,-0.10,7.44,149.28,0.05,-309.72,-0.10,-30692.7,-61.39,7
1055,Exit long,2026-02-23 09:40,L196215X,24961.75,3,150073.5,-306.72,-0.20,3.72,164.64,0.11,-304.86,-0.20,-30999.42,-62.00,10
1055,Entry long,2026-02-23 09:30,L196215,25012.25,3,150073.5,-306.72,-0.20,3.72,164.64,0.11,-304.86,-0.20,-30999.42,-62.00,10
1056,Exit long,2026-02-23 10:05,L196231X,24862,3,149475,-306.72,-0.21,3.72,316.14,0.21,-304.86,-0.20,-31306.14,-62.61,19
1056,Entry long,2026-02-23 09:46,L196231,24912.5,3,149475,-306.72,-0.21,3.72,316.14,0.21,-304.86,-0.20,-31306.14,-62.61,19
1057,Exit long,2026-02-23 10:36,L196251X,24833,3,149301,-306.72,-0.21,3.72,275.64,0.18,-304.86,-0.20,-31612.86,-63.23,30
1057,Entry long,2026-02-23 10:06,L196251,24883.5,3,149301,-306.72,-0.21,3.72,275.64,0.18,-304.86,-0.20,-31612.86,-63.23,30
1058,Exit long,2026-02-23 10:46,L196282X,24813,3,149181,-306.72,-0.21,3.72,41.64,0.03,-304.86,-0.20,-31919.58,-63.84,9
1058,Entry long,2026-02-23 10:37,L196282,24863.5,3,149181,-306.72,-0.21,3.72,41.64,0.03,-304.86,-0.20,-31919.58,-63.84,9
1059,Exit long,2026-02-23 10:52,L196292X,24796.25,3,149080.5,-306.72,-0.21,3.72,0,0.00,-304.86,-0.20,-32226.3,-64.45,5
1059,Entry long,2026-02-23 10:47,L196292,24846.75,3,149080.5,-306.72,-0.21,3.72,0,0.00,-304.86,-0.20,-32226.3,-64.45,5
1060,Exit long,2026-02-23 14:29,L196485X,24717,6,296910,-313.44,-0.11,7.44,143.28,0.05,-309.72,-0.10,-32539.74,-65.08,29
1060,Entry long,2026-02-23 14:00,L196485,24742.5,6,296910,-313.44,-0.11,7.44,143.28,0.05,-309.72,-0.10,-32539.74,-65.08,29
1061,Exit long,2026-02-23 15:10,L196533X,24683.5,6,296508,-313.44,-0.11,7.44,89.28,0.03,-309.72,-0.10,-32853.18,-65.71,22
1061,Entry long,2026-02-23 14:48,L196533,24709,6,296508,-313.44,-0.11,7.44,89.28,0.03,-309.72,-0.10,-32853.18,-65.71,22
1062,Exit long,2026-02-24 09:31,L197595X,24762.75,3,148879.5,-306.72,-0.21,3.72,46.14,0.03,-304.86,-0.20,-33159.9,-66.32,1
1062,Entry long,2026-02-24 09:30,L197595,24813.25,3,148879.5,-306.72,-0.21,3.72,46.14,0.03,-304.86,-0.20,-33159.9,-66.32,1
1063,Exit short,2026-02-24 09:33,S197596X,24728.25,6,297186,439.56,0.15,7.44,443.28,0.15,-243.72,-0.08,-32720.34,-65.44,2
1063,Entry short,2026-02-24 09:31,S197596,24765.5,6,297186,439.56,0.15,7.44,443.28,0.15,-243.72,-0.08,-32720.34,-65.44,2
1064,Exit short,2026-02-24 09:34,S197598X,24747,6,296658,-313.44,-0.11,7.44,149.28,0.05,-309.72,-0.10,-33033.78,-66.07,1
1064,Entry short,2026-02-24 09:33,S197598,24721.5,6,296658,-313.44,-0.11,7.44,149.28,0.05,-309.72,-0.10,-33033.78,-66.07,1
1065,Exit long,2026-02-24 09:43,L197603X,24872.5,3,148786.5,444.78,0.30,3.72,446.64,0.30,-31.86,-0.02,-32589,-65.18,5
1065,Entry long,2026-02-24 09:38,L197603,24797.75,3,148786.5,444.78,0.30,3.72,446.64,0.30,-31.86,-0.02,-32589,-65.18,5
1066,Exit short,2026-02-24 10:00,S197615X,24846.25,3,149526,444.78,0.30,3.72,446.64,0.30,-114.36,-0.08,-32144.22,-64.29,10
1066,Entry short,2026-02-24 09:50,S197615,24921,3,149526,444.78,0.30,3.72,446.64,0.30,-114.36,-0.08,-32144.22,-64.29,10
1067,Exit short,2026-02-24 10:06,S197625X,24882,3,148989,-306.72,-0.21,3.72,31.14,0.02,-304.86,-0.20,-32450.94,-64.90,6
1067,Entry short,2026-02-24 10:00,S197625,24831.5,3,148989,-306.72,-0.21,3.72,31.14,0.02,-304.86,-0.20,-32450.94,-64.90,6
1068,Exit short,2026-02-24 10:22,S197637X,24944.25,3,149362.5,-306.72,-0.21,3.72,241.14,0.16,-304.86,-0.20,-32757.66,-65.52,10
1068,Entry short,2026-02-24 10:12,S197637,24893.75,3,149362.5,-306.72,-0.21,3.72,241.14,0.16,-304.86,-0.20,-32757.66,-65.52,10
1069,Exit short,2026-02-24 12:10,S197656X,25055.5,3,150030,-306.72,-0.20,3.72,226.14,0.15,-304.86,-0.20,-33064.38,-66.13,99
1069,Entry short,2026-02-24 10:31,S197656,25005,3,150030,-306.72,-0.20,3.72,226.14,0.15,-304.86,-0.20,-33064.38,-66.13,99
1070,Exit long,2026-02-24 14:16,L197865X,25008,6,300402,-313.44,-0.10,7.44,47.28,0.02,-309.72,-0.10,-33377.82,-66.76,16
1070,Entry long,2026-02-24 14:00,L197865,25033.5,6,300402,-313.44,-0.10,7.44,47.28,0.02,-309.72,-0.10,-33377.82,-66.76,16
1071,Exit long,2026-02-24 14:52,L197883X,25044.5,6,300087,439.56,0.15,7.44,443.28,0.15,-147.72,-0.05,-32938.26,-65.88,34
1071,Entry long,2026-02-24 14:18,L197883,25007.25,6,300087,439.56,0.15,7.44,443.28,0.15,-147.72,-0.05,-32938.26,-65.88,34
1072,Exit long,2026-02-25 09:45,L198975X,25286.5,3,151270.5,444.78,0.29,3.72,446.64,0.30,-18.36,-0.01,-32493.48,-64.99,15
1072,Entry long,2026-02-25 09:30,L198975,25211.75,3,151270.5,444.78,0.29,3.72,446.64,0.30,-18.36,-0.01,-32493.48,-64.99,15
1073,Exit short,2026-02-25 09:58,S199001X,25348.75,6,303879,-313.44,-0.10,7.44,209.28,0.07,-309.72,-0.10,-32806.92,-65.61,2
1073,Entry short,2026-02-25 09:56,S199001,25323.25,6,303879,-313.44,-0.10,7.44,209.28,0.07,-309.72,-0.10,-32806.92,-65.61,2
1074,Exit short,2026-02-25 10:16,S199009X,25296.75,6,304008,439.56,0.14,7.44,443.28,0.15,-123.72,-0.04,-32367.36,-64.73,12
1074,Entry short,2026-02-25 10:04,S199009,25334,6,304008,439.56,0.14,7.44,443.28,0.15,-123.72,-0.04,-32367.36,-64.73,12
1075,Exit short,2026-02-25 10:25,S199021X,25317.5,6,303504,-313.44,-0.10,7.44,125.28,0.04,-309.72,-0.10,-32680.8,-65.36,9
1075,Entry short,2026-02-25 10:16,S199021,25292,6,303504,-313.44,-0.10,7.44,125.28,0.04,-309.72,-0.10,-32680.8,-65.36,9
1076,Exit short,2026-02-25 11:41,S199039X,25322.75,6,303567,-313.44,-0.10,7.44,386.28,0.13,-309.72,-0.10,-32994.24,-65.99,67
1076,Entry short,2026-02-25 10:34,S199039,25297.25,6,303567,-313.44,-0.10,7.44,386.28,0.13,-309.72,-0.10,-32994.24,-65.99,67
1077,Exit long,2026-02-25 15:50,L199245X,25390.5,6,304239,439.56,0.14,7.44,443.28,0.15,-18.72,-0.01,-32554.68,-65.11,110
1077,Entry long,2026-02-25 14:00,L199245,25353.25,6,304239,439.56,0.14,7.44,443.28,0.15,-18.72,-0.01,-32554.68,-65.11,110
1078,Exit short,2026-02-26 09:45,S200355X,25218.75,3,151761,444.78,0.29,3.72,446.64,0.29,-255.36,-0.17,-32109.9,-64.22,15
1078,Entry short,2026-02-26 09:30,S200355,25293.5,3,151761,444.78,0.29,3.72,446.64,0.29,-255.36,-0.17,-32109.9,-64.22,15
1079,Exit long,2026-02-26 10:00,L200380X,25175.25,3,151354.5,-306.72,-0.20,3.72,55.14,0.04,-304.86,-0.20,-32416.62,-64.83,5
1079,Entry long,2026-02-26 09:55,L200380,25225.75,3,151354.5,-306.72,-0.20,3.72,55.14,0.04,-304.86,-0.20,-32416.62,-64.83,5
1080,Exit long,2026-02-26 10:28,L200408X,24890.25,3,149644.5,-306.72,-0.20,3.72,176.64,0.12,-304.86,-0.20,-32723.34,-65.45,5
1080,Entry long,2026-02-26 10:23,L200408,24940.75,3,149644.5,-306.72,-0.20,3.72,176.64,0.12,-304.86,-0.20,-32723.34,-65.45,5
1081,Exit long,2026-02-26 10:34,L200414X,24883.25,3,149602.5,-306.72,-0.21,3.72,17.64,0.01,-304.86,-0.20,-33030.06,-66.06,5
1081,Entry long,2026-02-26 10:29,L200414,24933.75,3,149602.5,-306.72,-0.21,3.72,17.64,0.01,-304.86,-0.20,-33030.06,-66.06,5
1082,Exit long,2026-02-26 10:40,L200420X,24980.5,3,149434.5,444.78,0.30,3.72,446.64,0.30,-103.86,-0.07,-32585.28,-65.17,5
1082,Entry long,2026-02-26 10:35,L200420,24905.75,3,149434.5,444.78,0.30,3.72,446.64,0.30,-103.86,-0.07,-32585.28,-65.17,5
1083,Exit long,2026-02-26 11:55,L200430X,24965.5,3,150096,-306.72,-0.20,3.72,415.14,0.28,-304.86,-0.20,-32892,-65.78,70
1083,Entry long,2026-02-26 10:45,L200430,25016,3,150096,-306.72,-0.20,3.72,415.14,0.28,-304.86,-0.20,-32892,-65.78,70
1084,Exit short,2026-02-26 14:03,S200625X,25023.5,6,299976,-313.44,-0.10,7.44,0,0.00,-309.72,-0.10,-33205.44,-66.41,3
1084,Entry short,2026-02-26 14:00,S200625,24998,6,299976,-313.44,-0.10,7.44,0,0.00,-309.72,-0.10,-33205.44,-66.41,3
1085,Exit long,2026-02-26 14:10,L200628X,25063.5,6,300315,439.56,0.15,7.44,443.28,0.15,-60.72,-0.02,-32765.88,-65.53,7
1085,Entry long,2026-02-26 14:03,L200628,25026.25,6,300315,439.56,0.15,7.44,443.28,0.15,-60.72,-0.02,-32765.88,-65.53,7
1086,Exit short,2026-02-26 14:16,S200636X,25076,6,300606,-313.44,-0.10,7.44,26.28,0.01,-309.72,-0.10,-33079.32,-66.16,5
1086,Entry short,2026-02-26 14:11,S200636,25050.5,6,300606,-313.44,-0.10,7.44,26.28,0.01,-309.72,-0.10,-33079.32,-66.16,5
1087,Exit short,2026-02-26 14:47,S200643X,25093,6,300810,-313.44,-0.10,7.44,332.28,0.11,-309.72,-0.10,-33392.76,-66.79,29
1087,Entry short,2026-02-26 14:18,S200643,25067.5,6,300810,-313.44,-0.10,7.44,332.28,0.11,-309.72,-0.10,-33392.76,-66.79,29
1088,Exit long,2026-02-27 09:33,L201735X,24903,3,148969.5,444.78,0.30,3.72,446.64,0.30,-147.36,-0.10,-32947.98,-65.90,3
1088,Entry long,2026-02-27 09:30,L201735,24828.25,3,148969.5,444.78,0.30,3.72,446.64,0.30,-147.36,-0.10,-32947.98,-65.90,3
1089,Exit short,2026-02-27 09:39,S201742X,24893.5,3,149058,-306.72,-0.21,3.72,14.64,0.01,-304.86,-0.20,-33254.7,-66.51,2
1089,Entry short,2026-02-27 09:37,S201742,24843,3,149058,-306.72,-0.21,3.72,14.64,0.01,-304.86,-0.20,-33254.7,-66.51,2
1090,Exit short,2026-02-27 09:46,S201747X,24875,3,148947,-306.72,-0.21,3.72,265.14,0.18,-304.86,-0.20,-33561.42,-67.12,4
1090,Entry short,2026-02-27 09:42,S201747,24824.5,3,148947,-306.72,-0.21,3.72,265.14,0.18,-304.86,-0.20,-33561.42,-67.12,4
1091,Exit short,2026-02-27 10:06,S201755X,24955.25,3,149428.5,-306.72,-0.21,3.72,326.64,0.22,-304.86,-0.20,-33868.14,-67.74,16
1091,Entry short,2026-02-27 09:50,S201755,24904.75,3,149428.5,-306.72,-0.21,3.72,326.64,0.22,-304.86,-0.20,-33868.14,-67.74,16
1092,Exit short,2026-02-27 10:44,S201774X,25006,3,149733,-306.72,-0.20,3.72,205.14,0.14,-304.86,-0.20,-34174.86,-68.35,35
1092,Entry short,2026-02-27 10:09,S201774,24955.5,3,149733,-306.72,-0.20,3.72,205.14,0.14,-304.86,-0.20,-34174.86,-68.35,35
1093,Exit short,2026-02-27 12:22,S201813X,24913,3,149926.5,444.78,0.30,3.72,446.64,0.30,-295.86,-0.20,-33730.08,-67.46,94
1093,Entry short,2026-02-27 10:48,S201813,24987.75,3,149926.5,444.78,0.30,3.72,446.64,0.30,-295.86,-0.20,-33730.08,-67.46,94
1094,Exit long,2026-02-27 14:04,L202005X,24946,6,298905,439.56,0.15,7.44,443.28,0.15,-12.72,0.00,-33290.52,-66.58,4
1094,Entry long,2026-02-27 14:00,L202005,24908.75,6,298905,439.56,0.15,7.44,443.28,0.15,-12.72,0.00,-33290.52,-66.58,4
1095,Exit short,2026-02-27 14:11,S202012X,24900,6,299247,439.56,0.15,7.44,443.28,0.15,-21.72,-0.01,-32850.96,-65.70,4
1095,Entry short,2026-02-27 14:07,S202012,24937.25,6,299247,439.56,0.15,7.44,443.28,0.15,-21.72,-0.01,-32850.96,-65.70,4
1096,Exit short,2026-02-27 15:10,S202034X,24931,6,298866,-313.44,-0.10,7.44,380.28,0.13,-309.72,-0.10,-33164.4,-66.33,41
1096,Entry short,2026-02-27 14:29,S202034,24905.5,6,298866,-313.44,-0.10,7.44,380.28,0.13,-309.72,-0.10,-33164.4,-66.33,41
1097,Exit long,2026-03-02 09:32,L203115X,24757.75,3,148098,444.78,0.30,3.72,446.64,0.30,-3.36,0.00,-32719.62,-65.44,2
1097,Entry long,2026-03-02 09:30,L203115,24683,3,148098,444.78,0.30,3.72,446.64,0.30,-3.36,0.00,-32719.62,-65.44,2
1098,Exit long,2026-03-02 10:07,L203119X,24908.25,3,149001,444.78,0.30,3.72,446.64,0.30,-231.36,-0.16,-32274.84,-64.55,33
1098,Entry long,2026-03-02 09:34,L203119,24833.5,3,149001,444.78,0.30,3.72,446.64,0.30,-231.36,-0.16,-32274.84,-64.55,33
1099,Exit short,2026-03-02 11:08,S203160X,24965.5,3,149490,-306.72,-0.21,3.72,436.14,0.29,-304.86,-0.20,-32581.56,-65.16,53
1099,Entry short,2026-03-02 10:15,S203160,24915,3,149490,-306.72,-0.21,3.72,436.14,0.29,-304.86,-0.20,-32581.56,-65.16,53
1100,Exit short,2026-03-02 14:04,S203385X,24997,6,299658,-313.44,-0.10,7.44,11.28,0.00,-309.72,-0.10,-32895,-65.79,4
1100,Entry short,2026-03-02 14:00,S203385,24971.5,6,299658,-313.44,-0.10,7.44,11.28,0.00,-309.72,-0.10,-32895,-65.79,4
1101,Exit long,2026-03-02 14:10,L203389X,25034.75,6,299970,439.56,0.15,7.44,443.28,0.15,-120.72,-0.04,-32455.44,-64.91,6
1101,Entry long,2026-03-02 14:04,L203389,24997.5,6,299970,439.56,0.15,7.44,443.28,0.15,-120.72,-0.04,-32455.44,-64.91,6
1102,Exit short,2026-03-02 14:37,S203408X,25097.75,6,300867,-313.44,-0.10,7.44,182.28,0.06,-309.72,-0.10,-32768.88,-65.54,14
1102,Entry short,2026-03-02 14:23,S203408,25072.25,6,300867,-313.44,-0.10,7.44,182.28,0.06,-309.72,-0.10,-32768.88,-65.54,14
1103,Exit short,2026-03-02 15:06,S203423X,25051.25,6,301062,439.56,0.15,7.44,443.28,0.15,-141.72,-0.05,-32329.32,-64.66,28
1103,Entry short,2026-03-02 14:38,S203423,25088.5,6,301062,439.56,0.15,7.44,443.28,0.15,-141.72,-0.05,-32329.32,-64.66,28
1104,Exit long,2026-03-03 09:34,L204495X,24560.25,3,147664.5,-306.72,-0.21,3.72,95.64,0.06,-304.86,-0.21,-32636.04,-65.27,4
1104,Entry long,2026-03-03 09:30,L204495,24610.75,3,147664.5,-306.72,-0.21,3.72,95.64,0.06,-304.86,-0.21,-32636.04,-65.27,4
1105,Exit short,2026-03-03 09:36,S204499X,24578,3,147165,-306.72,-0.21,3.72,149.64,0.10,-304.86,-0.21,-32942.76,-65.89,2
1105,Entry short,2026-03-03 09:34,S204499,24527.5,3,147165,-306.72,-0.21,3.72,149.64,0.10,-304.86,-0.21,-32942.76,-65.89,2
1106,Exit short,2026-03-03 09:44,S204504X,24518.25,3,147558,444.78,0.30,3.72,446.64,0.30,-121.86,-0.08,-32497.98,-65.00,5
1106,Entry short,2026-03-03 09:39,S204504,24593,3,147558,444.78,0.30,3.72,446.64,0.30,-121.86,-0.08,-32497.98,-65.00,5
1107,Exit short,2026-03-03 09:58,S204512X,24483.5,3,147349.5,444.78,0.30,3.72,446.64,0.30,-54.36,-0.04,-32053.2,-64.11,11
1107,Entry short,2026-03-03 09:47,S204512,24558.25,3,147349.5,444.78,0.30,3.72,446.64,0.30,-54.36,-0.04,-32053.2,-64.11,11
1108,Exit long,2026-03-03 10:04,L204525X,24463.25,3,147082.5,-306.72,-0.21,3.72,190.14,0.13,-304.86,-0.21,-32359.92,-64.72,4
1108,Entry long,2026-03-03 10:00,L204525,24513.75,3,147082.5,-306.72,-0.21,3.72,190.14,0.13,-304.86,-0.21,-32359.92,-64.72,4
1109,Exit long,2026-03-03 10:16,L204531X,24470,3,147123,-306.72,-0.21,3.72,187.14,0.13,-304.86,-0.21,-32666.64,-65.33,10
1109,Entry long,2026-03-03 10:06,L204531,24520.5,3,147123,-306.72,-0.21,3.72,187.14,0.13,-304.86,-0.21,-32666.64,-65.33,10
1110,Exit long,2026-03-03 10:36,L204555X,24450.75,3,146256,444.78,0.30,3.72,446.64,0.31,-18.36,-0.01,-32221.86,-64.44,6
1110,Entry long,2026-03-03 10:30,L204555,24376,3,146256,444.78,0.30,3.72,446.64,0.31,-18.36,-0.01,-32221.86,-64.44,6
1111,Exit long,2026-03-03 10:50,L204561X,24391.25,3,146650.5,-306.72,-0.21,3.72,181.14,0.12,-304.86,-0.21,-32528.58,-65.06,14
1111,Entry long,2026-03-03 10:36,L204561,24441.75,3,146650.5,-306.72,-0.21,3.72,181.14,0.12,-304.86,-0.21,-32528.58,-65.06,14
1112,Exit long,2026-03-03 11:03,L204581X,24478.5,3,146422.5,444.78,0.30,3.72,446.64,0.31,-79.86,-0.05,-32083.8,-64.17,7
1112,Entry long,2026-03-03 10:56,L204581,24403.75,3,146422.5,444.78,0.30,3.72,446.64,0.31,-79.86,-0.05,-32083.8,-64.17,7
1113,Exit short,2026-03-03 14:08,S204765X,24761.75,6,297588,439.56,0.15,7.44,443.28,0.15,-180.72,-0.06,-31644.24,-63.29,8
1113,Entry short,2026-03-03 14:00,S204765,24799,6,297588,439.56,0.15,7.44,443.28,0.15,-180.72,-0.06,-31644.24,-63.29,8
1114,Exit long,2026-03-04 09:36,L205875X,24884.25,3,149608.5,-306.72,-0.21,3.72,212.64,0.14,-304.86,-0.20,-31950.96,-63.90,6
1114,Entry long,2026-03-04 09:30,L205875,24934.75,3,149608.5,-306.72,-0.21,3.72,212.64,0.14,-304.86,-0.20,-31950.96,-63.90,6
1115,Exit short,2026-03-04 09:47,S205885X,24914,3,149181,-306.72,-0.21,3.72,298.14,0.20,-304.86,-0.20,-32257.68,-64.52,7
1115,Entry short,2026-03-04 09:40,S205885,24863.5,3,149181,-306.72,-0.21,3.72,298.14,0.20,-304.86,-0.20,-32257.68,-64.52,7
1116,Exit short,2026-03-04 09:52,S205895X,24922.75,3,149233.5,-306.72,-0.21,3.72,7.14,0.00,-304.86,-0.20,-32564.4,-65.13,2
1116,Entry short,2026-03-04 09:50,S205895,24872.25,3,149233.5,-306.72,-0.21,3.72,7.14,0.00,-304.86,-0.20,-32564.4,-65.13,2
1117,Exit short,2026-03-04 10:00,S205900X,24957,3,149439,-306.72,-0.21,3.72,157.14,0.11,-304.86,-0.20,-32871.12,-65.74,5
1117,Entry short,2026-03-04 09:55,S205900,24906.5,3,149439,-306.72,-0.21,3.72,157.14,0.11,-304.86,-0.20,-32871.12,-65.74,5
1118,Exit short,2026-03-04 10:13,S205907X,25004.75,3,149725.5,-306.72,-0.20,3.72,382.14,0.26,-304.86,-0.20,-33177.84,-66.36,11
1118,Entry short,2026-03-04 10:02,S205907,24954.25,3,149725.5,-306.72,-0.20,3.72,382.14,0.26,-304.86,-0.20,-33177.84,-66.36,11
1119,Exit short,2026-03-04 10:19,S205919X,25027.75,3,149863.5,-306.72,-0.20,3.72,16.14,0.01,-304.86,-0.20,-33484.56,-66.97,5
1119,Entry short,2026-03-04 10:14,S205919,24977.25,3,149863.5,-306.72,-0.20,3.72,16.14,0.01,-304.86,-0.20,-33484.56,-66.97,5
1120,Exit short,2026-03-04 10:45,S205938X,25047.5,3,150733.5,444.78,0.30,3.72,446.64,0.30,-46.86,-0.03,-33039.78,-66.08,12
1120,Entry short,2026-03-04 10:33,S205938,25122.25,3,150733.5,444.78,0.30,3.72,446.64,0.30,-46.86,-0.03,-33039.78,-66.08,12
1121,Exit short,2026-03-04 10:55,S205950X,25095.5,3,150270,-306.72,-0.20,3.72,46.14,0.03,-304.86,-0.20,-33346.5,-66.69,10
1121,Entry short,2026-03-04 10:45,S205950,25045,3,150270,-306.72,-0.20,3.72,46.14,0.03,-304.86,-0.20,-33346.5,-66.69,10
1122,Exit short,2026-03-04 14:10,S206145X,25216.25,6,302289,-313.44,-0.10,7.44,8.28,0.00,-309.72,-0.10,-33659.94,-67.32,10
1122,Entry short,2026-03-04 14:00,S206145,25190.75,6,302289,-313.44,-0.10,7.44,8.28,0.00,-309.72,-0.10,-33659.94,-67.32,10
1123,Exit short,2026-03-04 15:07,S206164X,25170.25,6,302490,439.56,0.15,7.44,443.28,0.15,-36.72,-0.01,-33220.38,-66.44,48
1123,Entry short,2026-03-04 14:19,S206164,25207.5,6,302490,439.56,0.15,7.44,443.28,0.15,-36.72,-0.01,-33220.38,-66.44,48
1124,Exit long,2026-03-05 09:36,L207255X,25111.5,3,150220.5,444.78,0.30,3.72,446.64,0.30,-85.86,-0.06,-32775.6,-65.55,6
1124,Entry long,2026-03-05 09:30,L207255,25036.75,3,150220.5,444.78,0.30,3.72,446.64,0.30,-85.86,-0.06,-32775.6,-65.55,6
1125,Exit short,2026-03-05 09:48,S207265X,25113.5,3,150378,-306.72,-0.20,3.72,164.64,0.11,-304.86,-0.20,-33082.32,-66.16,8
1125,Entry short,2026-03-05 09:40,S207265,25063,3,150378,-306.72,-0.20,3.72,164.64,0.11,-304.86,-0.20,-33082.32,-66.16,8
1126,Exit short,2026-03-05 09:51,S207274X,25138.75,3,150529.5,-306.72,-0.20,3.72,50.64,0.03,-304.86,-0.20,-33389.04,-66.78,2
1126,Entry short,2026-03-05 09:49,S207274,25088.25,3,150529.5,-306.72,-0.20,3.72,50.64,0.03,-304.86,-0.20,-33389.04,-66.78,2
1127,Exit short,2026-03-05 10:17,S207286X,25108.5,3,151099.5,444.78,0.29,3.72,446.64,0.30,-84.36,-0.06,-32944.26,-65.89,16
1127,Entry short,2026-03-05 10:01,S207286,25183.25,3,151099.5,444.78,0.29,3.72,446.64,0.30,-84.36,-0.06,-32944.26,-65.89,16
1128,Exit short,2026-03-05 10:27,S207306X,25010,3,150508.5,444.78,0.30,3.72,446.64,0.30,-22.86,-0.02,-32499.48,-65.00,6
1128,Entry short,2026-03-05 10:21,S207306,25084.75,3,150508.5,444.78,0.30,3.72,446.64,0.30,-22.86,-0.02,-32499.48,-65.00,6
1129,Exit long,2026-03-05 10:40,L207318X,25051,3,149857.5,444.78,0.30,3.72,446.64,0.30,-106.86,-0.07,-32054.7,-64.11,7
1129,Entry long,2026-03-05 10:33,L207318,24976.25,3,149857.5,444.78,0.30,3.72,446.64,0.30,-106.86,-0.07,-32054.7,-64.11,7
1130,Exit short,2026-03-05 10:48,S207328X,25078.25,3,150166.5,-306.72,-0.20,3.72,32.64,0.02,-304.86,-0.20,-32361.42,-64.72,5
1130,Entry short,2026-03-05 10:43,S207328,25027.75,3,150166.5,-306.72,-0.20,3.72,32.64,0.02,-304.86,-0.20,-32361.42,-64.72,5
1131,Exit short,2026-03-05 10:53,S207334X,25091,3,150243,-306.72,-0.20,3.72,25.14,0.02,-304.86,-0.20,-32668.14,-65.34,4
1131,Entry short,2026-03-05 10:49,S207334,25040.5,3,150243,-306.72,-0.20,3.72,25.14,0.02,-304.86,-0.20,-32668.14,-65.34,4
1132,Exit short,2026-03-05 11:11,S207341X,24977.25,3,150312,444.78,0.30,3.72,446.64,0.30,-244.86,-0.16,-32223.36,-64.45,15
1132,Entry short,2026-03-05 10:56,S207341,25052,3,150312,444.78,0.30,3.72,446.64,0.30,-244.86,-0.16,-32223.36,-64.45,15
1133,Exit long,2026-03-05 15:04,L207525X,24901,3,148957.5,444.78,0.30,3.72,446.64,0.30,-202.86,-0.14,-31778.58,-63.56,64
1133,Entry long,2026-03-05 14:00,L207525,24826.25,3,148957.5,444.78,0.30,3.72,446.64,0.30,-202.86,-0.14,-31778.58,-63.56,64
1134,Exit short,2026-03-06 09:33,S208635X,24732.5,3,148092,-306.72,-0.21,3.72,176.64,0.12,-304.86,-0.21,-32085.3,-64.17,3
1134,Entry short,2026-03-06 09:30,S208635,24682,3,148092,-306.72,-0.21,3.72,176.64,0.12,-304.86,-0.21,-32085.3,-64.17,3
1135,Exit short,2026-03-06 10:23,S208681X,24816.5,3,148596,-306.72,-0.21,3.72,34.14,0.02,-304.86,-0.21,-32392.02,-64.78,7
1135,Entry short,2026-03-06 10:16,S208681,24766,3,148596,-306.72,-0.21,3.72,34.14,0.02,-304.86,-0.21,-32392.02,-64.78,7
1136,Exit short,2026-03-06 10:38,S208698X,24891.5,3,149046,-306.72,-0.21,3.72,53.64,0.04,-304.86,-0.20,-32698.74,-65.40,5
1136,Entry short,2026-03-06 10:33,S208698,24841,3,149046,-306.72,-0.21,3.72,53.64,0.04,-304.86,-0.20,-32698.74,-65.40,5
1137,Exit short,2026-03-06 10:50,S208705X,24783.25,3,149148,444.78,0.30,3.72,446.64,0.30,-27.36,-0.02,-32253.96,-64.51,10
1137,Entry short,2026-03-06 10:40,S208705,24858,3,149148,444.78,0.30,3.72,446.64,0.30,-27.36,-0.02,-32253.96,-64.51,10
1138,Exit short,2026-03-06 10:55,S208715X,24812.25,3,148570.5,-306.72,-0.21,3.72,56.64,0.04,-304.86,-0.21,-32560.68,-65.12,5
1138,Entry short,2026-03-06 10:50,S208715,24761.75,3,148570.5,-306.72,-0.21,3.72,56.64,0.04,-304.86,-0.21,-32560.68,-65.12,5
1139,Exit long,2026-03-06 14:13,L208905X,24848.5,6,297735,439.56,0.15,7.44,443.28,0.15,-255.72,-0.09,-32121.12,-64.24,13
1139,Entry long,2026-03-06 14:00,L208905,24811.25,6,297735,439.56,0.15,7.44,443.28,0.15,-255.72,-0.09,-32121.12,-64.24,13
1140,Exit short,2026-03-06 14:23,S208922X,24790.75,6,297936,439.56,0.15,7.44,443.28,0.15,-81.72,-0.03,-31681.56,-63.36,6
1140,Entry short,2026-03-06 14:17,S208922,24828,6,297936,439.56,0.15,7.44,443.28,0.15,-81.72,-0.03,-31681.56,-63.36,6
1141,Exit short,2026-03-06 14:47,S208937X,24778.25,6,297786,439.56,0.15,7.44,443.28,0.15,-297.72,-0.10,-31242,-62.48,15
1141,Entry short,2026-03-06 14:32,S208937,24815.5,6,297786,439.56,0.15,7.44,443.28,0.15,-297.72,-0.10,-31242,-62.48,15
1142,Exit long,2026-03-06 15:01,L208957X,24837.25,6,297600,439.56,0.15,7.44,443.28,0.15,-141.72,-0.05,-30802.44,-61.60,9
1142,Entry long,2026-03-06 14:52,L208957,24800,6,297600,439.56,0.15,7.44,443.28,0.15,-141.72,-0.05,-30802.44,-61.60,9
1143,Exit long,2026-03-09 09:33,L210015X,24461.25,3,147070.5,-306.72,-0.21,3.72,83.64,0.06,-304.86,-0.21,-31109.16,-62.22,3
1143,Entry long,2026-03-09 09:30,L210015,24511.75,3,147070.5,-306.72,-0.21,3.72,83.64,0.06,-304.86,-0.21,-31109.16,-62.22,3
1144,Exit long,2026-03-09 09:51,L210028X,24334.25,3,146308.5,-306.72,-0.21,3.72,209.64,0.14,-304.86,-0.21,-31415.88,-62.83,8
1144,Entry long,2026-03-09 09:43,L210028,24384.75,3,146308.5,-306.72,-0.21,3.72,209.64,0.14,-304.86,-0.21,-31415.88,-62.83,8
1145,Exit long,2026-03-09 10:04,L210040X,24453.75,3,146274,444.78,0.30,3.72,446.64,0.31,-169.86,-0.12,-30971.1,-61.94,9
1145,Entry long,2026-03-09 09:55,L210040,24379,3,146274,444.78,0.30,3.72,446.64,0.31,-169.86,-0.12,-30971.1,-61.94,9
1146,Exit long,2026-03-09 10:22,L210059X,24432.25,3,146145,444.78,0.30,3.72,446.64,0.31,-102.36,-0.07,-30526.32,-61.05,8
1146,Entry long,2026-03-09 10:14,L210059,24357.5,3,146145,444.78,0.30,3.72,446.64,0.31,-102.36,-0.07,-30526.32,-61.05,8
1147,Exit short,2026-03-09 11:12,S210101X,24601.5,3,147306,-306.72,-0.21,3.72,67.14,0.05,-304.86,-0.21,-30833.04,-61.67,16
1147,Entry short,2026-03-09 10:56,S210101,24551,3,147306,-306.72,-0.21,3.72,67.14,0.05,-304.86,-0.21,-30833.04,-61.67,16
1148,Exit long,2026-03-09 14:19,L210285X,24660.75,6,295482,439.56,0.15,7.44,443.28,0.15,-135.72,-0.05,-30393.48,-60.79,19
1148,Entry long,2026-03-09 14:00,L210285,24623.5,6,295482,439.56,0.15,7.44,443.28,0.15,-135.72,-0.05,-30393.48,-60.79,19
1149,Exit short,2026-03-09 14:32,S210306X,24672.5,6,295764,-313.44,-0.11,7.44,206.28,0.07,-309.72,-0.10,-30706.92,-61.41,11
1149,Entry short,2026-03-09 14:21,S210306,24647,6,295764,-313.44,-0.11,7.44,206.28,0.07,-309.72,-0.10,-30706.92,-61.41,11
1150,Exit short,2026-03-09 14:58,S210322X,24651.5,6,296265,439.56,0.15,7.44,443.28,0.15,-237.72,-0.08,-30267.36,-60.53,21
1150,Entry short,2026-03-09 14:37,S210322,24688.75,6,296265,439.56,0.15,7.44,443.28,0.15,-237.72,-0.08,-30267.36,-60.53,21
1151,Exit short,2026-03-09 15:11,S210343X,24679,6,295842,-313.44,-0.11,7.44,149.28,0.05,-309.72,-0.10,-30580.8,-61.16,13
1151,Entry short,2026-03-09 14:58,S210343,24653.5,6,295842,-313.44,-0.11,7.44,149.28,0.05,-309.72,-0.10,-30580.8,-61.16,13
1152,Exit long,2026-03-10 09:35,L211395X,24996.5,3,150282,-306.72,-0.20,3.72,202.14,0.13,-304.86,-0.20,-30887.52,-61.78,5
1152,Entry long,2026-03-10 09:30,L211395,25047,3,150282,-306.72,-0.20,3.72,202.14,0.13,-304.86,-0.20,-30887.52,-61.78,5
1153,Exit short,2026-03-10 10:00,S211417X,24940,3,150088.5,444.78,0.30,3.72,446.64,0.30,-151.86,-0.10,-30442.74,-60.89,8
1153,Entry short,2026-03-10 09:52,S211417,25014.75,3,150088.5,444.78,0.30,3.72,446.64,0.30,-151.86,-0.10,-30442.74,-60.89,8
1154,Exit long,2026-03-10 10:08,L211429X,24916.5,3,149802,-306.72,-0.20,3.72,188.64,0.13,-304.86,-0.20,-30749.46,-61.50,4
1154,Entry long,2026-03-10 10:04,L211429,24967,3,149802,-306.72,-0.20,3.72,188.64,0.13,-304.86,-0.20,-30749.46,-61.50,4
1155,Exit long,2026-03-10 10:25,L211437X,25007,3,149593.5,444.78,0.30,3.72,446.64,0.30,-240.36,-0.16,-30304.68,-60.61,13
1155,Entry long,2026-03-10 10:12,L211437,24932.25,3,149593.5,444.78,0.30,3.72,446.64,0.30,-240.36,-0.16,-30304.68,-60.61,13
1156,Exit short,2026-03-10 10:56,S211472X,25137.5,3,150522,-306.72,-0.20,3.72,7.14,0.00,-304.86,-0.20,-30611.4,-61.22,9
1156,Entry short,2026-03-10 10:47,S211472,25087,3,150522,-306.72,-0.20,3.72,7.14,0.00,-304.86,-0.20,-30611.4,-61.22,9
1157,Exit short,2026-03-10 14:13,S211665X,25127.5,6,301977,439.56,0.15,7.44,443.28,0.15,-195.72,-0.06,-30171.84,-60.34,13
1157,Entry short,2026-03-10 14:00,S211665,25164.75,6,301977,439.56,0.15,7.44,443.28,0.15,-195.72,-0.06,-30171.84,-60.34,13
1158,Exit long,2026-03-10 14:36,L211691X,25034.75,3,150511.5,-306.72,-0.20,3.72,143.64,0.10,-304.86,-0.20,-30478.56,-60.96,10
1158,Entry long,2026-03-10 14:26,L211691,25085.25,3,150511.5,-306.72,-0.20,3.72,143.64,0.10,-304.86,-0.20,-30478.56,-60.96,10
1159,Exit long,2026-03-10 15:07,L211707X,25011.75,3,150373.5,-306.72,-0.20,3.72,149.64,0.10,-304.86,-0.20,-30785.28,-61.57,25
1159,Entry long,2026-03-10 14:42,L211707,25062.25,3,150373.5,-306.72,-0.20,3.72,149.64,0.10,-304.86,-0.20,-30785.28,-61.57,25
1160,Exit long,2026-03-11 09:50,L212775X,25034,3,150507,-306.72,-0.20,3.72,184.14,0.12,-304.86,-0.20,-31092,-62.18,20
1160,Entry long,2026-03-11 09:30,L212775,25084.5,3,150507,-306.72,-0.20,3.72,184.14,0.12,-304.86,-0.20,-31092,-62.18,20
1161,Exit short,2026-03-11 10:23,S212811X,25026.75,3,150609,444.78,0.30,3.72,446.64,0.30,-100.86,-0.07,-30647.22,-61.29,17
1161,Entry short,2026-03-11 10:06,S212811,25101.5,3,150609,444.78,0.30,3.72,446.64,0.30,-100.86,-0.07,-30647.22,-61.29,17
1162,Exit long,2026-03-11 10:33,L212834X,24977.5,3,150168,-306.72,-0.20,3.72,100.14,0.07,-304.86,-0.20,-30953.94,-61.91,4
1162,Entry long,2026-03-11 10:29,L212834,25028,3,150168,-306.72,-0.20,3.72,100.14,0.07,-304.86,-0.20,-30953.94,-61.91,4
1163,Exit long,2026-03-11 10:50,L212840X,25059.75,3,149910,444.78,0.30,3.72,446.64,0.30,-6.36,0.00,-30509.16,-61.02,15
1163,Entry long,2026-03-11 10:35,L212840,24985,3,149910,444.78,0.30,3.72,446.64,0.30,-6.36,0.00,-30509.16,-61.02,15
1164,Exit short,2026-03-11 14:10,S213045X,24913.75,6,299412,439.56,0.15,7.44,443.28,0.15,-99.72,-0.03,-30069.6,-60.14,10
1164,Entry short,2026-03-11 14:00,S213045,24951,6,299412,439.56,0.15,7.44,443.28,0.15,-99.72,-0.03,-30069.6,-60.14,10
1165,Exit long,2026-03-11 14:21,L213058X,24943.5,6,298875,439.56,0.15,7.44,443.28,0.15,-78.72,-0.03,-29630.04,-59.26,8
1165,Entry long,2026-03-11 14:13,L213058,24906.25,6,298875,439.56,0.15,7.44,443.28,0.15,-78.72,-0.03,-29630.04,-59.26,8
1166,Exit long,2026-03-11 15:15,L213072X,24915.5,6,299292,-313.44,-0.10,7.44,434.28,0.15,-309.72,-0.10,-29943.48,-59.89,48
1166,Entry long,2026-03-11 14:27,L213072,24941,6,299292,-313.44,-0.10,7.44,434.28,0.15,-309.72,-0.10,-29943.48,-59.89,48
1167,Exit long,2026-03-12 09:45,L214155X,24730.5,3,148686,-306.72,-0.21,3.72,320.64,0.22,-304.86,-0.21,-30250.2,-60.50,15
1167,Entry long,2026-03-12 09:30,L214155,24781,3,148686,-306.72,-0.21,3.72,320.64,0.22,-304.86,-0.21,-30250.2,-60.50,15
1168,Exit long,2026-03-12 09:54,L214173X,24664.5,3,148290,-306.72,-0.21,3.72,310.14,0.21,-304.86,-0.21,-30556.92,-61.11,6
1168,Entry long,2026-03-12 09:48,L214173,24715,3,148290,-306.72,-0.21,3.72,310.14,0.21,-304.86,-0.21,-30556.92,-61.11,6
1169,Exit long,2026-03-12 10:03,L214182X,24732.25,3,147945,444.78,0.30,3.72,446.64,0.30,-94.86,-0.06,-30112.14,-60.22,6
1169,Entry long,2026-03-12 09:57,L214182,24657.5,3,147945,444.78,0.30,3.72,446.64,0.30,-94.86,-0.06,-30112.14,-60.22,6
1170,Exit long,2026-03-12 10:18,L214188X,24686.75,3,148423.5,-306.72,-0.21,3.72,74.64,0.05,-304.86,-0.21,-30418.86,-60.84,15
1170,Entry long,2026-03-12 10:03,L214188,24737.25,3,148423.5,-306.72,-0.21,3.72,74.64,0.05,-304.86,-0.21,-30418.86,-60.84,15
1171,Exit long,2026-03-12 10:38,L214220X,24574.25,3,147748.5,-306.72,-0.21,3.72,47.64,0.03,-304.86,-0.21,-30725.58,-61.45,3
1171,Entry long,2026-03-12 10:35,L214220,24624.75,3,147748.5,-306.72,-0.21,3.72,47.64,0.03,-304.86,-0.21,-30725.58,-61.45,3
1172,Exit long,2026-03-12 10:46,L214228X,24697,3,147733.5,444.78,0.30,3.72,446.64,0.30,-19.86,-0.01,-30280.8,-60.56,3
1172,Entry long,2026-03-12 10:43,L214228,24622.25,3,147733.5,444.78,0.30,3.72,446.64,0.30,-19.86,-0.01,-30280.8,-60.56,3
1173,Exit long,2026-03-12 10:48,L214231X,24653.5,3,148224,-306.72,-0.21,3.72,22.14,0.01,-304.86,-0.21,-30587.52,-61.18,2
1173,Entry long,2026-03-12 10:46,L214231,24704,3,148224,-306.72,-0.21,3.72,22.14,0.01,-304.86,-0.21,-30587.52,-61.18,2
1174,Exit long,2026-03-12 14:21,L214425X,24617.75,6,295719,-313.44,-0.11,7.44,335.28,0.11,-309.72,-0.10,-30900.96,-61.80,21
1174,Entry long,2026-03-12 14:00,L214425,24643.25,6,295719,-313.44,-0.11,7.44,335.28,0.11,-309.72,-0.10,-30900.96,-61.80,21
1175,Exit long,2026-03-12 15:02,L214462X,24590,6,295386,-313.44,-0.11,7.44,215.28,0.07,-309.72,-0.10,-31214.4,-62.43,25
1175,Entry long,2026-03-12 14:37,L214462,24615.5,6,295386,-313.44,-0.11,7.44,215.28,0.07,-309.72,-0.10,-31214.4,-62.43,25
1176,Exit long,2026-03-13 09:36,L215535X,24616.5,3,148002,-306.72,-0.21,3.72,205.14,0.14,-304.86,-0.21,-31521.12,-63.04,6
1176,Entry long,2026-03-13 09:30,L215535,24667,3,148002,-306.72,-0.21,3.72,205.14,0.14,-304.86,-0.21,-31521.12,-63.04,6
1177,Exit short,2026-03-13 10:03,S215553X,24695.75,3,148623,444.78,0.30,3.72,446.64,0.30,-160.86,-0.11,-31076.34,-62.15,15
1177,Entry short,2026-03-13 09:48,S215553,24770.5,3,148623,444.78,0.30,3.72,446.64,0.30,-160.86,-0.11,-31076.34,-62.15,15
1178,Exit short,2026-03-13 10:31,S215575X,24719.25,3,148012.5,-306.72,-0.21,3.72,208.14,0.14,-304.86,-0.21,-31383.06,-62.77,21
1178,Entry short,2026-03-13 10:10,S215575,24668.75,3,148012.5,-306.72,-0.21,3.72,208.14,0.14,-304.86,-0.21,-31383.06,-62.77,21
1179,Exit short,2026-03-13 10:40,S215598X,24631,3,148234.5,444.78,0.30,3.72,446.64,0.30,-4.86,0.00,-30938.28,-61.88,7
1179,Entry short,2026-03-13 10:33,S215598,24705.75,3,148234.5,444.78,0.30,3.72,446.64,0.30,-4.86,0.00,-30938.28,-61.88,7
1180,Exit long,2026-03-13 10:56,L215613X,24518.25,3,147412.5,-306.72,-0.21,3.72,172.14,0.12,-304.86,-0.21,-31245,-62.49,8
1180,Entry long,2026-03-13 10:48,L215613,24568.75,3,147412.5,-306.72,-0.21,3.72,172.14,0.12,-304.86,-0.21,-31245,-62.49,8
1181,Exit long,2026-03-13 14:30,L215805X,24416.5,6,292551,439.56,0.15,7.44,443.28,0.15,-147.72,-0.05,-30805.44,-61.61,30
1181,Entry long,2026-03-13 14:00,L215805,24379.25,6,292551,439.56,0.15,7.44,443.28,0.15,-147.72,-0.05,-30805.44,-61.61,30
1182,Exit short,2026-03-13 14:47,S215842X,24463.25,6,293253,-313.44,-0.11,7.44,35.28,0.01,-309.72,-0.11,-31118.88,-62.24,10
1182,Entry short,2026-03-13 14:37,S215842,24437.75,6,293253,-313.44,-0.11,7.44,35.28,0.01,-309.72,-0.11,-31118.88,-62.24,10
1183,Exit short,2026-03-13 15:05,S215858X,24416.5,6,293445,439.56,0.15,7.44,443.28,0.15,-171.72,-0.06,-30679.32,-61.36,12
1183,Entry short,2026-03-13 14:53,S215858,24453.75,6,293445,439.56,0.15,7.44,443.28,0.15,-171.72,-0.06,-30679.32,-61.36,12
1184,Exit short,2026-03-16 09:33,S216915X,24698.75,3,147889.5,-306.72,-0.21,3.72,0,0.00,-304.86,-0.21,-30986.04,-61.97,3
1184,Entry short,2026-03-16 09:30,S216915,24648.25,3,147889.5,-306.72,-0.21,3.72,0,0.00,-304.86,-0.21,-30986.04,-61.97,3
1185,Exit long,2026-03-16 09:37,L216918X,24681,6,296478,-313.44,-0.11,7.44,122.28,0.04,-309.72,-0.10,-31299.48,-62.60,4
1185,Entry long,2026-03-16 09:33,L216918,24706.5,6,296478,-313.44,-0.11,7.44,122.28,0.04,-309.72,-0.10,-31299.48,-62.60,4
1186,Exit short,2026-03-16 09:45,S216922X,24722,6,296358,-313.44,-0.11,7.44,431.28,0.15,-309.72,-0.10,-31612.92,-63.23,8
1186,Entry short,2026-03-16 09:37,S216922,24696.5,6,296358,-313.44,-0.11,7.44,431.28,0.15,-309.72,-0.10,-31612.92,-63.23,8
1187,Exit short,2026-03-16 10:10,S216933X,24752.25,3,148210.5,-306.72,-0.21,3.72,125.64,0.08,-304.86,-0.21,-31919.64,-63.84,22
1187,Entry short,2026-03-16 09:48,S216933,24701.75,3,148210.5,-306.72,-0.21,3.72,125.64,0.08,-304.86,-0.21,-31919.64,-63.84,22
1188,Exit short,2026-03-16 10:38,S216957X,24652.25,3,148362,444.78,0.30,3.72,446.64,0.30,-234.36,-0.16,-31474.86,-62.95,26
1188,Entry short,2026-03-16 10:12,S216957,24727,3,148362,444.78,0.30,3.72,446.64,0.30,-234.36,-0.16,-31474.86,-62.95,26
1189,Exit short,2026-03-16 14:06,S217185X,24705.75,6,296163,-313.44,-0.11,7.44,41.28,0.01,-309.72,-0.10,-31788.3,-63.58,6
1189,Entry short,2026-03-16 14:00,S217185,24680.25,6,296163,-313.44,-0.11,7.44,41.28,0.01,-309.72,-0.10,-31788.3,-63.58,6
1190,Exit short,2026-03-16 14:26,S217196X,24726.25,6,296409,-313.44,-0.11,7.44,53.28,0.02,-309.72,-0.10,-32101.74,-64.20,15
1190,Entry short,2026-03-16 14:11,S217196,24700.75,6,296409,-313.44,-0.11,7.44,53.28,0.02,-309.72,-0.10,-32101.74,-64.20,15
1191,Exit short,2026-03-16 15:09,S217213X,24738.5,6,296556,-313.44,-0.11,7.44,314.28,0.11,-309.72,-0.10,-32415.18,-64.83,41
1191,Entry short,2026-03-16 14:28,S217213,24713,6,296556,-313.44,-0.11,7.44,314.28,0.11,-309.72,-0.10,-32415.18,-64.83,41
1192,Exit long,2026-03-17 09:45,L218295X,25076.5,3,150010.5,444.78,0.30,3.72,446.64,0.30,-120.36,-0.08,-31970.4,-63.94,15
1192,Entry long,2026-03-17 09:30,L218295,25001.75,3,150010.5,444.78,0.30,3.72,446.64,0.30,-120.36,-0.08,-31970.4,-63.94,15
1193,Exit short,2026-03-17 10:03,S218315X,25060.75,6,301176,439.56,0.15,7.44,443.28,0.15,-117.72,-0.04,-31530.84,-63.06,13
1193,Entry short,2026-03-17 09:50,S218315,25098,6,301176,439.56,0.15,7.44,443.28,0.15,-117.72,-0.04,-31530.84,-63.06,13
1194,Exit short,2026-03-17 10:14,S218332X,25028.75,6,300792,439.56,0.15,7.44,443.28,0.15,-189.72,-0.06,-31091.28,-62.18,7
1194,Entry short,2026-03-17 10:07,S218332,25066,6,300792,439.56,0.15,7.44,443.28,0.15,-189.72,-0.06,-31091.28,-62.18,7
1195,Exit short,2026-03-17 10:19,S218339X,25050.75,6,300303,-313.44,-0.10,7.44,347.28,0.12,-309.72,-0.10,-31404.72,-62.81,5
1195,Entry short,2026-03-17 10:14,S218339,25025.25,6,300303,-313.44,-0.10,7.44,347.28,0.12,-309.72,-0.10,-31404.72,-62.81,5
1196,Exit short,2026-03-17 10:28,S218350X,25075.75,6,300603,-313.44,-0.10,7.44,14.28,0.00,-309.72,-0.10,-31718.16,-63.44,3
1196,Entry short,2026-03-17 10:25,S218350,25050.25,6,300603,-313.44,-0.10,7.44,14.28,0.00,-309.72,-0.10,-31718.16,-63.44,3
1197,Exit short,2026-03-17 10:43,S218363X,25074.75,6,300591,-313.44,-0.10,7.44,179.28,0.06,-309.72,-0.10,-32031.6,-64.06,5
1197,Entry short,2026-03-17 10:38,S218363,25049.25,6,300591,-313.44,-0.10,7.44,179.28,0.06,-309.72,-0.10,-32031.6,-64.06,5
1198,Exit short,2026-03-17 11:08,S218375X,25030.25,6,300810,439.56,0.15,7.44,443.28,0.15,-276.72,-0.09,-31592.04,-63.18,18
1198,Entry short,2026-03-17 10:50,S218375,25067.5,6,300810,439.56,0.15,7.44,443.28,0.15,-276.72,-0.09,-31592.04,-63.18,18
1199,Exit short,2026-03-17 14:07,S218565X,25054.75,6,300351,-313.44,-0.10,7.44,77.28,0.03,-309.72,-0.10,-31905.48,-63.81,7
1199,Entry short,2026-03-17 14:00,S218565,25029.25,6,300351,-313.44,-0.10,7.44,77.28,0.03,-309.72,-0.10,-31905.48,-63.81,7
1200,Exit short,2026-03-17 14:24,S218576X,25012,6,300591,439.56,0.15,7.44,443.28,0.15,-33.72,-0.01,-31465.92,-62.93,13
1200,Entry short,2026-03-17 14:11,S218576,25049.25,6,300591,439.56,0.15,7.44,443.28,0.15,-33.72,-0.01,-31465.92,-62.93,13
1201,Exit long,2026-03-17 15:06,L218597X,24983,6,300102,-313.44,-0.10,7.44,125.28,0.04,-309.72,-0.10,-31779.36,-63.56,34
1201,Entry long,2026-03-17 14:32,L218597,25008.5,6,300102,-313.44,-0.10,7.44,125.28,0.04,-309.72,-0.10,-31779.36,-63.56,34
1202,Exit short,2026-03-18 09:37,S219675X,24973.5,3,149538,-306.72,-0.21,3.72,113.64,0.08,-304.86,-0.20,-32086.08,-64.17,7
1202,Entry short,2026-03-18 09:30,S219675,24923,3,149538,-306.72,-0.21,3.72,113.64,0.08,-304.86,-0.20,-32086.08,-64.17,7
1203,Exit short,2026-03-18 09:46,S219688X,24995,3,149667,-306.72,-0.20,3.72,109.14,0.07,-304.86,-0.20,-32392.8,-64.79,3
1203,Entry short,2026-03-18 09:43,S219688,24944.5,3,149667,-306.72,-0.20,3.72,109.14,0.07,-304.86,-0.20,-32392.8,-64.79,3
1204,Exit short,2026-03-18 10:22,S219693X,24890,3,149788.5,444.78,0.30,3.72,446.64,0.30,-123.36,-0.08,-31948.02,-63.90,34
1204,Entry short,2026-03-18 09:48,S219693,24964.75,3,149788.5,444.78,0.30,3.72,446.64,0.30,-123.36,-0.08,-31948.02,-63.90,34
1205,Exit long,2026-03-18 11:06,L219735X,24911.25,3,149019,444.78,0.30,3.72,446.64,0.30,-105.36,-0.07,-31503.24,-63.01,36
1205,Entry long,2026-03-18 10:30,L219735,24836.5,3,149019,444.78,0.30,3.72,446.64,0.30,-105.36,-0.07,-31503.24,-63.01,36
1206,Exit long,2026-03-18 14:15,L219945X,24853.75,3,149425.5,-306.72,-0.21,3.72,73.14,0.05,-304.86,-0.20,-31809.96,-63.62,15
1206,Entry long,2026-03-18 14:00,L219945,24904.25,3,149425.5,-306.72,-0.21,3.72,73.14,0.05,-304.86,-0.20,-31809.96,-63.62,15
1207,Exit long,2026-03-18 14:32,L219971X,24824.75,6,298203,-313.44,-0.11,7.44,161.28,0.05,-309.72,-0.10,-32123.4,-64.25,6
1207,Entry long,2026-03-18 14:26,L219971,24850.25,6,298203,-313.44,-0.11,7.44,161.28,0.05,-309.72,-0.10,-32123.4,-64.25,6
1208,Exit long,2026-03-18 14:38,L219981X,24816.75,6,298107,-313.44,-0.11,7.44,170.28,0.06,-309.72,-0.10,-32436.84,-64.87,2
1208,Entry long,2026-03-18 14:36,L219981,24842.25,6,298107,-313.44,-0.11,7.44,170.28,0.06,-309.72,-0.10,-32436.84,-64.87,2
1209,Exit long,2026-03-18 14:51,L219987X,24775.75,3,148957.5,-306.72,-0.21,3.72,68.64,0.05,-304.86,-0.20,-32743.56,-65.49,9
1209,Entry long,2026-03-18 14:42,L219987,24826.25,3,148957.5,-306.72,-0.21,3.72,68.64,0.05,-304.86,-0.20,-32743.56,-65.49,9
1210,Exit long,2026-03-18 15:23,L220000X,24718.25,3,148612.5,-306.72,-0.21,3.72,193.14,0.13,-304.86,-0.21,-33050.28,-66.10,28
1210,Entry long,2026-03-18 14:55,L220000,24768.75,3,148612.5,-306.72,-0.21,3.72,193.14,0.13,-304.86,-0.21,-33050.28,-66.10,28
1211,Exit short,2026-03-19 09:41,S221055X,24423.25,3,146236.5,-306.72,-0.21,3.72,289.14,0.20,-304.86,-0.21,-33357,-66.71,11
1211,Entry short,2026-03-19 09:30,S221055,24372.75,3,146236.5,-306.72,-0.21,3.72,289.14,0.20,-304.86,-0.21,-33357,-66.71,11
1212,Exit short,2026-03-19 10:11,S221080X,24531.25,3,146884.5,-306.72,-0.21,3.72,106.14,0.07,-304.86,-0.21,-33663.72,-67.33,16
1212,Entry short,2026-03-19 09:55,S221080,24480.75,3,146884.5,-306.72,-0.21,3.72,106.14,0.07,-304.86,-0.21,-33663.72,-67.33,16
1213,Exit short,2026-03-19 10:27,S221098X,24423.75,3,146991,444.78,0.30,3.72,446.64,0.30,-99.36,-0.07,-33218.94,-66.44,14
1213,Entry short,2026-03-19 10:13,S221098,24498.5,3,146991,444.78,0.30,3.72,446.64,0.30,-99.36,-0.07,-33218.94,-66.44,14
1214,Exit short,2026-03-19 11:05,S221122X,24545,3,146967,-306.72,-0.21,3.72,274.14,0.19,-304.86,-0.21,-33525.66,-67.05,28
1214,Entry short,2026-03-19 10:37,S221122,24494.5,3,146967,-306.72,-0.21,3.72,274.14,0.19,-304.86,-0.21,-33525.66,-67.05,28
1215,Exit short,2026-03-19 14:10,S221325X,24471.75,6,293355,-313.44,-0.11,7.44,254.28,0.09,-309.72,-0.11,-33839.1,-67.68,10
1215,Entry short,2026-03-19 14:00,S221325,24446.25,6,293355,-313.44,-0.11,7.44,254.28,0.09,-309.72,-0.11,-33839.1,-67.68,10
1216,Exit short,2026-03-19 14:30,S221341X,24464.75,6,294024,439.56,0.15,7.44,443.28,0.15,-114.72,-0.04,-33399.54,-66.80,14
1216,Entry short,2026-03-19 14:16,S221341,24502,6,294024,439.56,0.15,7.44,443.28,0.15,-114.72,-0.04,-33399.54,-66.80,14
1217,Exit long,2026-03-19 14:57,L221371X,24475,6,293253,439.56,0.15,7.44,443.28,0.15,-249.72,-0.09,-32959.98,-65.92,11
1217,Entry long,2026-03-19 14:46,L221371,24437.75,6,293253,439.56,0.15,7.44,443.28,0.15,-249.72,-0.09,-32959.98,-65.92,11
1218,Exit short,2026-03-20 09:51,S222435X,24350,3,146548.5,444.78,0.30,3.72,446.64,0.30,-271.86,-0.19,-32515.2,-65.03,21
1218,Entry short,2026-03-20 09:30,S222435,24424.75,3,146548.5,444.78,0.30,3.72,446.64,0.30,-271.86,-0.19,-32515.2,-65.03,21
1219,Exit long,2026-03-20 09:58,L222459X,24313.25,3,146182.5,-306.72,-0.21,3.72,43.14,0.03,-304.86,-0.21,-32821.92,-65.64,4
1219,Entry long,2026-03-20 09:54,L222459,24363.75,3,146182.5,-306.72,-0.21,3.72,43.14,0.03,-304.86,-0.21,-32821.92,-65.64,4
1220,Exit long,2026-03-20 10:08,L222470X,24268,3,145911,-306.72,-0.21,3.72,59.64,0.04,-304.86,-0.21,-33128.64,-66.26,3
1220,Entry long,2026-03-20 10:05,L222470,24318.5,3,145911,-306.72,-0.21,3.72,59.64,0.04,-304.86,-0.21,-33128.64,-66.26,3
1221,Exit long,2026-03-20 12:04,L222480X,24352.25,3,145665,444.78,0.31,3.72,446.64,0.31,-277.86,-0.19,-32683.86,-65.37,109
1221,Entry long,2026-03-20 10:15,L222480,24277.5,3,145665,444.78,0.31,3.72,446.64,0.31,-277.86,-0.19,-32683.86,-65.37,109
1222,Exit short,2026-03-20 14:17,S222705X,24173.25,6,290526,439.56,0.15,7.44,443.28,0.15,-30.72,-0.01,-32244.3,-64.49,17
1222,Entry short,2026-03-20 14:00,S222705,24210.5,6,290526,439.56,0.15,7.44,443.28,0.15,-30.72,-0.01,-32244.3,-64.49,17
1223,Exit long,2026-03-20 14:21,L222724X,24157,6,290190,-313.44,-0.11,7.44,92.28,0.03,-309.72,-0.11,-32557.74,-65.12,2
1223,Entry long,2026-03-20 14:19,L222724,24182.5,6,290190,-313.44,-0.11,7.44,92.28,0.03,-309.72,-0.11,-32557.74,-65.12,2
1224,Exit long,2026-03-20 14:36,L222730X,24115,6,289686,-313.44,-0.11,7.44,269.28,0.09,-309.72,-0.11,-32871.18,-65.74,11
1224,Entry long,2026-03-20 14:25,L222730,24140.5,6,289686,-313.44,-0.11,7.44,269.28,0.09,-309.72,-0.11,-32871.18,-65.74,11
1225,Exit long,2026-03-20 14:50,L222748X,24078.25,6,289245,-313.44,-0.11,7.44,20.28,0.01,-309.72,-0.11,-33184.62,-66.37,7
1225,Entry long,2026-03-20 14:43,L222748,24103.75,6,289245,-313.44,-0.11,7.44,20.28,0.01,-309.72,-0.11,-33184.62,-66.37,7
1226,Exit long,2026-03-20 15:11,L222756X,24068.5,6,289128,-313.44,-0.11,7.44,293.28,0.10,-309.72,-0.11,-33498.06,-67.00,20
1226,Entry long,2026-03-20 14:51,L222756,24094,6,289128,-313.44,-0.11,7.44,293.28,0.10,-309.72,-0.11,-33498.06,-67.00,20
1227,Exit short,2026-03-23 09:37,S223815X,24522,3,146829,-306.72,-0.21,3.72,164.64,0.11,-304.86,-0.21,-33804.78,-67.61,7
1227,Entry short,2026-03-23 09:30,S223815,24471.5,3,146829,-306.72,-0.21,3.72,164.64,0.11,-304.86,-0.21,-33804.78,-67.61,7
1228,Exit short,2026-03-23 09:49,S223832X,24571.5,3,147126,-306.72,-0.21,3.72,10.14,0.01,-304.86,-0.21,-34111.5,-68.22,2
1228,Entry short,2026-03-23 09:47,S223832,24521,3,147126,-306.72,-0.21,3.72,10.14,0.01,-304.86,-0.21,-34111.5,-68.22,2
1229,Exit short,2026-03-23 10:15,S223839X,24630.25,3,147478.5,-306.72,-0.21,3.72,314.64,0.21,-304.86,-0.21,-34418.22,-68.84,21
1229,Entry short,2026-03-23 09:54,S223839,24579.75,3,147478.5,-306.72,-0.21,3.72,314.64,0.21,-304.86,-0.21,-34418.22,-68.84,21
1230,Exit short,2026-03-23 11:10,S223872X,24686.25,3,147814.5,-306.72,-0.21,3.72,340.14,0.23,-304.86,-0.21,-34724.94,-69.45,43
1230,Entry short,2026-03-23 10:27,S223872,24635.75,3,147814.5,-306.72,-0.21,3.72,340.14,0.23,-304.86,-0.21,-34724.94,-69.45,43
1231,Exit short,2026-03-23 14:04,S224085X,24489.25,6,293565,-313.44,-0.11,7.44,68.28,0.02,-309.72,-0.11,-35038.38,-70.08,4
1231,Entry short,2026-03-23 14:00,S224085,24463.75,6,293565,-313.44,-0.11,7.44,68.28,0.02,-309.72,-0.11,-35038.38,-70.08,4
1232,Exit long,2026-03-23 14:37,L224095X,24536.5,3,146770.5,444.78,0.30,3.72,446.64,0.30,-172.86,-0.12,-34593.6,-69.19,27
1232,Entry long,2026-03-23 14:10,L224095,24461.75,3,146770.5,444.78,0.30,3.72,446.64,0.30,-172.86,-0.12,-34593.6,-69.19,27
1233,Exit short,2026-03-23 15:16,S224124X,24471.25,6,294102,439.56,0.15,7.44,443.28,0.15,-237.72,-0.08,-34154.04,-68.31,37
1233,Entry short,2026-03-23 14:39,S224124,24508.5,6,294102,439.56,0.15,7.44,443.28,0.15,-237.72,-0.08,-34154.04,-68.31,37
1234,Exit long,2026-03-24 09:39,L225195X,24213.5,3,145584,-306.72,-0.21,3.72,316.14,0.22,-304.86,-0.21,-34460.76,-68.92,9
1234,Entry long,2026-03-24 09:30,L225195,24264,3,145584,-306.72,-0.21,3.72,316.14,0.22,-304.86,-0.21,-34460.76,-68.92,9
1235,Exit long,2026-03-24 09:50,L225207X,24147.75,3,145189.5,-306.72,-0.21,3.72,182.64,0.13,-304.86,-0.21,-34767.48,-69.53,8
1235,Entry long,2026-03-24 09:42,L225207,24198.25,3,145189.5,-306.72,-0.21,3.72,182.64,0.13,-304.86,-0.21,-34767.48,-69.53,8
1236,Exit long,2026-03-24 10:00,L225217X,24252.5,3,145066.5,444.78,0.31,3.72,446.64,0.31,-123.36,-0.09,-34322.7,-68.65,8
1236,Entry long,2026-03-24 09:52,L225217,24177.75,3,145066.5,444.78,0.31,3.72,446.64,0.31,-123.36,-0.09,-34322.7,-68.65,8
1237,Exit long,2026-03-24 10:13,L225225X,24192,3,145455,-306.72,-0.21,3.72,233.64,0.16,-304.86,-0.21,-34629.42,-69.26,13
1237,Entry long,2026-03-24 10:00,L225225,24242.5,3,145455,-306.72,-0.21,3.72,233.64,0.16,-304.86,-0.21,-34629.42,-69.26,13
1238,Exit long,2026-03-24 10:51,L225251X,24280.75,3,145236,444.78,0.31,3.72,446.64,0.31,-139.86,-0.10,-34184.64,-68.37,25
1238,Entry long,2026-03-24 10:26,L225251,24206,3,145236,444.78,0.31,3.72,446.64,0.31,-139.86,-0.10,-34184.64,-68.37,25
1239,Exit short,2026-03-24 10:59,S225283X,24203,3,145666.5,444.78,0.31,3.72,446.64,0.31,-15.36,-0.01,-33739.86,-67.48,1
1239,Entry short,2026-03-24 10:58,S225283,24277.75,3,145666.5,444.78,0.31,3.72,446.64,0.31,-15.36,-0.01,-33739.86,-67.48,1
1240,Exit long,2026-03-24 14:39,L225465X,24332,3,145543.5,444.78,0.31,3.72,446.64,0.31,-292.86,-0.20,-33295.08,-66.59,39
1240,Entry long,2026-03-24 14:00,L225465,24257.25,3,145543.5,444.78,0.31,3.72,446.64,0.31,-292.86,-0.20,-33295.08,-66.59,39
1241,Exit short,2026-03-24 15:35,S225506X,24224.5,3,145795.5,444.78,0.31,3.72,446.64,0.31,-123.36,-0.08,-32850.3,-65.70,54
1241,Entry short,2026-03-24 14:41,S225506,24299.25,3,145795.5,444.78,0.31,3.72,446.64,0.31,-123.36,-0.08,-32850.3,-65.70,54
1242,Exit long,2026-03-25 09:50,L226575X,24404,3,146727,-306.72,-0.21,3.72,427.14,0.29,-304.86,-0.21,-33157.02,-66.31,20
1242,Entry long,2026-03-25 09:30,L226575,24454.5,3,146727,-306.72,-0.21,3.72,427.14,0.29,-304.86,-0.21,-33157.02,-66.31,20
1243,Exit long,2026-03-25 10:00,L226600X,24334.25,3,146308.5,-306.72,-0.21,3.72,154.14,0.11,-304.86,-0.21,-33463.74,-66.93,5
1243,Entry long,2026-03-25 09:55,L226600,24384.75,3,146308.5,-306.72,-0.21,3.72,154.14,0.11,-304.86,-0.21,-33463.74,-66.93,5
1244,Exit long,2026-03-25 10:20,L226609X,24470,3,146371.5,444.78,0.30,3.72,446.64,0.31,-61.86,-0.04,-33018.96,-66.04,16
1244,Entry long,2026-03-25 10:04,L226609,24395.25,3,146371.5,444.78,0.30,3.72,446.64,0.31,-61.86,-0.04,-33018.96,-66.04,16
1245,Exit short,2026-03-25 10:25,S226629X,24502.75,3,146713.5,-306.72,-0.21,3.72,43.14,0.03,-304.86,-0.21,-33325.68,-66.65,1
1245,Entry short,2026-03-25 10:24,S226629,24452.25,3,146713.5,-306.72,-0.21,3.72,43.14,0.03,-304.86,-0.21,-33325.68,-66.65,1
1246,Exit short,2026-03-25 11:12,S226641X,24401.5,3,146857.5,444.78,0.30,3.72,446.64,0.30,-259.86,-0.18,-32880.9,-65.76,36
1246,Entry short,2026-03-25 10:36,S226641,24476.25,3,146857.5,444.78,0.30,3.72,446.64,0.30,-259.86,-0.18,-32880.9,-65.76,36
1247,Exit short,2026-03-25 14:17,S226845X,24447.25,6,293061,-313.44,-0.11,7.44,179.28,0.06,-309.72,-0.11,-33194.34,-66.39,17
1247,Entry short,2026-03-25 14:00,S226845,24421.75,6,293061,-313.44,-0.11,7.44,179.28,0.06,-309.72,-0.11,-33194.34,-66.39,17
1248,Exit short,2026-03-25 14:41,S226864X,24393.25,6,293166,439.56,0.15,7.44,443.28,0.15,-216.72,-0.07,-32754.78,-65.51,22
1248,Entry short,2026-03-25 14:19,S226864,24430.5,6,293166,439.56,0.15,7.44,443.28,0.15,-216.72,-0.07,-32754.78,-65.51,22
1249,Exit long,2026-03-25 14:55,L226891X,24373.5,6,292788,-313.44,-0.11,7.44,56.28,0.02,-309.72,-0.11,-33068.22,-66.14,9
1249,Entry long,2026-03-25 14:46,L226891,24399,6,292788,-313.44,-0.11,7.44,56.28,0.02,-309.72,-0.11,-33068.22,-66.14,9
1250,Exit short,2026-03-26 09:44,S227955X,24157.25,3,144640.5,-306.72,-0.21,3.72,242.64,0.17,-304.86,-0.21,-33374.94,-66.75,14
1250,Entry short,2026-03-26 09:30,S227955,24106.75,3,144640.5,-306.72,-0.21,3.72,242.64,0.17,-304.86,-0.21,-33374.94,-66.75,14
1251,Exit short,2026-03-26 09:52,S227974X,24215.75,3,144991.5,-306.72,-0.21,3.72,19.14,0.01,-304.86,-0.21,-33681.66,-67.36,3
1251,Entry short,2026-03-26 09:49,S227974,24165.25,3,144991.5,-306.72,-0.21,3.72,19.14,0.01,-304.86,-0.21,-33681.66,-67.36,3
1252,Exit short,2026-03-26 10:43,S227980X,24133.75,3,145251,444.78,0.31,3.72,446.64,0.31,-198.36,-0.14,-33236.88,-66.47,48
1252,Entry short,2026-03-26 09:55,S227980,24208.5,3,145251,444.78,0.31,3.72,446.64,0.31,-198.36,-0.14,-33236.88,-66.47,48
1253,Exit long,2026-03-26 12:17,L228041X,24042.25,3,144556.5,-306.72,-0.21,3.72,226.14,0.16,-304.86,-0.21,-33543.6,-67.09,81
1253,Entry long,2026-03-26 10:56,L228041,24092.75,3,144556.5,-306.72,-0.21,3.72,226.14,0.16,-304.86,-0.21,-33543.6,-67.09,81
1254,Exit long,2026-03-26 14:27,L228225X,23856.5,6,286584,-313.44,-0.11,7.44,224.28,0.08,-309.72,-0.11,-33857.04,-67.71,27
1254,Entry long,2026-03-26 14:00,L228225,23882,6,286584,-313.44,-0.11,7.44,224.28,0.08,-309.72,-0.11,-33857.04,-67.71,27
1255,Exit long,2026-03-26 15:08,L228255X,23832.25,6,286293,-313.44,-0.11,7.44,383.28,0.13,-309.72,-0.11,-34170.48,-68.34,38
1255,Entry long,2026-03-26 14:30,L228255,23857.75,6,286293,-313.44,-0.11,7.44,383.28,0.13,-309.72,-0.11,-34170.48,-68.34,38
1256,Exit short,2026-03-27 09:34,S229335X,23571,3,141874.5,444.78,0.31,3.72,446.64,0.31,-18.36,-0.01,-33725.7,-67.45,4
1256,Entry short,2026-03-27 09:30,S229335,23645.75,3,141874.5,444.78,0.31,3.72,446.64,0.31,-18.36,-0.01,-33725.7,-67.45,4
1257,Exit long,2026-03-27 09:53,L229342X,23536.5,3,141522,-306.72,-0.22,3.72,356.64,0.25,-304.86,-0.22,-34032.42,-68.06,16
1257,Entry long,2026-03-27 09:37,L229342,23587,3,141522,-306.72,-0.22,3.72,356.64,0.25,-304.86,-0.22,-34032.42,-68.06,16
1258,Exit long,2026-03-27 10:38,L229365X,23456,3,141039,-306.72,-0.22,3.72,311.64,0.22,-304.86,-0.22,-34339.14,-68.68,38
1258,Entry long,2026-03-27 10:00,L229365,23506.5,3,141039,-306.72,-0.22,3.72,311.64,0.22,-304.86,-0.22,-34339.14,-68.68,38
1259,Exit long,2026-03-27 11:06,L229405X,23548.75,3,140844,444.78,0.32,3.72,446.64,0.32,-213.36,-0.15,-33894.36,-67.79,26
1259,Entry long,2026-03-27 10:40,L229405,23474,3,140844,444.78,0.32,3.72,446.64,0.32,-213.36,-0.15,-33894.36,-67.79,26
1260,Exit long,2026-03-27 14:09,L229605X,23336,6,280338,-313.44,-0.11,7.44,47.28,0.02,-309.72,-0.11,-34207.8,-68.42,9
1260,Entry long,2026-03-27 14:00,L229605,23361.5,6,280338,-313.44,-0.11,7.44,47.28,0.02,-309.72,-0.11,-34207.8,-68.42,9
1261,Exit long,2026-03-27 14:43,L229616X,23379,6,280101,439.56,0.16,7.44,443.28,0.16,-123.72,-0.04,-33768.24,-67.54,32
1261,Entry long,2026-03-27 14:11,L229616,23341.75,6,280101,439.56,0.16,7.44,443.28,0.16,-123.72,-0.04,-33768.24,-67.54,32
1262,Exit long,2026-03-27 15:06,L229662X,23316.75,6,280107,-313.44,-0.11,7.44,128.28,0.05,-309.72,-0.11,-34081.68,-68.16,9
1262,Entry long,2026-03-27 14:57,L229662,23342.25,6,280107,-313.44,-0.11,7.44,128.28,0.05,-309.72,-0.11,-34081.68,-68.16,9
1263,Exit short,2026-03-30 09:31,S230715X,23535.75,3,140911.5,-306.72,-0.22,3.72,0,0.00,-304.86,-0.22,-34388.4,-68.78,1
1263,Entry short,2026-03-30 09:30,S230715,23485.25,3,140911.5,-306.72,-0.22,3.72,0,0.00,-304.86,-0.22,-34388.4,-68.78,1
1264,Exit long,2026-03-30 09:32,L230716X,23509.5,6,282420,-313.44,-0.11,7.44,32.28,0.01,-309.72,-0.11,-34701.84,-69.40,1
1264,Entry long,2026-03-30 09:31,L230716,23535,6,282420,-313.44,-0.11,7.44,32.28,0.01,-309.72,-0.11,-34701.84,-69.40,1
1265,Exit short,2026-03-30 09:36,S230719X,23426.5,6,281565,439.56,0.16,7.44,443.28,0.16,-51.72,-0.02,-34262.28,-68.52,2
1265,Entry short,2026-03-30 09:34,S230719,23463.75,6,281565,439.56,0.16,7.44,443.28,0.16,-51.72,-0.02,-34262.28,-68.52,2
1266,Exit long,2026-03-30 10:44,L230745X,23270.75,3,139927.5,-306.72,-0.22,3.72,368.64,0.26,-304.86,-0.22,-34569,-69.14,44
1266,Entry long,2026-03-30 10:00,L230745,23321.25,3,139927.5,-306.72,-0.22,3.72,368.64,0.26,-304.86,-0.22,-34569,-69.14,44
1267,Exit long,2026-03-30 10:48,L230790X,23358,3,139699.5,444.78,0.32,3.72,446.64,0.32,-4.86,0.00,-34124.22,-68.25,3
1267,Entry long,2026-03-30 10:45,L230790,23283.25,3,139699.5,444.78,0.32,3.72,446.64,0.32,-4.86,0.00,-34124.22,-68.25,3
1268,Exit long,2026-03-30 11:01,L230798X,23400.5,3,139954.5,444.78,0.32,3.72,446.64,0.32,-105.36,-0.08,-33679.44,-67.36,8
1268,Entry long,2026-03-30 10:53,L230798,23325.75,3,139954.5,444.78,0.32,3.72,446.64,0.32,-105.36,-0.08,-33679.44,-67.36,8
1269,Exit short,2026-03-30 14:26,S230985X,23162.25,6,278394,439.56,0.16,7.44,443.28,0.16,-147.72,-0.05,-33239.88,-66.48,26
1269,Entry short,2026-03-30 14:00,S230985,23199.5,6,278394,439.56,0.16,7.44,443.28,0.16,-147.72,-0.05,-33239.88,-66.48,26
1270,Exit long,2026-03-30 14:50,L231015X,23139.5,6,277980,-313.44,-0.11,7.44,353.28,0.13,-309.72,-0.11,-33553.32,-67.11,20
1270,Entry long,2026-03-30 14:30,L231015,23165,6,277980,-313.44,-0.11,7.44,353.28,0.13,-309.72,-0.11,-33553.32,-67.11,20
1271,Exit long,2026-03-31 09:49,L232095X,23491,3,140497.5,444.78,0.32,3.72,446.64,0.32,-208.86,-0.15,-33108.54,-66.22,19
1271,Entry long,2026-03-31 09:30,L232095,23416.25,3,140497.5,444.78,0.32,3.72,446.64,0.32,-208.86,-0.15,-33108.54,-66.22,19
1272,Exit short,2026-03-31 10:00,S232121X,23580,3,141177,-306.72,-0.22,3.72,119.64,0.08,-304.86,-0.22,-33415.26,-66.83,4
1272,Entry short,2026-03-31 09:56,S232121,23529.5,3,141177,-306.72,-0.22,3.72,119.64,0.08,-304.86,-0.22,-33415.26,-66.83,4
1273,Exit short,2026-03-31 10:45,S232128X,23470.5,3,141271.5,444.78,0.31,3.72,446.64,0.32,-261.36,-0.19,-32970.48,-65.94,42
1273,Entry short,2026-03-31 10:03,S232128,23545.25,3,141271.5,444.78,0.31,3.72,446.64,0.32,-261.36,-0.19,-32970.48,-65.94,42
1274,Exit short,2026-03-31 10:54,S232172X,23400,3,140848.5,444.78,0.32,3.72,446.64,0.32,-13.86,-0.01,-32525.7,-65.05,7
1274,Entry short,2026-03-31 10:47,S232172,23474.75,3,140848.5,444.78,0.32,3.72,446.64,0.32,-13.86,-0.01,-32525.7,-65.05,7
1275,Exit short,2026-03-31 11:01,S232180X,23437.25,3,140320.5,-306.72,-0.22,3.72,53.64,0.04,-304.86,-0.22,-32832.42,-65.66,6
1275,Entry short,2026-03-31 10:55,S232180,23386.75,3,140320.5,-306.72,-0.22,3.72,53.64,0.04,-304.86,-0.22,-32832.42,-65.66,6
1276,Exit long,2026-03-31 14:37,L232365X,23852.75,3,142668,444.78,0.31,3.72,446.64,0.31,-21.36,-0.01,-32387.64,-64.78,37
1276,Entry long,2026-03-31 14:00,L232365,23778,3,142668,444.78,0.31,3.72,446.64,0.31,-21.36,-0.01,-32387.64,-64.78,37
1277,Exit short,2026-03-31 15:01,S232404X,23878.75,6,286239,-313.44,-0.11,7.44,311.28,0.11,-309.72,-0.11,-32701.08,-65.40,22
1277,Entry short,2026-03-31 14:39,S232404,23853.25,6,286239,-313.44,-0.11,7.44,311.28,0.11,-309.72,-0.11,-32701.08,-65.40,22
1278,Exit short,2026-04-01 09:33,S233475X,24133.5,3,144498,-306.72,-0.21,3.72,235.14,0.16,-304.86,-0.21,-33007.8,-66.02,3
1278,Entry short,2026-04-01 09:30,S233475,24083,3,144498,-306.72,-0.21,3.72,235.14,0.16,-304.86,-0.21,-33007.8,-66.02,3
1279,Exit short,2026-04-01 09:43,S233485X,24082.5,3,144943.5,444.78,0.31,3.72,446.64,0.31,-109.86,-0.08,-32563.02,-65.13,3
1279,Entry short,2026-04-01 09:40,S233485,24157.25,3,144943.5,444.78,0.31,3.72,446.64,0.31,-109.86,-0.08,-32563.02,-65.13,3
1280,Exit short,2026-04-01 10:01,S233499X,24149,3,144591,-306.72,-0.21,3.72,88.14,0.06,-304.86,-0.21,-32869.74,-65.74,7
1280,Entry short,2026-04-01 09:54,S233499,24098.5,3,144591,-306.72,-0.21,3.72,88.14,0.06,-304.86,-0.21,-32869.74,-65.74,7
1281,Exit short,2026-04-01 10:15,S233511X,24184.75,3,144805.5,-306.72,-0.21,3.72,17.64,0.01,-304.86,-0.21,-33176.46,-66.35,9
1281,Entry short,2026-04-01 10:06,S233511,24134.25,3,144805.5,-306.72,-0.21,3.72,17.64,0.01,-304.86,-0.21,-33176.46,-66.35,9
1282,Exit short,2026-04-01 10:39,S233529X,24227,3,145059,-306.72,-0.21,3.72,268.14,0.18,-304.86,-0.21,-33483.18,-66.97,15
1282,Entry short,2026-04-01 10:24,S233529,24176.5,3,145059,-306.72,-0.21,3.72,268.14,0.18,-304.86,-0.21,-33483.18,-66.97,15
1283,Exit short,2026-04-01 10:49,S233551X,24237.75,3,145123.5,-306.72,-0.21,3.72,58.14,0.04,-304.86,-0.21,-33789.9,-67.58,3
1283,Entry short,2026-04-01 10:46,S233551,24187.25,3,145123.5,-306.72,-0.21,3.72,58.14,0.04,-304.86,-0.21,-33789.9,-67.58,3
1284,Exit short,2026-04-01 11:09,S233560X,24287.75,3,145423.5,-306.72,-0.21,3.72,34.14,0.02,-304.86,-0.21,-34096.62,-68.19,14
1284,Entry short,2026-04-01 10:55,S233560,24237.25,3,145423.5,-306.72,-0.21,3.72,34.14,0.02,-304.86,-0.21,-34096.62,-68.19,14
1285,Exit short,2026-04-01 14:04,S233745X,24218.25,6,291066,439.56,0.15,7.44,443.28,0.15,-117.72,-0.04,-33657.06,-67.31,4
1285,Entry short,2026-04-01 14:00,S233745,24255.5,6,291066,439.56,0.15,7.44,443.28,0.15,-117.72,-0.04,-33657.06,-67.31,4
1286,Exit long,2026-04-01 14:15,L233750X,24213.75,6,290871,-313.44,-0.11,7.44,95.28,0.03,-309.72,-0.11,-33970.5,-67.94,10
1286,Entry long,2026-04-01 14:05,L233750,24239.25,6,290871,-313.44,-0.11,7.44,95.28,0.03,-309.72,-0.11,-33970.5,-67.94,10
1287,Exit long,2026-04-01 14:33,L233771X,24142.5,6,290016,-313.44,-0.11,7.44,155.28,0.05,-309.72,-0.11,-34283.94,-68.57,7
1287,Entry long,2026-04-01 14:26,L233771,24168,6,290016,-313.44,-0.11,7.44,155.28,0.05,-309.72,-0.11,-34283.94,-68.57,7
1288,Exit long,2026-04-02 09:35,L234855X,23744.25,3,142768.5,-306.72,-0.21,3.72,143.64,0.10,-304.86,-0.21,-34590.66,-69.18,5
1288,Entry long,2026-04-02 09:30,L234855,23794.75,3,142768.5,-306.72,-0.21,3.72,143.64,0.10,-304.86,-0.21,-34590.66,-69.18,5
1289,Exit long,2026-04-02 09:53,L234866X,23813.25,3,142431,444.78,0.31,3.72,446.64,0.31,-288.36,-0.20,-34145.88,-68.29,12
1289,Entry long,2026-04-02 09:41,L234866,23738.5,3,142431,444.78,0.31,3.72,446.64,0.31,-288.36,-0.20,-34145.88,-68.29,12
1290,Exit short,2026-04-02 10:06,S234886X,23936.75,3,143317.5,-306.72,-0.21,3.72,164.64,0.11,-304.86,-0.21,-34452.6,-68.91,5
1290,Entry short,2026-04-02 10:01,S234886,23886.25,3,143317.5,-306.72,-0.21,3.72,164.64,0.11,-304.86,-0.21,-34452.6,-68.91,5
1291,Exit short,2026-04-02 10:33,S234905X,24017.5,3,143802,-306.72,-0.21,3.72,209.64,0.15,-304.86,-0.21,-34759.32,-69.52,13
1291,Entry short,2026-04-02 10:20,S234905,23967,3,143802,-306.72,-0.21,3.72,209.64,0.15,-304.86,-0.21,-34759.32,-69.52,13
1292,Exit short,2026-04-02 10:39,S234923X,24206.25,3,144934.5,-306.72,-0.21,3.72,109.14,0.08,-304.86,-0.21,-35066.04,-70.13,1
1292,Entry short,2026-04-02 10:38,S234923,24155.75,3,144934.5,-306.72,-0.21,3.72,109.14,0.08,-304.86,-0.21,-35066.04,-70.13,1
1293,Exit short,2026-04-02 10:50,S234931X,24090.5,3,144991.5,444.78,0.31,3.72,446.64,0.31,-61.86,-0.04,-34621.26,-69.24,4
1293,Entry short,2026-04-02 10:46,S234931,24165.25,3,144991.5,444.78,0.31,3.72,446.64,0.31,-61.86,-0.04,-34621.26,-69.24,4
1294,Exit short,2026-04-02 11:51,S234944X,24100.5,3,145051.5,444.78,0.31,3.72,446.64,0.31,-235.86,-0.16,-34176.48,-68.35,52
1294,Entry short,2026-04-02 10:59,S234944,24175.25,3,145051.5,444.78,0.31,3.72,446.64,0.31,-235.86,-0.16,-34176.48,-68.35,52
1295,Exit long,2026-04-02 14:05,L235125X,24139.25,6,289224,439.56,0.15,7.44,443.28,0.15,-9.72,0.00,-33736.92,-67.47,5
1295,Entry long,2026-04-02 14:00,L235125,24102,6,289224,439.56,0.15,7.44,443.28,0.15,-9.72,0.00,-33736.92,-67.47,5
1296,Exit short,2026-04-02 14:53,S235137X,24156,6,289566,-313.44,-0.11,7.44,371.28,0.13,-309.72,-0.11,-34050.36,-68.10,41
1296,Entry short,2026-04-02 14:12,S235137,24130.5,6,289566,-313.44,-0.11,7.44,371.28,0.13,-309.72,-0.11,-34050.36,-68.10,41
1297,Exit short,2026-04-02 15:10,S235180X,24170,6,289734,-313.44,-0.11,7.44,95.28,0.03,-309.72,-0.11,-34363.8,-68.73,15
1297,Entry short,2026-04-02 14:55,S235180,24144.5,6,289734,-313.44,-0.11,7.44,95.28,0.03,-309.72,-0.11,-34363.8,-68.73,15
1298,Exit long,2026-04-06 09:36,L237150X,24279.75,3,145981.5,-306.72,-0.21,3.72,259.14,0.18,-304.86,-0.21,-34670.52,-69.34,6
1298,Entry long,2026-04-06 09:30,L237150,24330.25,3,145981.5,-306.72,-0.21,3.72,259.14,0.18,-304.86,-0.21,-34670.52,-69.34,6
1299,Exit short,2026-04-06 09:59,S237175X,24416.75,3,146197.5,-306.72,-0.21,3.72,20.64,0.01,-304.86,-0.21,-34977.24,-69.95,4
1299,Entry short,2026-04-06 09:55,S237175,24366.25,3,146197.5,-306.72,-0.21,3.72,20.64,0.01,-304.86,-0.21,-34977.24,-69.95,4
1300,Exit short,2026-04-06 10:20,S237183X,24382.5,3,145992,-306.72,-0.21,3.72,367.14,0.25,-304.86,-0.21,-35283.96,-70.57,17
1300,Entry short,2026-04-06 10:03,S237183,24332,3,145992,-306.72,-0.21,3.72,367.14,0.25,-304.86,-0.21,-35283.96,-70.57,17
1301,Exit short,2026-04-06 10:48,S237205X,24282.75,3,146145,444.78,0.30,3.72,446.64,0.31,-195.36,-0.13,-34839.18,-69.68,23
1301,Entry short,2026-04-06 10:25,S237205,24357.5,3,146145,444.78,0.30,3.72,446.64,0.31,-195.36,-0.13,-34839.18,-69.68,23
1302,Exit short,2026-04-06 10:57,S237228X,24325.25,3,145648.5,-306.72,-0.21,3.72,73.14,0.05,-304.86,-0.21,-35145.9,-70.29,9
1302,Entry short,2026-04-06 10:48,S237228,24274.75,3,145648.5,-306.72,-0.21,3.72,73.14,0.05,-304.86,-0.21,-35145.9,-70.29,9
1303,Exit short,2026-04-06 13:12,S237239X,24231,3,145834.5,444.78,0.30,3.72,446.64,0.31,-249.36,-0.17,-34701.12,-69.40,133
1303,Entry short,2026-04-06 10:59,S237239,24305.75,3,145834.5,444.78,0.30,3.72,446.64,0.31,-249.36,-0.17,-34701.12,-69.40,133
1304,Exit short,2026-04-06 14:10,S237420X,24287.5,6,291144,-313.44,-0.11,7.44,194.28,0.07,-309.72,-0.11,-35014.56,-70.03,10
1304,Entry short,2026-04-06 14:00,S237420,24262,6,291144,-313.44,-0.11,7.44,194.28,0.07,-309.72,-0.11,-35014.56,-70.03,10
1305,Exit short,2026-04-06 14:28,S237446X,24357.5,6,291984,-313.44,-0.11,7.44,44.28,0.02,-309.72,-0.11,-35328,-70.66,2
1305,Entry short,2026-04-06 14:26,S237446,24332,6,291984,-313.44,-0.11,7.44,44.28,0.02,-309.72,-0.11,-35328,-70.66,2
1306,Exit short,2026-04-06 15:05,S237459X,24357,6,291978,-313.44,-0.11,7.44,62.28,0.02,-309.72,-0.11,-35641.44,-71.28,26
1306,Entry short,2026-04-06 14:39,S237459,24331.5,6,291978,-313.44,-0.11,7.44,62.28,0.02,-309.72,-0.11,-35641.44,-71.28,26
1307,Exit long,2026-04-07 09:31,L238530X,24201.75,3,145513.5,-306.72,-0.21,3.72,37.14,0.03,-304.86,-0.21,-35948.16,-71.90,1
1307,Entry long,2026-04-07 09:30,L238530,24252.25,3,145513.5,-306.72,-0.21,3.72,37.14,0.03,-304.86,-0.21,-35948.16,-71.90,1
1308,Exit short,2026-04-07 09:32,S238531X,24237.5,6,290544,-313.44,-0.11,7.44,35.28,0.01,-309.72,-0.11,-36261.6,-72.52,1
1308,Entry short,2026-04-07 09:31,S238531,24212,6,290544,-313.44,-0.11,7.44,35.28,0.01,-309.72,-0.11,-36261.6,-72.52,1
1309,Exit long,2026-04-07 09:59,L238552X,24127.5,3,145068,-306.72,-0.21,3.72,190.14,0.13,-304.86,-0.21,-36568.32,-73.14,7
1309,Entry long,2026-04-07 09:52,L238552,24178,3,145068,-306.72,-0.21,3.72,190.14,0.13,-304.86,-0.21,-36568.32,-73.14,7
1310,Exit long,2026-04-07 10:22,L238574X,24110.25,3,144213,444.78,0.31,3.72,446.64,0.31,-36.36,-0.03,-36123.54,-72.25,8
1310,Entry long,2026-04-07 10:14,L238574,24035.5,3,144213,444.78,0.31,3.72,446.64,0.31,-36.36,-0.03,-36123.54,-72.25,8
1311,Exit long,2026-04-07 10:42,L238583X,24069.5,3,144720,-306.72,-0.21,3.72,154.14,0.11,-304.86,-0.21,-36430.26,-72.86,19
1311,Entry long,2026-04-07 10:23,L238583,24120,3,144720,-306.72,-0.21,3.72,154.14,0.11,-304.86,-0.21,-36430.26,-72.86,19
1312,Exit long,2026-04-07 10:56,L238606X,24041.5,3,144552,-306.72,-0.21,3.72,5.64,0.00,-304.86,-0.21,-36736.98,-73.47,10
1312,Entry long,2026-04-07 10:46,L238606,24092,3,144552,-306.72,-0.21,3.72,5.64,0.00,-304.86,-0.21,-36736.98,-73.47,10
1313,Exit long,2026-04-07 14:06,L238800X,24207.25,6,290793,-313.44,-0.11,7.44,68.28,0.02,-309.72,-0.11,-37050.42,-74.10,6
1313,Entry long,2026-04-07 14:00,L238800,24232.75,6,290793,-313.44,-0.11,7.44,68.28,0.02,-309.72,-0.11,-37050.42,-74.10,6
1314,Exit long,2026-04-07 14:24,L238813X,24188.75,6,290571,-313.44,-0.11,7.44,140.28,0.05,-309.72,-0.11,-37363.86,-74.73,11
1314,Entry long,2026-04-07 14:13,L238813,24214.25,6,290571,-313.44,-0.11,7.44,140.28,0.05,-309.72,-0.11,-37363.86,-74.73,11
1315,Exit long,2026-04-07 15:15,L238857X,24137.5,6,289203,439.56,0.15,7.44,443.28,0.15,-210.72,-0.07,-36924.3,-73.85,18
1315,Entry long,2026-04-07 14:57,L238857,24100.25,6,289203,439.56,0.15,7.44,443.28,0.15,-210.72,-0.07,-36924.3,-73.85,18
1316,Exit short,2026-04-08 09:40,S239910X,25109.75,3,151107,444.78,0.29,3.72,446.64,0.30,-64.86,-0.04,-36479.52,-72.96,10
1316,Entry short,2026-04-08 09:30,S239910,25184.5,3,151107,444.78,0.29,3.72,446.64,0.30,-64.86,-0.04,-36479.52,-72.96,10
1317,Exit long,2026-04-08 09:51,L239926X,25097,3,150885,-306.72,-0.20,3.72,80.64,0.05,-304.86,-0.20,-36786.24,-73.57,5
1317,Entry long,2026-04-08 09:46,L239926,25147.5,3,150885,-306.72,-0.20,3.72,80.64,0.05,-304.86,-0.20,-36786.24,-73.57,5
1318,Exit long,2026-04-08 10:31,L239962X,25036.25,3,150520.5,-306.72,-0.20,3.72,2.64,0.00,-304.86,-0.20,-37092.96,-74.19,9
1318,Entry long,2026-04-08 10:22,L239962,25086.75,3,150520.5,-306.72,-0.20,3.72,2.64,0.00,-304.86,-0.20,-37092.96,-74.19,9
1319,Exit long,2026-04-08 10:47,L239977X,25008,3,150351,-306.72,-0.20,3.72,10.14,0.01,-304.86,-0.20,-37399.68,-74.80,10
1319,Entry long,2026-04-08 10:37,L239977,25058.5,3,150351,-306.72,-0.20,3.72,10.14,0.01,-304.86,-0.20,-37399.68,-74.80,10
1320,Exit long,2026-04-08 10:55,L239988X,24978.25,3,150172.5,-306.72,-0.20,3.72,46.14,0.03,-304.86,-0.20,-37706.4,-75.41,7
1320,Entry long,2026-04-08 10:48,L239988,25028.75,3,150172.5,-306.72,-0.20,3.72,46.14,0.03,-304.86,-0.20,-37706.4,-75.41,7
1321,Exit long,2026-04-08 11:35,L239997X,25047.25,3,149835,444.78,0.30,3.72,446.64,0.30,-3.36,0.00,-37261.62,-74.52,38
1321,Entry long,2026-04-08 10:57,L239997,24972.5,3,149835,444.78,0.30,3.72,446.64,0.30,-3.36,0.00,-37261.62,-74.52,38
1322,Exit short,2026-04-08 14:04,S240180X,25117.5,6,301104,-313.44,-0.10,7.44,0,0.00,-309.72,-0.10,-37575.06,-75.15,4
1322,Entry short,2026-04-08 14:00,S240180,25092,6,301104,-313.44,-0.10,7.44,0,0.00,-309.72,-0.10,-37575.06,-75.15,4
1323,Exit long,2026-04-08 14:18,L240184X,25093,6,301422,-313.44,-0.10,7.44,155.28,0.05,-309.72,-0.10,-37888.5,-75.78,14
1323,Entry long,2026-04-08 14:04,L240184,25118.5,6,301422,-313.44,-0.10,7.44,155.28,0.05,-309.72,-0.10,-37888.5,-75.78,14
1324,Exit long,2026-04-08 14:39,L240206X,25047,6,300870,-313.44,-0.10,7.44,26.28,0.01,-309.72,-0.10,-38201.94,-76.40,13
1324,Entry long,2026-04-08 14:26,L240206,25072.5,6,300870,-313.44,-0.10,7.44,26.28,0.01,-309.72,-0.10,-38201.94,-76.40,13
1325,Exit short,2026-04-09 10:11,S241290X,25000.75,3,150453,444.78,0.30,3.72,446.64,0.30,-225.36,-0.15,-37757.16,-75.51,41
1325,Entry short,2026-04-09 09:30,S241290,25075.5,3,150453,444.78,0.30,3.72,446.64,0.30,-225.36,-0.15,-37757.16,-75.51,41
1326,Exit long,2026-04-09 10:16,L241332X,24989.5,3,150240,-306.72,-0.20,3.72,22.14,0.01,-304.86,-0.20,-38063.88,-76.13,4
1326,Entry long,2026-04-09 10:12,L241332,25040,3,150240,-306.72,-0.20,3.72,22.14,0.01,-304.86,-0.20,-38063.88,-76.13,4
1327,Exit long,2026-04-09 10:26,L241343X,24976.25,6,300021,-313.44,-0.10,7.44,77.28,0.03,-309.72,-0.10,-38377.32,-76.75,3
1327,Entry long,2026-04-09 10:23,L241343,25001.75,6,300021,-313.44,-0.10,7.44,77.28,0.03,-309.72,-0.10,-38377.32,-76.75,3
1328,Exit long,2026-04-09 10:50,L241349X,25020,6,299793,439.56,0.15,7.44,443.28,0.15,-273.72,-0.09,-37937.76,-75.88,21
1328,Entry long,2026-04-09 10:29,L241349,24982.75,6,299793,439.56,0.15,7.44,443.28,0.15,-273.72,-0.09,-37937.76,-75.88,21
1329,Exit long,2026-04-09 11:12,L241370X,25055.75,6,300222,439.56,0.15,7.44,443.28,0.15,-63.72,-0.02,-37498.2,-75.00,22
1329,Entry long,2026-04-09 10:50,L241370,25018.5,6,300222,439.56,0.15,7.44,443.28,0.15,-63.72,-0.02,-37498.2,-75.00,22
1330,Exit short,2026-04-09 14:03,S241560X,25184.75,6,302664,439.56,0.15,7.44,443.28,0.15,-36.72,-0.01,-37058.64,-74.12,3
1330,Entry short,2026-04-09 14:00,S241560,25222,6,302664,439.56,0.15,7.44,443.28,0.15,-36.72,-0.01,-37058.64,-74.12,3
1331,Exit long,2026-04-09 14:23,L241565X,25158.5,6,302208,-313.44,-0.10,7.44,104.28,0.03,-309.72,-0.10,-37372.08,-74.74,18
1331,Entry long,2026-04-09 14:05,L241565,25184,6,302208,-313.44,-0.10,7.44,104.28,0.03,-309.72,-0.10,-37372.08,-74.74,18
1332,Exit long,2026-04-09 15:02,L241595X,25200.5,6,301959,439.56,0.15,7.44,443.28,0.15,-93.72,-0.03,-36932.52,-73.87,27
1332,Entry long,2026-04-09 14:35,L241595,25163.25,6,301959,439.56,0.15,7.44,443.28,0.15,-93.72,-0.03,-36932.52,-73.87,27
1333,Exit long,2026-04-10 10:07,L242670X,25276.5,3,151962,-306.72,-0.20,3.72,268.14,0.18,-304.86,-0.20,-37239.24,-74.48,37
1333,Entry long,2026-04-10 09:30,L242670,25327,3,151962,-306.72,-0.20,3.72,268.14,0.18,-304.86,-0.20,-37239.24,-74.48,37
1334,Exit long,2026-04-10 10:11,L242708X,25269.25,6,303537,-313.44,-0.10,7.44,0,0.00,-309.72,-0.10,-37552.68,-75.11,3
1334,Entry long,2026-04-10 10:08,L242708,25294.75,6,303537,-313.44,-0.10,7.44,0,0.00,-309.72,-0.10,-37552.68,-75.11,3
1335,Exit long,2026-04-10 10:16,L242712X,25333.25,6,303552,439.56,0.14,7.44,443.28,0.15,-42.72,-0.01,-37113.12,-74.23,4
1335,Entry long,2026-04-10 10:12,L242712,25296,6,303552,439.56,0.14,7.44,443.28,0.15,-42.72,-0.01,-37113.12,-74.23,4
1336,Exit short,2026-04-10 10:25,S242716X,25346.75,6,303855,-313.44,-0.10,7.44,116.28,0.04,-309.72,-0.10,-37426.56,-74.85,9
1336,Entry short,2026-04-10 10:16,S242716,25321.25,6,303855,-313.44,-0.10,7.44,116.28,0.04,-309.72,-0.10,-37426.56,-74.85,9
1337,Exit short,2026-04-10 10:32,S242727X,25364.25,6,304065,-313.44,-0.10,7.44,137.28,0.05,-309.72,-0.10,-37740,-75.48,5
1337,Entry short,2026-04-10 10:27,S242727,25338.75,6,304065,-313.44,-0.10,7.44,137.28,0.05,-309.72,-0.10,-37740,-75.48,5
1338,Exit short,2026-04-10 10:42,S242734X,25317.75,6,304260,439.56,0.14,7.44,443.28,0.15,-147.72,-0.05,-37300.44,-74.60,8
1338,Entry short,2026-04-10 10:34,S242734,25355,6,304260,439.56,0.14,7.44,443.28,0.15,-147.72,-0.05,-37300.44,-74.60,8
1339,Exit short,2026-04-10 10:58,S242753X,25354.5,6,303948,-313.44,-0.10,7.44,215.28,0.07,-309.72,-0.10,-37613.88,-75.23,5
1339,Entry short,2026-04-10 10:53,S242753,25329,6,303948,-313.44,-0.10,7.44,215.28,0.07,-309.72,-0.10,-37613.88,-75.23,5
1340,Exit short,2026-04-10 15:19,S242940X,25296.5,6,303252,-313.44,-0.10,7.44,410.28,0.14,-309.72,-0.10,-37927.32,-75.85,79
1340,Entry short,2026-04-10 14:00,S242940,25271,6,303252,-313.44,-0.10,7.44,410.28,0.14,-309.72,-0.10,-37927.32,-75.85,79
1341,Exit long,2026-04-13 09:32,L244050X,25203.5,6,302748,-313.44,-0.10,7.44,8.28,0.00,-309.72,-0.10,-38240.76,-76.48,2
1341,Entry long,2026-04-13 09:30,L244050,25229,6,302748,-313.44,-0.10,7.44,8.28,0.00,-309.72,-0.10,-38240.76,-76.48,2
1342,Exit short,2026-04-13 09:34,S244052X,25228.25,6,302433,-313.44,-0.10,7.44,74.28,0.02,-309.72,-0.10,-38554.2,-77.11,2
1342,Entry short,2026-04-13 09:32,S244052,25202.75,6,302433,-313.44,-0.10,7.44,74.28,0.02,-309.72,-0.10,-38554.2,-77.11,2
1343,Exit long,2026-04-13 09:45,L244062X,25174.5,6,302400,-313.44,-0.10,7.44,131.28,0.04,-309.72,-0.10,-38867.64,-77.74,3
1343,Entry long,2026-04-13 09:42,L244062,25200,6,302400,-313.44,-0.10,7.44,131.28,0.04,-309.72,-0.10,-38867.64,-77.74,3
1344,Exit short,2026-04-13 09:59,S244071X,25302.25,3,151510.5,-306.72,-0.20,3.72,134.64,0.09,-304.86,-0.20,-39174.36,-78.35,8
1344,Entry short,2026-04-13 09:51,S244071,25251.75,3,151510.5,-306.72,-0.20,3.72,134.64,0.09,-304.86,-0.20,-39174.36,-78.35,8
1345,Exit short,2026-04-13 10:58,S244088X,25358.5,3,151848,-306.72,-0.20,3.72,376.14,0.25,-304.86,-0.20,-39481.08,-78.96,50
1345,Entry short,2026-04-13 10:08,S244088,25308,3,151848,-306.72,-0.20,3.72,376.14,0.25,-304.86,-0.20,-39481.08,-78.96,50
1346,Exit long,2026-04-13 14:54,L244320X,25450.5,6,304959,439.56,0.14,7.44,443.28,0.15,-210.72,-0.07,-39041.52,-78.08,54
1346,Entry long,2026-04-13 14:00,L244320,25413.25,6,304959,439.56,0.14,7.44,443.28,0.15,-210.72,-0.07,-39041.52,-78.08,54
1347,Exit short,2026-04-13 15:31,S244377X,25472.5,6,305364,-313.44,-0.10,7.44,188.28,0.06,-309.72,-0.10,-39354.96,-78.71,34
1347,Entry short,2026-04-13 14:57,S244377,25447,6,305364,-313.44,-0.10,7.44,188.28,0.06,-309.72,-0.10,-39354.96,-78.71,34
1348,Exit long,2026-04-14 10:11,L245430X,25764.25,3,154137,444.78,0.29,3.72,446.64,0.29,-49.86,-0.03,-38910.18,-77.82,41
1348,Entry long,2026-04-14 09:30,L245430,25689.5,3,154137,444.78,0.29,3.72,446.64,0.29,-49.86,-0.03,-38910.18,-77.82,41
1349,Exit short,2026-04-14 10:14,S245472X,25772.75,6,308967,-313.44,-0.10,7.44,11.28,0.00,-309.72,-0.10,-39223.62,-78.45,2
1349,Entry short,2026-04-14 10:12,S245472,25747.25,6,308967,-313.44,-0.10,7.44,11.28,0.00,-309.72,-0.10,-39223.62,-78.45,2
1350,Exit short,2026-04-14 10:54,S245498X,25819.25,6,309525,-313.44,-0.10,7.44,161.28,0.05,-309.72,-0.10,-39537.06,-79.07,16
1350,Entry short,2026-04-14 10:38,S245498,25793.75,6,309525,-313.44,-0.10,7.44,161.28,0.05,-309.72,-0.10,-39537.06,-79.07,16
1351,Exit long,2026-04-14 14:14,L245700X,25936.5,6,311544,-313.44,-0.10,7.44,26.28,0.01,-309.72,-0.10,-39850.5,-79.70,14
1351,Entry long,2026-04-14 14:00,L245700,25962,6,311544,-313.44,-0.10,7.44,26.28,0.01,-309.72,-0.10,-39850.5,-79.70,14
1352,Exit long,2026-04-14 15:05,L245726X,25947.5,6,310923,439.56,0.14,7.44,443.28,0.14,-102.72,-0.03,-39410.94,-78.82,39
1352,Entry long,2026-04-14 14:26,L245726,25910.25,6,310923,439.56,0.14,7.44,443.28,0.14,-102.72,-0.03,-39410.94,-78.82,39
1353,Exit short,2026-04-15 09:59,S246810X,26070.25,3,156118.5,-306.72,-0.20,3.72,220.14,0.14,-304.86,-0.20,-39717.66,-79.44,29
1353,Entry short,2026-04-15 09:30,S246810,26019.75,3,156118.5,-306.72,-0.20,3.72,220.14,0.14,-304.86,-0.20,-39717.66,-79.44,29
1354,Exit short,2026-04-15 10:02,S246840X,26078.75,6,312639,-313.44,-0.10,7.44,0,0.00,-309.72,-0.10,-40031.1,-80.06,2
1354,Entry short,2026-04-15 10:00,S246840,26053.25,6,312639,-313.44,-0.10,7.44,0,0.00,-309.72,-0.10,-40031.1,-80.06,2
1355,Exit short,2026-04-15 10:21,S246859X,26098.75,6,312879,-313.44,-0.10,7.44,14.28,0.00,-309.72,-0.10,-40344.54,-80.69,2
1355,Entry short,2026-04-15 10:19,S246859,26073.25,6,312879,-313.44,-0.10,7.44,14.28,0.00,-309.72,-0.10,-40344.54,-80.69,2
1356,Exit short,2026-04-15 10:32,S246867X,26147,6,313458,-313.44,-0.10,7.44,65.28,0.02,-309.72,-0.10,-40657.98,-81.32,5
1356,Entry short,2026-04-15 10:27,S246867,26121.5,6,313458,-313.44,-0.10,7.44,65.28,0.02,-309.72,-0.10,-40657.98,-81.32,5
1357,Exit short,2026-04-15 10:49,S246873X,26163.75,6,313659,-313.44,-0.10,7.44,374.28,0.12,-309.72,-0.10,-40971.42,-81.94,16
1357,Entry short,2026-04-15 10:33,S246873,26138.25,6,313659,-313.44,-0.10,7.44,374.28,0.12,-309.72,-0.10,-40971.42,-81.94,16
1358,Exit short,2026-04-15 11:12,S246891X,26181.75,6,313875,-313.44,-0.10,7.44,206.28,0.07,-309.72,-0.10,-41284.86,-82.57,21
1358,Entry short,2026-04-15 10:51,S246891,26156.25,6,313875,-313.44,-0.10,7.44,206.28,0.07,-309.72,-0.10,-41284.86,-82.57,21
1359,Exit short,2026-04-15 14:01,S247080X,26203,6,314130,-313.44,-0.10,7.44,20.28,0.01,-309.72,-0.10,-41598.3,-83.20,1
1359,Entry short,2026-04-15 14:00,S247080,26177.5,6,314130,-313.44,-0.10,7.44,20.28,0.01,-309.72,-0.10,-41598.3,-83.20,1
1360,Exit long,2026-04-15 14:13,L247082X,26247,6,314517,439.56,0.14,7.44,443.28,0.14,-144.72,-0.05,-41158.74,-82.32,11
1360,Entry long,2026-04-15 14:02,L247082,26209.75,6,314517,439.56,0.14,7.44,443.28,0.14,-144.72,-0.05,-41158.74,-82.32,11
1361,Exit short,2026-04-15 14:33,S247097X,26270,6,314934,-313.44,-0.10,7.44,170.28,0.05,-309.72,-0.10,-41472.18,-82.94,16
1361,Entry short,2026-04-15 14:17,S247097,26244.5,6,314934,-313.44,-0.10,7.44,170.28,0.05,-309.72,-0.10,-41472.18,-82.94,16
1362,Exit short,2026-04-15 14:55,S247117X,26301,6,315306,-313.44,-0.10,7.44,140.28,0.04,-309.72,-0.10,-41785.62,-83.57,18
1362,Entry short,2026-04-15 14:37,S247117,26275.5,6,315306,-313.44,-0.10,7.44,140.28,0.04,-309.72,-0.10,-41785.62,-83.57,18
1363,Exit short,2026-04-16 09:52,S248190X,26320.25,3,158370,444.78,0.28,3.72,446.64,0.28,-85.86,-0.05,-41340.84,-82.68,22
1363,Entry short,2026-04-16 09:30,S248190,26395,3,158370,444.78,0.28,3.72,446.64,0.28,-85.86,-0.05,-41340.84,-82.68,22
1364,Exit long,2026-04-16 10:13,L248222X,26387.25,3,157875,444.78,0.28,3.72,446.64,0.28,-19.86,-0.01,-40896.06,-81.79,11
1364,Entry long,2026-04-16 10:02,L248222,26312.5,3,157875,444.78,0.28,3.72,446.64,0.28,-19.86,-0.01,-40896.06,-81.79,11
1365,Exit long,2026-04-16 10:48,L248241X,26414.5,3,158038.5,444.78,0.28,3.72,446.64,0.28,-175.86,-0.11,-40451.28,-80.90,27
1365,Entry long,2026-04-16 10:21,L248241,26339.75,3,158038.5,444.78,0.28,3.72,446.64,0.28,-175.86,-0.11,-40451.28,-80.90,27
1366,Exit long,2026-04-16 10:53,L248269X,26391.75,6,317007,-313.44,-0.10,7.44,62.28,0.02,-309.72,-0.10,-40764.72,-81.53,4
1366,Entry long,2026-04-16 10:49,L248269,26417.25,6,317007,-313.44,-0.10,7.44,62.28,0.02,-309.72,-0.10,-40764.72,-81.53,4
1367,Exit long,2026-04-16 10:56,L248274X,26387.25,6,316953,-313.44,-0.10,7.44,23.28,0.01,-309.72,-0.10,-41078.16,-82.16,2
1367,Entry long,2026-04-16 10:54,L248274,26412.75,6,316953,-313.44,-0.10,7.44,23.28,0.01,-309.72,-0.10,-41078.16,-82.16,2
1368,Exit long,2026-04-16 14:05,L248460X,26441,6,317598,-313.44,-0.10,7.44,212.28,0.07,-309.72,-0.10,-41391.6,-82.78,5
1368,Entry long,2026-04-16 14:00,L248460,26466.5,6,317598,-313.44,-0.10,7.44,212.28,0.07,-309.72,-0.10,-41391.6,-82.78,5
1369,Exit long,2026-04-16 14:22,L248480X,26390.75,6,316995,-313.44,-0.10,7.44,0,0.00,-309.72,-0.10,-41705.04,-83.41,2
1369,Entry long,2026-04-16 14:20,L248480,26416.25,6,316995,-313.44,-0.10,7.44,0,0.00,-309.72,-0.10,-41705.04,-83.41,2
1370,Exit long,2026-04-16 14:33,L248489X,26411,6,316485,439.56,0.14,7.44,443.28,0.14,-24.72,-0.01,-41265.48,-82.53,4
1370,Entry long,2026-04-16 14:29,L248489,26373.75,6,316485,439.56,0.14,7.44,443.28,0.14,-24.72,-0.01,-41265.48,-82.53,4
1371,Exit long,2026-04-16 15:00,L248493X,26452.75,6,316986,439.56,0.14,7.44,443.28,0.14,-66.72,-0.02,-40825.92,-81.65,27
1371,Entry long,2026-04-16 14:33,L248493,26415.5,6,316986,439.56,0.14,7.44,443.28,0.14,-66.72,-0.02,-40825.92,-81.65,27
1372,Exit short,2026-04-17 09:51,S249570X,26738.75,3,160129.5,-306.72,-0.19,3.72,350.64,0.22,-304.86,-0.19,-41132.64,-82.27,21
1372,Entry short,2026-04-17 09:30,S249570,26688.25,3,160129.5,-306.72,-0.19,3.72,350.64,0.22,-304.86,-0.19,-41132.64,-82.27,21
1373,Exit short,2026-04-17 10:05,S249594X,26761.75,3,160267.5,-306.72,-0.19,3.72,143.64,0.09,-304.86,-0.19,-41439.36,-82.88,11
1373,Entry short,2026-04-17 09:54,S249594,26711.25,3,160267.5,-306.72,-0.19,3.72,143.64,0.09,-304.86,-0.19,-41439.36,-82.88,11
1374,Exit short,2026-04-17 10:39,S249617X,26801.25,3,160504.5,-306.72,-0.19,3.72,308.64,0.19,-304.86,-0.19,-41746.08,-83.49,22
1374,Entry short,2026-04-17 10:17,S249617,26750.75,3,160504.5,-306.72,-0.19,3.72,308.64,0.19,-304.86,-0.19,-41746.08,-83.49,22
1375,Exit short,2026-04-17 11:31,S249650X,26856.5,6,321972,-313.44,-0.10,7.44,344.28,0.11,-309.72,-0.10,-42059.52,-84.12,41
1375,Entry short,2026-04-17 10:50,S249650,26831,6,321972,-313.44,-0.10,7.44,344.28,0.11,-309.72,-0.10,-42059.52,-84.12,41
1376,Exit long,2026-04-17 14:06,L249840X,26784.5,6,321720,-313.44,-0.10,7.44,143.28,0.04,-309.72,-0.10,-42372.96,-84.75,6
1376,Entry long,2026-04-17 14:00,L249840,26810,6,321720,-313.44,-0.10,7.44,143.28,0.04,-309.72,-0.10,-42372.96,-84.75,6
1377,Exit long,2026-04-17 14:22,L249855X,26755.5,6,321372,-313.44,-0.10,7.44,131.28,0.04,-309.72,-0.10,-42686.4,-85.37,7
1377,Entry long,2026-04-17 14:15,L249855,26781,6,321372,-313.44,-0.10,7.44,131.28,0.04,-309.72,-0.10,-42686.4,-85.37,7
1378,Exit long,2026-04-17 15:39,L249863X,26814.75,6,321330,439.56,0.14,7.44,443.28,0.14,-240.72,-0.07,-42246.84,-84.49,76
1378,Entry long,2026-04-17 14:23,L249863,26777.5,6,321330,439.56,0.14,7.44,443.28,0.14,-240.72,-0.07,-42246.84,-84.49,76
1379,Exit long,2026-04-20 09:32,L250950X,26749.75,3,160801.5,-306.72,-0.19,3.72,0,0.00,-304.86,-0.19,-42553.56,-85.11,2
1379,Entry long,2026-04-20 09:30,L250950,26800.25,3,160801.5,-306.72,-0.19,3.72,0,0.00,-304.86,-0.19,-42553.56,-85.11,2
1380,Exit long,2026-04-20 09:36,L250954X,26785.75,6,321735,-313.44,-0.10,7.44,62.28,0.02,-309.72,-0.10,-42867,-85.73,2
1380,Entry long,2026-04-20 09:34,L250954,26811.25,6,321735,-313.44,-0.10,7.44,62.28,0.02,-309.72,-0.10,-42867,-85.73,2
1381,Exit long,2026-04-20 10:41,L250971X,26697.25,3,160486.5,-306.72,-0.19,3.72,337.14,0.21,-304.86,-0.19,-43173.72,-86.35,50
1381,Entry long,2026-04-20 09:51,L250971,26747.75,3,160486.5,-306.72,-0.19,3.72,337.14,0.21,-304.86,-0.19,-43173.72,-86.35,50
1382,Exit long,2026-04-20 10:51,L251026X,26675.5,6,320412,-313.44,-0.10,7.44,242.28,0.08,-309.72,-0.10,-43487.16,-86.97,5
1382,Entry long,2026-04-20 10:46,L251026,26701,6,320412,-313.44,-0.10,7.44,242.28,0.08,-309.72,-0.10,-43487.16,-86.97,5
1383,Exit long,2026-04-20 14:55,L251220X,26746.75,6,320514,439.56,0.14,7.44,443.28,0.14,-171.72,-0.05,-43047.6,-86.10,55
1383,Entry long,2026-04-20 14:00,L251220,26709.5,6,320514,439.56,0.14,7.44,443.28,0.14,-171.72,-0.05,-43047.6,-86.10,55
1384,Exit short,2026-04-20 15:55,flat 15:55,26725.25,6,320850,139.56,0.04,7.44,347.28,0.11,-63.72,-0.02,-42908.04,-85.82,58
1384,Entry short,2026-04-20 14:57,S251277,26737.5,6,320850,139.56,0.04,7.44,347.28,0.11,-63.72,-0.02,-42908.04,-85.82,58
1385,Exit short,2026-04-21 09:57,S252330X,26823.5,3,160638,-306.72,-0.19,3.72,278.64,0.17,-304.86,-0.19,-43214.76,-86.43,27
1385,Entry short,2026-04-21 09:30,S252330,26773,3,160638,-306.72,-0.19,3.72,278.64,0.17,-304.86,-0.19,-43214.76,-86.43,27
1386,Exit short,2026-04-21 10:07,S252362X,26862.5,6,322044,-313.44,-0.10,7.44,185.28,0.06,-309.72,-0.10,-43528.2,-87.06,5
1386,Entry short,2026-04-21 10:02,S252362,26837,6,322044,-313.44,-0.10,7.44,185.28,0.06,-309.72,-0.10,-43528.2,-87.06,5
1387,Exit short,2026-04-21 10:17,S252373X,26878.5,6,322236,-313.44,-0.10,7.44,0,0.00,-309.72,-0.10,-43841.64,-87.68,4
1387,Entry short,2026-04-21 10:13,S252373,26853,6,322236,-313.44,-0.10,7.44,0,0.00,-309.72,-0.10,-43841.64,-87.68,4
1388,Exit short,2026-04-21 10:23,S252378X,26819.75,6,322284,439.56,0.14,7.44,443.28,0.14,-42.72,-0.01,-43402.08,-86.80,5
1388,Entry short,2026-04-21 10:18,S252378,26857,6,322284,439.56,0.14,7.44,443.28,0.14,-42.72,-0.01,-43402.08,-86.80,5
1389,Exit short,2026-04-21 10:28,S252383X,26848,6,321870,-313.44,-0.10,7.44,86.28,0.03,-309.72,-0.10,-43715.52,-87.43,5
1389,Entry short,2026-04-21 10:23,S252383,26822.5,6,321870,-313.44,-0.10,7.44,86.28,0.03,-309.72,-0.10,-43715.52,-87.43,5
1390,Exit short,2026-04-21 10:41,S252388X,26856.25,6,321969,-313.44,-0.10,7.44,167.28,0.05,-309.72,-0.10,-44028.96,-88.06,13
1390,Entry short,2026-04-21 10:28,S252388,26830.75,6,321969,-313.44,-0.10,7.44,167.28,0.05,-309.72,-0.10,-44028.96,-88.06,13
1391,Exit short,2026-04-21 10:48,S252404X,26787,6,321891,439.56,0.14,7.44,443.28,0.14,-66.72,-0.02,-43589.4,-87.18,4
1391,Entry short,2026-04-21 10:44,S252404,26824.25,6,321891,439.56,0.14,7.44,443.28,0.14,-66.72,-0.02,-43589.4,-87.18,4
1392,Exit long,2026-04-21 14:16,L252600X,26683.75,6,320511,-313.44,-0.10,7.44,269.28,0.08,-309.72,-0.10,-43902.84,-87.81,16
1392,Entry long,2026-04-21 14:00,L252600,26709.25,6,320511,-313.44,-0.10,7.44,269.28,0.08,-309.72,-0.10,-43902.84,-87.81,16
1393,Exit long,2026-04-21 14:54,L252625X,26725.25,6,320256,439.56,0.14,7.44,443.28,0.14,-279.72,-0.09,-43463.28,-86.93,29
1393,Entry long,2026-04-21 14:25,L252625,26688,6,320256,439.56,0.14,7.44,443.28,0.14,-279.72,-0.09,-43463.28,-86.93,29
1394,Exit short,2026-04-22 10:14,S253710X,26918.5,3,161208,-306.72,-0.19,3.72,359.64,0.22,-304.86,-0.19,-43770,-87.54,44
1394,Entry short,2026-04-22 09:30,S253710,26868,3,161208,-306.72,-0.19,3.72,359.64,0.22,-304.86,-0.19,-43770,-87.54,44
1395,Exit short,2026-04-22 10:20,S253758X,26956.5,6,323172,-313.44,-0.10,7.44,17.28,0.01,-309.72,-0.10,-44083.44,-88.17,2
1395,Entry short,2026-04-22 10:18,S253758,26931,6,323172,-313.44,-0.10,7.44,17.28,0.01,-309.72,-0.10,-44083.44,-88.17,2
1396,Exit short,2026-04-22 10:37,S253772X,26990.5,6,323580,-313.44,-0.10,7.44,242.28,0.07,-309.72,-0.10,-44396.88,-88.79,5
1396,Entry short,2026-04-22 10:32,S253772,26965,6,323580,-313.44,-0.10,7.44,242.28,0.07,-309.72,-0.10,-44396.88,-88.79,5
1397,Exit short,2026-04-22 10:53,S253781X,26948.25,6,323826,439.56,0.14,7.44,443.28,0.14,-57.72,-0.02,-43957.32,-87.91,12
1397,Entry short,2026-04-22 10:41,S253781,26985.5,6,323826,439.56,0.14,7.44,443.28,0.14,-57.72,-0.02,-43957.32,-87.91,12
1398,Exit long,2026-04-22 14:17,L253980X,27010.5,6,324432,-313.44,-0.10,7.44,59.28,0.02,-309.72,-0.10,-44270.76,-88.54,17
1398,Entry long,2026-04-22 14:00,L253980,27036,6,324432,-313.44,-0.10,7.44,59.28,0.02,-309.72,-0.10,-44270.76,-88.54,17
1399,Exit long,2026-04-22 14:22,L253998X,26995.5,6,324252,-313.44,-0.10,7.44,2.28,0.00,-309.72,-0.10,-44584.2,-89.17,4
1399,Entry long,2026-04-22 14:18,L253998,27021,6,324252,-313.44,-0.10,7.44,2.28,0.00,-309.72,-0.10,-44584.2,-89.17,4
1400,Exit long,2026-04-22 15:01,L254004X,26982,6,324090,-313.44,-0.10,7.44,395.28,0.12,-309.72,-0.10,-44897.64,-89.80,37
1400,Entry long,2026-04-22 14:24,L254004,27007.5,6,324090,-313.44,-0.10,7.44,395.28,0.12,-309.72,-0.10,-44897.64,-89.80,37
1401,Exit short,2026-04-23 09:39,S255090X,27044,3,161961,-306.72,-0.19,3.72,106.14,0.07,-304.86,-0.19,-45204.36,-90.41,9
1401,Entry short,2026-04-23 09:30,S255090,26993.5,3,161961,-306.72,-0.19,3.72,106.14,0.07,-304.86,-0.19,-45204.36,-90.41,9
1402,Exit short,2026-04-23 10:00,S255109X,27005,3,162478.5,444.78,0.27,3.72,446.64,0.27,-15.36,-0.01,-44759.58,-89.52,11
1402,Entry short,2026-04-23 09:49,S255109,27079.75,3,162478.5,444.78,0.27,3.72,446.64,0.27,-15.36,-0.01,-44759.58,-89.52,11
1403,Exit long,2026-04-23 10:55,L255122X,27082,3,162043.5,444.78,0.27,3.72,446.64,0.28,-177.36,-0.11,-44314.8,-88.63,53
1403,Entry long,2026-04-23 10:02,L255122,27007.25,3,162043.5,444.78,0.27,3.72,446.64,0.28,-177.36,-0.11,-44314.8,-88.63,53
1404,Exit short,2026-04-23 14:01,S255360X,26922.75,3,161233.5,-306.72,-0.19,3.72,74.64,0.05,-304.86,-0.19,-44621.52,-89.24,1
1404,Entry short,2026-04-23 14:00,S255360,26872.25,3,161233.5,-306.72,-0.19,3.72,74.64,0.05,-304.86,-0.19,-44621.52,-89.24,1
1405,Exit long,2026-04-23 14:59,L255361X,26858,3,161451,-306.72,-0.19,3.72,442.14,0.27,-304.86,-0.19,-44928.24,-89.86,58
1405,Entry long,2026-04-23 14:01,L255361,26908.5,3,161451,-306.72,-0.19,3.72,442.14,0.27,-304.86,-0.19,-44928.24,-89.86,58
1406,Exit short,2026-04-24 09:34,S256470X,27237.75,3,163123.5,-306.72,-0.19,3.72,28.14,0.02,-304.86,-0.19,-45234.96,-90.47,4
1406,Entry short,2026-04-24 09:30,S256470,27187.25,3,163123.5,-306.72,-0.19,3.72,28.14,0.02,-304.86,-0.19,-45234.96,-90.47,4
1407,Exit long,2026-04-24 10:12,L256497X,27254.5,3,163078.5,444.78,0.27,3.72,446.64,0.27,-145.86,-0.09,-44790.18,-89.58,15
1407,Entry long,2026-04-24 09:57,L256497,27179.75,3,163078.5,444.78,0.27,3.72,446.64,0.27,-145.86,-0.09,-44790.18,-89.58,15
1408,Exit short,2026-04-24 10:56,S256514X,27284.75,3,163405.5,-306.72,-0.19,3.72,403.14,0.25,-304.86,-0.19,-45096.9,-90.19,42
1408,Entry short,2026-04-24 10:14,S256514,27234.25,3,163405.5,-306.72,-0.19,3.72,403.14,0.25,-304.86,-0.19,-45096.9,-90.19,42
1409,Exit short,2026-04-24 11:30,S256558X,27334,3,163701,-306.72,-0.19,3.72,19.14,0.01,-304.86,-0.19,-45403.62,-90.81,32
1409,Entry short,2026-04-24 10:58,S256558,27283.5,3,163701,-306.72,-0.19,3.72,19.14,0.01,-304.86,-0.19,-45403.62,-90.81,32
1410,Exit short,2026-04-24 14:22,S256740X,27386.5,6,329085,439.56,0.13,7.44,443.28,0.13,-246.72,-0.07,-44964.06,-89.93,22
1410,Entry short,2026-04-24 14:00,S256740,27423.75,6,329085,439.56,0.13,7.44,443.28,0.13,-246.72,-0.07,-44964.06,-89.93,22
1411,Exit long,2026-04-24 15:10,L256764X,27433.5,6,328755,439.56,0.13,7.44,443.28,0.13,-153.72,-0.05,-44524.5,-89.05,46
1411,Entry long,2026-04-24 14:24,L256764,27396.25,6,328755,439.56,0.13,7.44,443.28,0.13,-153.72,-0.05,-44524.5,-89.05,46
1412,Exit short,2026-04-27 09:51,S257850X,27304.25,3,164274,444.78,0.27,3.72,446.64,0.27,-204.36,-0.12,-44079.72,-88.16,21
1412,Entry short,2026-04-27 09:30,S257850,27379,3,164274,444.78,0.27,3.72,446.64,0.27,-204.36,-0.12,-44079.72,-88.16,21
1413,Exit long,2026-04-27 13:15,L257873X,27416.25,3,164049,444.78,0.27,3.72,446.64,0.27,-207.36,-0.13,-43634.94,-87.27,202
1413,Entry long,2026-04-27 09:53,L257873,27341.5,3,164049,444.78,0.27,3.72,446.64,0.27,-207.36,-0.13,-43634.94,-87.27,202
1414,Exit short,2026-04-27 15:51,S258120X,27451.75,6,329115,-313.44,-0.10,7.44,434.28,0.13,-309.72,-0.09,-43948.38,-87.90,111
1414,Entry short,2026-04-27 14:00,S258120,27426.25,6,329115,-313.44,-0.10,7.44,434.28,0.13,-309.72,-0.09,-43948.38,-87.90,111
1415,Exit short,2026-04-28 09:33,S259230X,27141.25,3,162544.5,-306.72,-0.19,3.72,127.14,0.08,-304.86,-0.19,-44255.1,-88.51,3
1415,Entry short,2026-04-28 09:30,S259230,27090.75,3,162544.5,-306.72,-0.19,3.72,127.14,0.08,-304.86,-0.19,-44255.1,-88.51,3
1416,Exit short,2026-04-28 10:35,S259252X,27127.5,3,163213.5,444.78,0.27,3.72,446.64,0.27,-195.36,-0.12,-43810.32,-87.62,43
1416,Entry short,2026-04-28 09:52,S259252,27202.25,3,163213.5,444.78,0.27,3.72,446.64,0.27,-195.36,-0.12,-43810.32,-87.62,43
1417,Exit long,2026-04-28 10:50,L259301X,27035,3,162513,-306.72,-0.19,3.72,164.64,0.10,-304.86,-0.19,-44117.04,-88.23,9
1417,Entry long,2026-04-28 10:41,L259301,27085.5,3,162513,-306.72,-0.19,3.72,164.64,0.10,-304.86,-0.19,-44117.04,-88.23,9
1418,Exit long,2026-04-28 13:41,L259312X,27127.5,3,162316.5,444.78,0.27,3.72,446.64,0.28,-280.86,-0.17,-43672.26,-87.34,169
1418,Entry long,2026-04-28 10:52,L259312,27052.75,3,162316.5,444.78,0.27,3.72,446.64,0.28,-280.86,-0.17,-43672.26,-87.34,169
1419,Exit long,2026-04-28 14:23,L259500X,27180,6,325713,439.56,0.13,7.44,443.28,0.14,-267.72,-0.08,-43232.7,-86.47,23
1419,Entry long,2026-04-28 14:00,L259500,27142.75,6,325713,439.56,0.13,7.44,443.28,0.14,-267.72,-0.08,-43232.7,-86.47,23
1420,Exit short,2026-04-28 15:00,S259531X,27195.75,6,326043,-313.44,-0.10,7.44,227.28,0.07,-309.72,-0.09,-43546.14,-87.09,29
1420,Entry short,2026-04-28 14:31,S259531,27170.25,6,326043,-313.44,-0.10,7.44,227.28,0.07,-309.72,-0.09,-43546.14,-87.09,29
1421,Exit short,2026-04-29 09:50,S260610X,27204.5,3,162924,-306.72,-0.19,3.72,176.64,0.11,-304.86,-0.19,-43852.86,-87.71,20
1421,Entry short,2026-04-29 09:30,S260610,27154,3,162924,-306.72,-0.19,3.72,176.64,0.11,-304.86,-0.19,-43852.86,-87.71,20
1422,Exit short,2026-04-29 10:24,S260661X,27242.75,6,326607,-313.44,-0.10,7.44,0,0.00,-309.72,-0.09,-44166.3,-88.33,3
1422,Entry short,2026-04-29 10:21,S260661,27217.25,6,326607,-313.44,-0.10,7.44,0,0.00,-309.72,-0.09,-44166.3,-88.33,3
1423,Exit short,2026-04-29 10:28,S260666X,27267.25,6,326901,-313.44,-0.10,7.44,32.28,0.01,-309.72,-0.09,-44479.74,-88.96,2
1423,Entry short,2026-04-29 10:26,S260666,27241.75,6,326901,-313.44,-0.10,7.44,32.28,0.01,-309.72,-0.09,-44479.74,-88.96,2
1424,Exit short,2026-04-29 10:34,S260670X,27286.75,6,327135,-313.44,-0.10,7.44,152.28,0.05,-309.72,-0.09,-44793.18,-89.59,4
1424,Entry short,2026-04-29 10:30,S260670,27261.25,6,327135,-313.44,-0.10,7.44,152.28,0.05,-309.72,-0.09,-44793.18,-89.59,4
1425,Exit short,2026-04-29 10:44,S260681X,27306.75,6,327375,-313.44,-0.10,7.44,17.28,0.01,-309.72,-0.09,-45106.62,-90.21,3
1425,Entry short,2026-04-29 10:41,S260681,27281.25,6,327375,-313.44,-0.10,7.44,17.28,0.01,-309.72,-0.09,-45106.62,-90.21,3
1426,Exit short,2026-04-29 11:10,S260687X,27248.75,6,327432,439.56,0.13,7.44,443.28,0.14,-297.72,-0.09,-44667.06,-89.33,23
1426,Entry short,2026-04-29 10:47,S260687,27286,6,327432,439.56,0.13,7.44,443.28,0.14,-297.72,-0.09,-44667.06,-89.33,23
1427,Exit short,2026-04-29 14:55,S260880X,27277,3,163359,-306.72,-0.19,3.72,409.14,0.25,-304.86,-0.19,-44973.78,-89.95,55
1427,Entry short,2026-04-29 14:00,S260880,27226.5,3,163359,-306.72,-0.19,3.72,409.14,0.25,-304.86,-0.19,-44973.78,-89.95,55
1428,Exit short,2026-04-30 09:33,S261990X,27360.5,3,164611.5,444.78,0.27,3.72,446.64,0.27,-42.36,-0.03,-44529,-89.06,3
1428,Entry short,2026-04-30 09:30,S261990,27435.25,3,164611.5,444.78,0.27,3.72,446.64,0.27,-42.36,-0.03,-44529,-89.06,3
1429,Exit short,2026-04-30 09:40,S261993X,27284.5,3,164155.5,444.78,0.27,3.72,446.64,0.27,-81.36,-0.05,-44084.22,-88.17,7
1429,Entry short,2026-04-30 09:33,S261993,27359.25,3,164155.5,444.78,0.27,3.72,446.64,0.27,-81.36,-0.05,-44084.22,-88.17,7
1430,Exit long,2026-04-30 09:54,L262002X,27255.25,3,163834.5,-306.72,-0.19,3.72,355.14,0.22,-304.86,-0.19,-44390.94,-88.78,12
1430,Entry long,2026-04-30 09:42,L262002,27305.75,3,163834.5,-306.72,-0.19,3.72,355.14,0.22,-304.86,-0.19,-44390.94,-88.78,12
1431,Exit long,2026-04-30 10:08,L262021X,27228.75,3,163675.5,-306.72,-0.19,3.72,143.64,0.09,-304.86,-0.19,-44697.66,-89.40,7
1431,Entry long,2026-04-30 10:01,L262021,27279.25,3,163675.5,-306.72,-0.19,3.72,143.64,0.09,-304.86,-0.19,-44697.66,-89.40,7
1432,Exit long,2026-04-30 10:16,L262032X,27185,3,163413,-306.72,-0.19,3.72,230.64,0.14,-304.86,-0.19,-45004.38,-90.01,4
1432,Entry long,2026-04-30 10:12,L262032,27235.5,3,163413,-306.72,-0.19,3.72,230.64,0.14,-304.86,-0.19,-45004.38,-90.01,4
1433,Exit long,2026-04-30 10:32,L262038X,27275.5,3,163204.5,444.78,0.27,3.72,446.64,0.27,-90.36,-0.06,-44559.6,-89.12,14
1433,Entry long,2026-04-30 10:18,L262038,27200.75,3,163204.5,444.78,0.27,3.72,446.64,0.27,-90.36,-0.06,-44559.6,-89.12,14
1434,Exit long,2026-04-30 10:46,L262060X,27279.5,3,163228.5,444.78,0.27,3.72,446.64,0.27,-81.36,-0.05,-44114.82,-88.23,6
1434,Entry long,2026-04-30 10:40,L262060,27204.75,3,163228.5,444.78,0.27,3.72,446.64,0.27,-81.36,-0.05,-44114.82,-88.23,6
1435,Exit long,2026-04-30 10:57,L262066X,27363.75,3,163734,444.78,0.27,3.72,446.64,0.27,-94.86,-0.06,-43670.04,-87.34,11
1435,Entry long,2026-04-30 10:46,L262066,27289,3,163734,444.78,0.27,3.72,446.64,0.27,-94.86,-0.06,-43670.04,-87.34,11
1436,Exit long,2026-04-30 13:11,L262077X,27443.25,3,164211,444.78,0.27,3.72,446.64,0.27,-226.86,-0.14,-43225.26,-86.45,134
1436,Entry long,2026-04-30 10:57,L262077,27368.5,3,164211,444.78,0.27,3.72,446.64,0.27,-226.86,-0.14,-43225.26,-86.45,134
1437,Exit long,2026-04-30 15:55,flat 15:55,27586.25,3,165441,72.78,0.04,3.72,304.14,0.18,-189.36,-0.11,-43152.48,-86.30,115
1437,Entry long,2026-04-30 14:00,L262260,27573.5,3,165441,72.78,0.04,3.72,304.14,0.18,-189.36,-0.11,-43152.48,-86.30,115
1438,Exit long,2026-05-01 09:34,L263370X,27740.75,3,165996,444.78,0.27,3.72,446.64,0.27,-48.36,-0.03,-42707.7,-85.42,4
1438,Entry long,2026-05-01 09:30,L263370,27666,3,165996,444.78,0.27,3.72,446.64,0.27,-48.36,-0.03,-42707.7,-85.42,4
1439,Exit long,2026-05-01 09:40,L263374X,27773.75,6,332838,439.56,0.13,7.44,443.28,0.13,-159.72,-0.05,-42268.14,-84.54,6
1439,Entry long,2026-05-01 09:34,L263374,27736.5,6,332838,439.56,0.13,7.44,443.28,0.13,-159.72,-0.05,-42268.14,-84.54,6
1440,Exit short,2026-05-01 09:50,S263382X,27797,6,333258,-313.44,-0.09,7.44,230.28,0.07,-309.72,-0.09,-42581.58,-85.16,8
1440,Entry short,2026-05-01 09:42,S263382,27771.5,6,333258,-313.44,-0.09,7.44,230.28,0.07,-309.72,-0.09,-42581.58,-85.16,8
1441,Exit short,2026-05-01 10:36,S263405X,27798,3,167236.5,444.78,0.27,3.72,446.64,0.27,-214.86,-0.13,-42136.8,-84.27,31
1441,Entry short,2026-05-01 10:05,S263405,27872.75,3,167236.5,444.78,0.27,3.72,446.64,0.27,-214.86,-0.13,-42136.8,-84.27,31
1442,Exit short,2026-05-01 10:43,S263436X,27824.5,3,166644,-306.72,-0.18,3.72,133.14,0.08,-304.86,-0.18,-42443.52,-84.89,7
1442,Entry short,2026-05-01 10:36,S263436,27774,3,166644,-306.72,-0.18,3.72,133.14,0.08,-304.86,-0.18,-42443.52,-84.89,7
1443,Exit short,2026-05-01 11:18,S263450X,27849.5,3,166794,-306.72,-0.18,3.72,176.64,0.11,-304.86,-0.18,-42750.24,-85.50,28
1443,Entry short,2026-05-01 10:50,S263450,27799,3,166794,-306.72,-0.18,3.72,176.64,0.11,-304.86,-0.18,-42750.24,-85.50,28
1444,Exit long,2026-05-01 14:05,L263640X,27862.5,6,334656,-313.44,-0.09,7.44,2.28,0.00,-309.72,-0.09,-43063.68,-86.13,5
1444,Entry long,2026-05-01 14:00,L263640,27888,6,334656,-313.44,-0.09,7.44,2.28,0.00,-309.72,-0.09,-43063.68,-86.13,5
1445,Exit long,2026-05-01 14:14,L263648X,27850.25,6,334509,-313.44,-0.09,7.44,74.28,0.02,-309.72,-0.09,-43377.12,-86.75,6
1445,Entry long,2026-05-01 14:08,L263648,27875.75,6,334509,-313.44,-0.09,7.44,74.28,0.02,-309.72,-0.09,-43377.12,-86.75,6
1446,Exit long,2026-05-01 14:35,L263662X,27832.75,6,334299,-313.44,-0.09,7.44,185.28,0.06,-309.72,-0.09,-43690.56,-87.38,13
1446,Entry long,2026-05-01 14:22,L263662,27858.25,6,334299,-313.44,-0.09,7.44,185.28,0.06,-309.72,-0.09,-43690.56,-87.38,13
1447,Exit long,2026-05-01 15:09,L263689X,27848.5,6,333735,439.56,0.13,7.44,443.28,0.13,-159.72,-0.05,-43251,-86.50,20
1447,Entry long,2026-05-01 14:49,L263689,27811.25,6,333735,439.56,0.13,7.44,443.28,0.13,-159.72,-0.05,-43251,-86.50,20
1448,Exit short,2026-05-04 09:47,S264750X,27891.75,3,167047.5,-306.72,-0.18,3.72,196.14,0.12,-304.86,-0.18,-43557.72,-87.12,17
1448,Entry short,2026-05-04 09:30,S264750,27841.25,3,167047.5,-306.72,-0.18,3.72,196.14,0.12,-304.86,-0.18,-43557.72,-87.12,17
1449,Exit short,2026-05-04 10:43,S264781X,27928.75,3,167269.5,-306.72,-0.18,3.72,290.64,0.17,-304.86,-0.18,-43864.44,-87.73,42
1449,Entry short,2026-05-04 10:01,S264781,27878.25,3,167269.5,-306.72,-0.18,3.72,290.64,0.17,-304.86,-0.18,-43864.44,-87.73,42
1450,Exit short,2026-05-04 10:57,S264833X,27891,6,335139,439.56,0.13,7.44,443.28,0.13,-96.72,-0.03,-43424.88,-86.85,4
1450,Entry short,2026-05-04 10:53,S264833,27928.25,6,335139,439.56,0.13,7.44,443.28,0.13,-96.72,-0.03,-43424.88,-86.85,4
1451,Exit short,2026-05-04 11:02,S264839X,27907.25,6,334581,-313.44,-0.09,7.44,413.28,0.12,-309.72,-0.09,-43738.32,-87.48,3
1451,Entry short,2026-05-04 10:59,S264839,27881.75,6,334581,-313.44,-0.09,7.44,413.28,0.12,-309.72,-0.09,-43738.32,-87.48,3
1452,Exit long,2026-05-04 14:18,L265020X,27771.5,6,333564,-313.44,-0.09,7.44,251.28,0.08,-309.72,-0.09,-44051.76,-88.10,18
1452,Entry long,2026-05-04 14:00,L265020,27797,6,333564,-313.44,-0.09,7.44,251.28,0.08,-309.72,-0.09,-44051.76,-88.10,18
1453,Exit long,2026-05-04 14:44,L265048X,27732,6,333090,-313.44,-0.09,7.44,227.28,0.07,-309.72,-0.09,-44365.2,-88.73,16
1453,Entry long,2026-05-04 14:28,L265048,27757.5,6,333090,-313.44,-0.09,7.44,227.28,0.07,-309.72,-0.09,-44365.2,-88.73,16
1454,Exit long,2026-05-04 15:06,L265067X,27775,6,332853,439.56,0.13,7.44,443.28,0.13,-141.72,-0.04,-43925.64,-87.85,19
1454,Entry long,2026-05-04 14:47,L265067,27737.75,6,332853,439.56,0.13,7.44,443.28,0.13,-141.72,-0.04,-43925.64,-87.85,19
1455,Exit long,2026-05-05 09:41,L266130X,28078.25,3,168021,444.78,0.26,3.72,446.64,0.27,-199.86,-0.12,-43480.86,-86.96,11
1455,Entry long,2026-05-05 09:30,L266130,28003.5,3,168021,444.78,0.26,3.72,446.64,0.27,-199.86,-0.12,-43480.86,-86.96,11
1456,Exit short,2026-05-05 10:24,S266154X,28120,3,168417,-306.72,-0.18,3.72,221.64,0.13,-304.86,-0.18,-43787.58,-87.58,30
1456,Entry short,2026-05-05 09:54,S266154,28069.5,3,168417,-306.72,-0.18,3.72,221.64,0.13,-304.86,-0.18,-43787.58,-87.58,30
1457,Exit short,2026-05-05 14:04,S266187X,28169.75,3,168715.5,-306.72,-0.18,3.72,284.64,0.17,-304.86,-0.18,-44094.3,-88.19,217
1457,Entry short,2026-05-05 10:27,S266187,28119.25,3,168715.5,-306.72,-0.18,3.72,284.64,0.17,-304.86,-0.18,-44094.3,-88.19,217
1458,Exit long,2026-05-05 14:53,L266404X,28154.5,9,507087,-317.16,-0.06,11.16,309.42,0.06,-311.58,-0.06,-44411.46,-88.82,49
1458,Entry long,2026-05-05 14:04,L266404,28171.5,9,507087,-317.16,-0.06,11.16,309.42,0.06,-311.58,-0.06,-44411.46,-88.82,49
1459,Exit short,2026-05-06 09:32,S267510X,28398.5,3,170088,-306.72,-0.18,3.72,16.14,0.01,-304.86,-0.18,-44718.18,-89.44,2
1459,Entry short,2026-05-06 09:30,S267510,28348,3,170088,-306.72,-0.18,3.72,16.14,0.01,-304.86,-0.18,-44718.18,-89.44,2
1460,Exit long,2026-05-06 10:06,L267514X,28393.75,3,170665.5,-306.72,-0.18,3.72,368.64,0.22,-304.86,-0.18,-45024.9,-90.05,32
1460,Entry long,2026-05-06 09:34,L267514,28444.25,3,170665.5,-306.72,-0.18,3.72,368.64,0.22,-304.86,-0.18,-45024.9,-90.05,32
1461,Exit short,2026-05-06 10:34,S267557X,28486,3,170613,-306.72,-0.18,3.72,182.64,0.11,-304.86,-0.18,-45331.62,-90.66,17
1461,Entry short,2026-05-06 10:17,S267557,28435.5,3,170613,-306.72,-0.18,3.72,182.64,0.11,-304.86,-0.18,-45331.62,-90.66,17
1462,Exit short,2026-05-06 10:45,S267577X,28533,3,170895,-306.72,-0.18,3.72,41.64,0.02,-304.86,-0.18,-45638.34,-91.28,8
1462,Entry short,2026-05-06 10:37,S267577,28482.5,3,170895,-306.72,-0.18,3.72,41.64,0.02,-304.86,-0.18,-45638.34,-91.28,8
1463,Exit long,2026-05-06 14:17,L267780X,28637.75,6,343206,439.56,0.13,7.44,443.28,0.13,-102.72,-0.03,-45198.78,-90.40,17
1463,Entry long,2026-05-06 14:00,L267780,28600.5,6,343206,439.56,0.13,7.44,443.28,0.13,-102.72,-0.03,-45198.78,-90.40,17
1464,Exit short,2026-05-06 14:35,S267799X,28654,6,343542,-313.44,-0.09,7.44,56.28,0.02,-309.72,-0.09,-45512.22,-91.02,16
1464,Entry short,2026-05-06 14:19,S267799,28628.5,6,343542,-313.44,-0.09,7.44,56.28,0.02,-309.72,-0.09,-45512.22,-91.02,16
1465,Exit short,2026-05-06 15:13,S267821X,28676.5,6,343812,-313.44,-0.09,7.44,212.28,0.06,-309.72,-0.09,-45825.66,-91.65,32
1465,Entry short,2026-05-06 14:41,S267821,28651,6,343812,-313.44,-0.09,7.44,212.28,0.06,-309.72,-0.09,-45825.66,-91.65,32
1466,Exit short,2026-05-07 09:54,S268890X,28783.75,3,172399.5,-306.72,-0.18,3.72,149.64,0.09,-304.86,-0.18,-46132.38,-92.26,24
1466,Entry short,2026-05-07 09:30,S268890,28733.25,3,172399.5,-306.72,-0.18,3.72,149.64,0.09,-304.86,-0.18,-46132.38,-92.26,24
1467,Exit short,2026-05-07 10:07,S268918X,28831.5,3,172686,-306.72,-0.18,3.72,62.64,0.04,-304.86,-0.18,-46439.1,-92.88,9
1467,Entry short,2026-05-07 09:58,S268918,28781,3,172686,-306.72,-0.18,3.72,62.64,0.04,-304.86,-0.18,-46439.1,-92.88,9
1468,Exit short,2026-05-07 10:15,S268933X,28856.5,6,345972,-313.44,-0.09,7.44,0,0.00,-309.72,-0.09,-46752.54,-93.51,2
1468,Entry short,2026-05-07 10:13,S268933,28831,6,345972,-313.44,-0.09,7.44,0,0.00,-309.72,-0.09,-46752.54,-93.51,2
1469,Exit short,2026-05-07 10:16,S268935X,28854,6,345942,-313.44,-0.09,7.44,65.28,0.02,-309.72,-0.09,-47065.98,-94.13,1
1469,Entry short,2026-05-07 10:15,S268935,28828.5,6,345942,-313.44,-0.09,7.44,65.28,0.02,-309.72,-0.09,-47065.98,-94.13,1
1470,Exit short,2026-05-07 10:39,S268949X,28898.75,6,346479,-313.44,-0.09,7.44,152.28,0.04,-309.72,-0.09,-47379.42,-94.76,10
1470,Entry short,2026-05-07 10:29,S268949,28873.25,6,346479,-313.44,-0.09,7.44,152.28,0.04,-309.72,-0.09,-47379.42,-94.76,10
1471,Exit short,2026-05-07 10:54,S268961X,28919,6,346722,-313.44,-0.09,7.44,278.28,0.08,-309.72,-0.09,-47692.86,-95.39,13
1471,Entry short,2026-05-07 10:41,S268961,28893.5,6,346722,-313.44,-0.09,7.44,278.28,0.08,-309.72,-0.09,-47692.86,-95.39,13
1472,Exit short,2026-05-07 14:10,S269160X,28658.25,6,344346,439.56,0.13,7.44,443.28,0.13,-255.72,-0.07,-47253.3,-94.51,10
1472,Entry short,2026-05-07 14:00,S269160,28695.5,6,344346,439.56,0.13,7.44,443.28,0.13,-255.72,-0.07,-47253.3,-94.51,10
1473,Exit long,2026-05-07 14:38,L269190X,28645.5,6,344052,-313.44,-0.09,7.44,239.28,0.07,-309.72,-0.09,-47566.74,-95.13,8
1473,Entry long,2026-05-07 14:30,L269190,28671,6,344052,-313.44,-0.09,7.44,239.28,0.07,-309.72,-0.09,-47566.74,-95.13,8
1474,Exit long,2026-05-07 14:43,L269199X,28643,6,344022,-313.44,-0.09,7.44,20.28,0.01,-309.72,-0.09,-47880.18,-95.76,4
1474,Entry long,2026-05-07 14:39,L269199,28668.5,6,344022,-313.44,-0.09,7.44,20.28,0.01,-309.72,-0.09,-47880.18,-95.76,4
1475,Exit long,2026-05-07 15:50,L269211X,28688.25,3,171681,444.78,0.26,3.72,446.64,0.26,-162.36,-0.09,-47435.4,-94.87,59
1475,Entry long,2026-05-07 14:51,L269211,28613.5,3,171681,444.78,0.26,3.72,446.64,0.26,-162.36,-0.09,-47435.4,-94.87,59
1476,Exit long,2026-05-08 09:34,L270270X,28965,3,173341.5,444.78,0.26,3.72,446.64,0.26,-64.86,-0.04,-46990.62,-93.98,4
1476,Entry long,2026-05-08 09:30,L270270,28890.25,3,173341.5,444.78,0.26,3.72,446.64,0.26,-64.86,-0.04,-46990.62,-93.98,4
1477,Exit short,2026-05-08 09:45,S270280X,29001.5,3,173706,-306.72,-0.18,3.72,28.14,0.02,-304.86,-0.18,-47297.34,-94.59,5
1477,Entry short,2026-05-08 09:40,S270280,28951,3,173706,-306.72,-0.18,3.72,28.14,0.02,-304.86,-0.18,-47297.34,-94.59,5
1478,Exit short,2026-05-08 09:59,S270296X,29105.5,3,174330,-306.72,-0.18,3.72,55.14,0.03,-304.86,-0.17,-47604.06,-95.21,3
1478,Entry short,2026-05-08 09:56,S270296,29055,3,174330,-306.72,-0.18,3.72,55.14,0.03,-304.86,-0.17,-47604.06,-95.21,3
1479,Exit short,2026-05-08 10:22,S270310X,29141.5,3,174546,-306.72,-0.18,3.72,88.14,0.05,-304.86,-0.17,-47910.78,-95.82,12
1479,Entry short,2026-05-08 10:10,S270310,29091,3,174546,-306.72,-0.18,3.72,88.14,0.05,-304.86,-0.17,-47910.78,-95.82,12
1480,Exit short,2026-05-08 10:30,S270327X,29102,6,349671,439.56,0.13,7.44,443.28,0.13,-45.72,-0.01,-47471.22,-94.94,3
1480,Entry short,2026-05-08 10:27,S270327,29139.25,6,349671,439.56,0.13,7.44,443.28,0.13,-45.72,-0.01,-47471.22,-94.94,3
1481,Exit short,2026-05-08 10:44,S270330X,29132.5,3,174492,-306.72,-0.18,3.72,52.14,0.03,-304.86,-0.17,-47777.94,-95.56,14
1481,Entry short,2026-05-08 10:30,S270330,29082,3,174492,-306.72,-0.18,3.72,52.14,0.03,-304.86,-0.17,-47777.94,-95.56,14
1482,Exit short,2026-05-08 10:55,S270348X,29165,6,349674,-313.44,-0.09,7.44,77.28,0.02,-309.72,-0.09,-48091.38,-96.18,7
1482,Entry short,2026-05-08 10:48,S270348,29139.5,6,349674,-313.44,-0.09,7.44,77.28,0.02,-309.72,-0.09,-48091.38,-96.18,7
1483,Exit long,2026-05-08 15:55,flat 15:55,29315.75,3,175666.5,224.28,0.13,3.72,325.14,0.19,-246.36,-0.14,-47867.1,-95.73,115
1483,Entry long,2026-05-08 14:00,L270540,29277.75,3,175666.5,224.28,0.13,3.72,325.14,0.19,-246.36,-0.14,-47867.1,-95.73,115
1484,Exit long,2026-05-11 09:32,L271650X,29417.5,3,176056.5,444.78,0.25,3.72,446.64,0.25,-4.86,0.00,-47422.32,-94.84,2
1484,Entry long,2026-05-11 09:30,L271650,29342.75,3,176056.5,444.78,0.25,3.72,446.64,0.25,-4.86,0.00,-47422.32,-94.84,2
1485,Exit long,2026-05-11 09:35,L271652X,29398.25,6,353085,-313.44,-0.09,7.44,158.28,0.04,-309.72,-0.09,-47735.76,-95.47,3
1485,Entry long,2026-05-11 09:32,L271652,29423.75,6,353085,-313.44,-0.09,7.44,158.28,0.04,-309.72,-0.09,-47735.76,-95.47,3
1486,Exit short,2026-05-11 10:29,S271655X,29298,3,176236.5,444.78,0.25,3.72,446.64,0.25,-276.36,-0.16,-47290.98,-94.58,54
1486,Entry short,2026-05-11 09:35,S271655,29372.75,3,176236.5,444.78,0.25,3.72,446.64,0.25,-276.36,-0.16,-47290.98,-94.58,54
1487,Exit short,2026-05-11 11:15,S271736X,29359.5,6,352761,439.56,0.12,7.44,443.28,0.13,-144.72,-0.04,-46851.42,-93.70,19
1487,Entry short,2026-05-11 10:56,S271736,29396.75,6,352761,439.56,0.12,7.44,443.28,0.13,-144.72,-0.04,-46851.42,-93.70,19
1488,Exit long,2026-05-11 14:57,L271920X,29420.25,6,353349,-313.44,-0.09,7.44,350.28,0.10,-309.72,-0.09,-47164.86,-94.33,57
1488,Entry long,2026-05-11 14:00,L271920,29445.75,6,353349,-313.44,-0.09,7.44,350.28,0.10,-309.72,-0.09,-47164.86,-94.33,57
1489,Exit short,2026-05-12 09:39,S273030X,29216.5,3,174996,-306.72,-0.18,3.72,131.64,0.08,-304.86,-0.17,-47471.58,-94.94,9
1489,Entry short,2026-05-12 09:30,S273030,29166,3,174996,-306.72,-0.18,3.72,131.64,0.08,-304.86,-0.17,-47471.58,-94.94,9
1490,Exit short,2026-05-12 09:51,S273046X,29190,3,175588.5,444.78,0.25,3.72,446.64,0.25,-3.36,0.00,-47026.8,-94.05,5
1490,Entry short,2026-05-12 09:46,S273046,29264.75,3,175588.5,444.78,0.25,3.72,446.64,0.25,-3.36,0.00,-47026.8,-94.05,5
1491,Exit long,2026-05-12 10:03,L273061X,29089.25,3,174838.5,-306.72,-0.18,3.72,134.64,0.08,-304.86,-0.17,-47333.52,-94.67,2
1491,Entry long,2026-05-12 10:01,L273061,29139.75,3,174838.5,-306.72,-0.18,3.72,134.64,0.08,-304.86,-0.17,-47333.52,-94.67,2
1492,Exit long,2026-05-12 10:20,L273072X,29227,3,174913.5,444.78,0.25,3.72,446.64,0.26,-10.86,-0.01,-46888.74,-93.78,8
1492,Entry long,2026-05-12 10:12,L273072,29152.25,3,174913.5,444.78,0.25,3.72,446.64,0.26,-10.86,-0.01,-46888.74,-93.78,8
1493,Exit long,2026-05-12 10:50,L273097X,29027.25,3,174466.5,-306.72,-0.18,3.72,296.64,0.17,-304.86,-0.17,-47195.46,-94.39,13
1493,Entry long,2026-05-12 10:37,L273097,29077.75,3,174466.5,-306.72,-0.18,3.72,296.64,0.17,-304.86,-0.17,-47195.46,-94.39,13
1494,Exit long,2026-05-12 10:59,L273112X,29006.25,3,174340.5,-306.72,-0.18,3.72,106.14,0.06,-304.86,-0.17,-47502.18,-95.00,7
1494,Entry long,2026-05-12 10:52,L273112,29056.75,3,174340.5,-306.72,-0.18,3.72,106.14,0.06,-304.86,-0.17,-47502.18,-95.00,7
1495,Exit long,2026-05-12 14:15,L273300X,28959.25,6,347064,439.56,0.13,7.44,443.28,0.13,-135.72,-0.04,-47062.62,-94.13,15
1495,Entry long,2026-05-12 14:00,L273300,28922,6,347064,439.56,0.13,7.44,443.28,0.13,-135.72,-0.04,-47062.62,-94.13,15
1496,Exit short,2026-05-12 14:46,S273333X,28955,6,347907,439.56,0.13,7.44,443.28,0.13,-120.72,-0.03,-46623.06,-93.25,13
1496,Entry short,2026-05-12 14:33,S273333,28992.25,6,347907,439.56,0.13,7.44,443.28,0.13,-120.72,-0.03,-46623.06,-93.25,13
1497,Exit short,2026-05-12 14:53,S273350X,28992.25,6,347601,-313.44,-0.09,7.44,0,0.00,-309.72,-0.09,-46936.5,-93.87,3
1497,Entry short,2026-05-12 14:50,S273350,28966.75,6,347601,-313.44,-0.09,7.44,0,0.00,-309.72,-0.09,-46936.5,-93.87,3
1498,Exit short,2026-05-12 15:11,S273357X,29011.75,6,347835,-313.44,-0.09,7.44,431.28,0.12,-309.72,-0.09,-47249.94,-94.50,14
1498,Entry short,2026-05-12 14:57,S273357,28986.25,6,347835,-313.44,-0.09,7.44,431.28,0.12,-309.72,-0.09,-47249.94,-94.50,14
1499,Exit short,2026-05-13 09:38,S274410X,29186.25,3,175566,444.78,0.25,3.72,446.64,0.25,-48.36,-0.03,-46805.16,-93.61,8
1499,Entry short,2026-05-13 09:30,S274410,29261,3,175566,444.78,0.25,3.72,446.64,0.25,-48.36,-0.03,-46805.16,-93.61,8
1500,Exit long,2026-05-13 09:46,L274419X,29153.5,3,175224,-306.72,-0.18,3.72,413.64,0.24,-304.86,-0.17,-47111.88,-94.22,7
1500,Entry long,2026-05-13 09:39,L274419,29204,3,175224,-306.72,-0.18,3.72,413.64,0.24,-304.86,-0.17,-47111.88,-94.22,7
1501,Exit long,2026-05-13 09:54,L274429X,29210.75,3,174816,444.78,0.25,3.72,446.64,0.26,-244.86,-0.14,-46667.1,-93.33,5
1501,Entry long,2026-05-13 09:49,L274429,29136,3,174816,444.78,0.25,3.72,446.64,0.26,-244.86,-0.14,-46667.1,-93.33,5
1502,Exit long,2026-05-13 09:56,L274434X,29171,3,175329,-306.72,-0.17,3.72,23.64,0.01,-304.86,-0.17,-46973.82,-93.95,2
1502,Entry long,2026-05-13 09:54,L274434,29221.5,3,175329,-306.72,-0.17,3.72,23.64,0.01,-304.86,-0.17,-46973.82,-93.95,2
1503,Exit long,2026-05-13 10:25,L274453X,29257.75,3,175098,444.78,0.25,3.72,446.64,0.26,-219.36,-0.13,-46529.04,-93.06,12
1503,Entry long,2026-05-13 10:13,L274453,29183,3,175098,444.78,0.25,3.72,446.64,0.26,-219.36,-0.13,-46529.04,-93.06,12
1504,Exit long,2026-05-13 10:39,L274474X,29224.5,3,175650,-306.72,-0.17,3.72,29.64,0.02,-304.86,-0.17,-46835.76,-93.67,5
1504,Entry long,2026-05-13 10:34,L274474,29275,3,175650,-306.72,-0.17,3.72,29.64,0.02,-304.86,-0.17,-46835.76,-93.67,5
1505,Exit long,2026-05-13 10:55,L274481X,29321.25,3,175479,444.78,0.25,3.72,446.64,0.25,-51.36,-0.03,-46390.98,-92.78,14
1505,Entry long,2026-05-13 10:41,L274481,29246.5,3,175479,444.78,0.25,3.72,446.64,0.25,-51.36,-0.03,-46390.98,-92.78,14
1506,Exit long,2026-05-13 14:09,L274680X,29487.25,6,353400,439.56,0.12,7.44,443.28,0.13,-87.72,-0.02,-45951.42,-91.90,9
1506,Entry long,2026-05-13 14:00,L274680,29450,6,353400,439.56,0.12,7.44,443.28,0.13,-87.72,-0.02,-45951.42,-91.90,9
1507,Exit short,2026-05-13 14:20,S274697X,29559,6,354402,-313.44,-0.09,7.44,5.28,0.00,-309.72,-0.09,-46264.86,-92.53,3
1507,Entry short,2026-05-13 14:17,S274697,29533.5,6,354402,-313.44,-0.09,7.44,5.28,0.00,-309.72,-0.09,-46264.86,-92.53,3
1508,Exit short,2026-05-13 14:38,S274709X,29512.75,6,354600,439.56,0.12,7.44,443.28,0.13,-72.72,-0.02,-45825.3,-91.65,9
1508,Entry short,2026-05-13 14:29,S274709,29550,6,354600,439.56,0.12,7.44,443.28,0.13,-72.72,-0.02,-45825.3,-91.65,9
1509,Exit short,2026-05-14 09:32,S275790X,29523.5,3,176838,-306.72,-0.17,3.72,112.14,0.06,-304.86,-0.17,-46132.02,-92.26,2
1509,Entry short,2026-05-14 09:30,S275790,29473,3,176838,-306.72,-0.17,3.72,112.14,0.06,-304.86,-0.17,-46132.02,-92.26,2
1510,Exit long,2026-05-14 09:37,L275793X,29573.5,6,354435,439.56,0.12,7.44,443.28,0.13,-102.72,-0.03,-45692.46,-91.38,4
1510,Entry long,2026-05-14 09:33,L275793,29536.25,6,354435,439.56,0.12,7.44,443.28,0.13,-102.72,-0.03,-45692.46,-91.38,4
1511,Exit short,2026-05-14 09:59,S275808X,29569.5,3,177865.5,444.78,0.25,3.72,446.64,0.25,-244.86,-0.14,-45247.68,-90.50,11
1511,Entry short,2026-05-14 09:48,S275808,29644.25,3,177865.5,444.78,0.25,3.72,446.64,0.25,-244.86,-0.14,-45247.68,-90.50,11
1512,Exit short,2026-05-14 10:00,S275819X,29592,3,177249,-306.72,-0.17,3.72,47.64,0.03,-304.86,-0.17,-45554.4,-91.11,1
1512,Entry short,2026-05-14 09:59,S275819,29541.5,3,177249,-306.72,-0.17,3.72,47.64,0.03,-304.86,-0.17,-45554.4,-91.11,1
1513,Exit short,2026-05-14 10:16,S275827X,29615.25,3,177388.5,-306.72,-0.17,3.72,164.64,0.09,-304.86,-0.17,-45861.12,-91.72,9
1513,Entry short,2026-05-14 10:07,S275827,29564.75,3,177388.5,-306.72,-0.17,3.72,164.64,0.09,-304.86,-0.17,-45861.12,-91.72,9
1514,Exit short,2026-05-14 10:40,S275844X,29680.5,3,177780,-306.72,-0.17,3.72,206.64,0.12,-304.86,-0.17,-46167.84,-92.34,16
1514,Entry short,2026-05-14 10:24,S275844,29630,3,177780,-306.72,-0.17,3.72,206.64,0.12,-304.86,-0.17,-46167.84,-92.34,16
1515,Exit short,2026-05-14 10:59,S275872X,29675.5,6,356553,439.56,0.12,7.44,443.28,0.12,-114.72,-0.03,-45728.28,-91.46,7
1515,Entry short,2026-05-14 10:52,S275872,29712.75,6,356553,439.56,0.12,7.44,443.28,0.12,-114.72,-0.03,-45728.28,-91.46,7
1516,Exit short,2026-05-14 15:55,flat 15:55,29696.5,3,178182,-0.72,0.00,3.72,341.64,0.19,-229.86,-0.13,-45729,-91.46,115
1516,Entry short,2026-05-14 14:00,S276060,29697,3,178182,-0.72,0.00,3.72,341.64,0.19,-229.86,-0.13,-45729,-91.46,115
1517,Exit short,2026-05-15 09:37,S277170X,29183.25,3,175548,444.78,0.25,3.72,446.64,0.25,-82.86,-0.05,-45284.22,-90.57,7
1517,Entry short,2026-05-15 09:30,S277170,29258,3,175548,444.78,0.25,3.72,446.64,0.25,-82.86,-0.05,-45284.22,-90.57,7
1518,Exit long,2026-05-15 09:41,L277180X,29189.5,3,175440,-306.72,-0.17,3.72,4.14,0.00,-304.86,-0.17,-45590.94,-91.18,1
1518,Entry long,2026-05-15 09:40,L277180,29240,3,175440,-306.72,-0.17,3.72,4.14,0.00,-304.86,-0.17,-45590.94,-91.18,1
1519,Exit long,2026-05-15 09:50,L277187X,29224.25,3,174897,444.78,0.25,3.72,446.64,0.26,-31.86,-0.02,-45146.16,-90.29,3
1519,Entry long,2026-05-15 09:47,L277187,29149.5,3,174897,444.78,0.25,3.72,446.64,0.26,-31.86,-0.02,-45146.16,-90.29,3
1520,Exit long,2026-05-15 09:56,L277192X,29286,3,175267.5,444.78,0.25,3.72,446.64,0.25,-39.36,-0.02,-44701.38,-89.40,4
1520,Entry long,2026-05-15 09:52,L277192,29211.25,3,175267.5,444.78,0.25,3.72,446.64,0.25,-39.36,-0.02,-44701.38,-89.40,4
1521,Exit long,2026-05-15 10:12,L277201X,29254.5,3,175078.5,444.78,0.25,3.72,446.64,0.26,-228.36,-0.13,-44256.6,-88.51,11
1521,Entry long,2026-05-15 10:01,L277201,29179.75,3,175078.5,444.78,0.25,3.72,446.64,0.26,-228.36,-0.13,-44256.6,-88.51,11
1522,Exit long,2026-05-15 10:18,L277212X,29340.25,3,175593,444.78,0.25,3.72,446.64,0.25,-3.36,0.00,-43811.82,-87.62,6
1522,Entry long,2026-05-15 10:12,L277212,29265.5,3,175593,444.78,0.25,3.72,446.64,0.25,-3.36,0.00,-43811.82,-87.62,6
1523,Exit short,2026-05-15 10:29,S277222X,29280,3,176128.5,444.78,0.25,3.72,446.64,0.25,-168.36,-0.10,-43367.04,-86.73,7
1523,Entry short,2026-05-15 10:22,S277222,29354.75,3,176128.5,444.78,0.25,3.72,446.64,0.25,-168.36,-0.10,-43367.04,-86.73,7
1524,Exit short,2026-05-15 10:34,S277229X,29342.5,3,175752,-306.72,-0.17,3.72,58.14,0.03,-304.86,-0.17,-43673.76,-87.35,5
1524,Entry short,2026-05-15 10:29,S277229,29292,3,175752,-306.72,-0.17,3.72,58.14,0.03,-304.86,-0.17,-43673.76,-87.35,5
1525,Exit short,2026-05-15 10:52,S277239X,29248,3,175936.5,444.78,0.25,3.72,446.64,0.25,-231.36,-0.13,-43228.98,-86.46,13
1525,Entry short,2026-05-15 10:39,S277239,29322.75,3,175936.5,444.78,0.25,3.72,446.64,0.25,-231.36,-0.13,-43228.98,-86.46,13
1526,Exit short,2026-05-15 11:21,S277258X,29352,3,175809,-306.72,-0.17,3.72,367.14,0.21,-304.86,-0.17,-43535.7,-87.07,23
1526,Entry short,2026-05-15 10:58,S277258,29301.5,3,175809,-306.72,-0.17,3.72,367.14,0.21,-304.86,-0.17,-43535.7,-87.07,23
1527,Exit short,2026-05-18 09:36,S278550X,29257.25,3,175992,444.78,0.25,3.72,446.64,0.25,-151.86,-0.09,-43090.92,-86.18,6
1527,Entry short,2026-05-18 09:30,S278550,29332,3,175992,444.78,0.25,3.72,446.64,0.25,-151.86,-0.09,-43090.92,-86.18,6
1528,Exit long,2026-05-18 09:56,L278570X,29298.25,3,175341,444.78,0.25,3.72,446.64,0.25,-70.86,-0.04,-42646.14,-85.29,6
1528,Entry long,2026-05-18 09:50,L278570,29223.5,3,175341,444.78,0.25,3.72,446.64,0.25,-70.86,-0.04,-42646.14,-85.29,6
1529,Exit long,2026-05-18 10:27,L278586X,29175.5,3,175356,-306.72,-0.17,3.72,434.64,0.25,-304.86,-0.17,-42952.86,-85.91,21
1529,Entry long,2026-05-18 10:06,L278586,29226,3,175356,-306.72,-0.17,3.72,434.64,0.25,-304.86,-0.17,-42952.86,-85.91,21
1530,Exit long,2026-05-18 11:19,L278617X,29001.5,3,174312,-306.72,-0.18,3.72,443.64,0.25,-304.86,-0.17,-43259.58,-86.52,42
1530,Entry long,2026-05-18 10:37,L278617,29052,3,174312,-306.72,-0.18,3.72,443.64,0.25,-304.86,-0.17,-43259.58,-86.52,42
1531,Exit short,2026-05-18 14:02,S278820X,28966,6,348039,439.56,0.13,7.44,443.28,0.13,-63.72,-0.02,-42820.02,-85.64,2
1531,Entry short,2026-05-18 14:00,S278820,29003.25,6,348039,439.56,0.13,7.44,443.28,0.13,-63.72,-0.02,-42820.02,-85.64,2
1532,Exit long,2026-05-18 14:14,L278825X,28916.75,3,173803.5,-306.72,-0.18,3.72,5.64,0.00,-304.86,-0.18,-43126.74,-86.25,9
1532,Entry long,2026-05-18 14:05,L278825,28967.25,3,173803.5,-306.72,-0.18,3.72,5.64,0.00,-304.86,-0.18,-43126.74,-86.25,9
1533,Exit long,2026-05-18 14:49,L278848X,28828,3,173271,-306.72,-0.18,3.72,221.64,0.13,-304.86,-0.18,-43433.46,-86.87,21
1533,Entry long,2026-05-18 14:28,L278848,28878.5,3,173271,-306.72,-0.18,3.72,221.64,0.13,-304.86,-0.18,-43433.46,-86.87,21
1534,Exit long,2026-05-18 15:01,L278877X,28935.25,3,173163,444.78,0.26,3.72,446.64,0.26,-207.36,-0.12,-42988.68,-85.98,4
1534,Entry long,2026-05-18 14:57,L278877,28860.5,3,173163,444.78,0.26,3.72,446.64,0.26,-207.36,-0.12,-42988.68,-85.98,4
1535,Exit long,2026-05-19 09:33,L279930X,28986.75,3,173472,444.78,0.26,3.72,446.64,0.26,-66.36,-0.04,-42543.9,-85.09,3
1535,Entry long,2026-05-19 09:30,L279930,28912,3,173472,444.78,0.26,3.72,446.64,0.26,-66.36,-0.04,-42543.9,-85.09,3
1536,Exit short,2026-05-19 09:44,S279940X,28908,3,173896.5,444.78,0.26,3.72,446.64,0.26,-30.36,-0.02,-42099.12,-84.20,4
1536,Entry short,2026-05-19 09:40,S279940,28982.75,3,173896.5,444.78,0.26,3.72,446.64,0.26,-30.36,-0.02,-42099.12,-84.20,4
1537,Exit short,2026-05-19 09:47,S279944X,28960.5,3,173460,-306.72,-0.18,3.72,245.64,0.14,-304.86,-0.18,-42405.84,-84.81,3
1537,Entry short,2026-05-19 09:44,S279944,28910,3,173460,-306.72,-0.18,3.72,245.64,0.14,-304.86,-0.18,-42405.84,-84.81,3
1538,Exit short,2026-05-19 10:05,S279956X,28865.25,3,173640,444.78,0.26,3.72,446.64,0.26,-135.36,-0.08,-41961.06,-83.92,9
1538,Entry short,2026-05-19 09:56,S279956,28940,3,173640,444.78,0.26,3.72,446.64,0.26,-135.36,-0.08,-41961.06,-83.92,9
1539,Exit long,2026-05-19 10:11,L279970X,28765.5,3,172896,-306.72,-0.18,3.72,86.64,0.05,-304.86,-0.18,-42267.78,-84.54,1
1539,Entry long,2026-05-19 10:10,L279970,28816,3,172896,-306.72,-0.18,3.72,86.64,0.05,-304.86,-0.18,-42267.78,-84.54,1
1540,Exit long,2026-05-19 10:20,L279978X,28679.5,3,172380,-306.72,-0.18,3.72,70.14,0.04,-304.86,-0.18,-42574.5,-85.15,2
1540,Entry long,2026-05-19 10:18,L279978,28730,3,172380,-306.72,-0.18,3.72,70.14,0.04,-304.86,-0.18,-42574.5,-85.15,2
1541,Exit long,2026-05-19 10:41,L279983X,28784,3,172255.5,444.78,0.26,3.72,446.64,0.26,-154.86,-0.09,-42129.72,-84.26,18
1541,Entry long,2026-05-19 10:23,L279983,28709.25,3,172255.5,444.78,0.26,3.72,446.64,0.26,-154.86,-0.09,-42129.72,-84.26,18
1542,Exit long,2026-05-19 10:45,L280001X,28731.5,3,172692,-306.72,-0.18,3.72,113.64,0.07,-304.86,-0.18,-42436.44,-84.87,4
1542,Entry long,2026-05-19 10:41,L280001,28782,3,172692,-306.72,-0.18,3.72,113.64,0.07,-304.86,-0.18,-42436.44,-84.87,4
1543,Exit long,2026-05-19 10:57,L280011X,28801.5,3,172360.5,444.78,0.26,3.72,446.64,0.26,-52.86,-0.03,-41991.66,-83.98,6
1543,Entry long,2026-05-19 10:51,L280011,28726.75,3,172360.5,444.78,0.26,3.72,446.64,0.26,-52.86,-0.03,-41991.66,-83.98,6
1544,Exit long,2026-05-19 11:24,L280017X,28745.5,3,172776,-306.72,-0.18,3.72,379.14,0.22,-304.86,-0.18,-42298.38,-84.60,27
1544,Entry long,2026-05-19 10:57,L280017,28796,3,172776,-306.72,-0.18,3.72,379.14,0.22,-304.86,-0.18,-42298.38,-84.60,27
1545,Exit long,2026-05-20 09:36,L281310X,29053.5,3,174624,-306.72,-0.18,3.72,302.64,0.17,-304.86,-0.17,-42605.1,-85.21,6
1545,Entry long,2026-05-20 09:30,L281310,29104,3,174624,-306.72,-0.18,3.72,302.64,0.17,-304.86,-0.17,-42605.1,-85.21,6
1546,Exit short,2026-05-20 09:55,S281329X,29060,3,174808.5,444.78,0.25,3.72,446.64,0.26,-186.36,-0.11,-42160.32,-84.32,6
1546,Entry short,2026-05-20 09:49,S281329,29134.75,3,174808.5,444.78,0.25,3.72,446.64,0.26,-186.36,-0.11,-42160.32,-84.32,6
1547,Exit short,2026-05-20 10:30,S281363X,29229.25,3,175072.5,-306.72,-0.18,3.72,370.14,0.21,-304.86,-0.17,-42467.04,-84.93,7
1547,Entry short,2026-05-20 10:23,S281363,29178.75,3,175072.5,-306.72,-0.18,3.72,370.14,0.21,-304.86,-0.17,-42467.04,-84.93,7
1548,Exit short,2026-05-20 11:15,S281372X,29286,3,175413,-306.72,-0.17,3.72,388.14,0.22,-304.86,-0.17,-42773.76,-85.55,43
1548,Entry short,2026-05-20 10:32,S281372,29235.5,3,175413,-306.72,-0.17,3.72,388.14,0.22,-304.86,-0.17,-42773.76,-85.55,43
1549,Exit long,2026-05-20 15:55,flat 15:55,29357.75,3,175885.5,257.28,0.15,3.72,416.64,0.24,-223.86,-0.13,-42516.48,-85.03,115
1549,Entry long,2026-05-20 14:00,L281580,29314.25,3,175885.5,257.28,0.15,3.72,416.64,0.24,-223.86,-0.13,-42516.48,-85.03,115
1550,Exit short,2026-05-21 09:34,S282690X,29252.5,3,175212,-306.72,-0.18,3.72,176.64,0.10,-304.86,-0.17,-42823.2,-85.65,4
1550,Entry short,2026-05-21 09:30,S282690,29202,3,175212,-306.72,-0.18,3.72,176.64,0.10,-304.86,-0.17,-42823.2,-85.65,4
1551,Exit long,2026-05-21 09:38,L282694X,29215.75,3,175597.5,-306.72,-0.17,3.72,11.64,0.01,-304.86,-0.17,-43129.92,-86.26,4
1551,Entry long,2026-05-21 09:34,L282694,29266.25,3,175597.5,-306.72,-0.17,3.72,11.64,0.01,-304.86,-0.17,-43129.92,-86.26,4
1552,Exit short,2026-05-21 10:02,S282716X,29327,3,175659,-306.72,-0.17,3.72,196.14,0.11,-304.86,-0.17,-43436.64,-86.87,6
1552,Entry short,2026-05-21 09:56,S282716,29276.5,3,175659,-306.72,-0.17,3.72,196.14,0.11,-304.86,-0.17,-43436.64,-86.87,6
1553,Exit short,2026-05-21 10:15,S282723X,29235.75,3,175863,444.78,0.25,3.72,446.64,0.25,-115.86,-0.07,-42991.86,-85.98,12
1553,Entry short,2026-05-21 10:03,S282723,29310.5,3,175863,444.78,0.25,3.72,446.64,0.25,-115.86,-0.07,-42991.86,-85.98,12
1554,Exit long,2026-05-21 10:37,L282742X,29239.5,3,174988.5,444.78,0.25,3.72,446.64,0.26,-138.36,-0.08,-42547.08,-85.09,15
1554,Entry long,2026-05-21 10:22,L282742,29164.75,3,174988.5,444.78,0.25,3.72,446.64,0.26,-138.36,-0.08,-42547.08,-85.09,15
1555,Exit long,2026-05-21 11:08,L282771X,29151.5,3,175212,-306.72,-0.18,3.72,308.64,0.18,-304.86,-0.17,-42853.8,-85.71,17
1555,Entry long,2026-05-21 10:51,L282771,29202,3,175212,-306.72,-0.18,3.72,308.64,0.18,-304.86,-0.17,-42853.8,-85.71,17
1556,Exit long,2026-05-21 14:04,L282960X,29468.75,3,177115.5,-306.72,-0.17,3.72,13.14,0.01,-304.86,-0.17,-43160.52,-86.32,4
1556,Entry long,2026-05-21 14:00,L282960,29519.25,3,177115.5,-306.72,-0.17,3.72,13.14,0.01,-304.86,-0.17,-43160.52,-86.32,4
1557,Exit short,2026-05-21 14:48,S282964X,29392.5,3,176803.5,444.78,0.25,3.72,446.64,0.25,-195.36,-0.11,-42715.74,-85.43,44
1557,Entry short,2026-05-21 14:04,S282964,29467.25,3,176803.5,444.78,0.25,3.72,446.64,0.25,-195.36,-0.11,-42715.74,-85.43,44
1558,Exit long,2026-05-21 15:14,L283019X,29412,3,176023.5,444.78,0.25,3.72,446.64,0.25,-13.86,-0.01,-42270.96,-84.54,15
1558,Entry long,2026-05-21 14:59,L283019,29337.25,3,176023.5,444.78,0.25,3.72,446.64,0.25,-13.86,-0.01,-42270.96,-84.54,15
1559,Exit long,2026-05-22 09:39,L284070X,29692.75,3,177708,444.78,0.25,3.72,446.64,0.25,-138.36,-0.08,-41826.18,-83.65,9
1559,Entry long,2026-05-22 09:30,L284070,29618,3,177708,444.78,0.25,3.72,446.64,0.25,-138.36,-0.08,-41826.18,-83.65,9
1560,Exit short,2026-05-22 09:51,S284080X,29599.25,3,178044,444.78,0.25,3.72,446.64,0.25,-58.86,-0.03,-41381.4,-82.76,11
1560,Entry short,2026-05-22 09:40,S284080,29674,3,178044,444.78,0.25,3.72,446.64,0.25,-58.86,-0.03,-41381.4,-82.76,11
1561,Exit short,2026-05-22 10:06,S284095X,29530.25,3,177630,444.78,0.25,3.72,446.64,0.25,-232.86,-0.13,-40936.62,-81.87,11
1561,Entry short,2026-05-22 09:55,S284095,29605,3,177630,444.78,0.25,3.72,446.64,0.25,-232.86,-0.13,-40936.62,-81.87,11
1562,Exit long,2026-05-22 10:23,L284108X,29514.25,3,177388.5,-306.72,-0.17,3.72,205.14,0.12,-304.86,-0.17,-41243.34,-82.49,15
1562,Entry long,2026-05-22 10:08,L284108,29564.75,3,177388.5,-306.72,-0.17,3.72,205.14,0.12,-304.86,-0.17,-41243.34,-82.49,15
1563,Exit long,2026-05-22 10:45,L284129X,29639.25,3,177387,444.78,0.25,3.72,446.64,0.25,-69.36,-0.04,-40798.56,-81.60,16
1563,Entry long,2026-05-22 10:29,L284129,29564.5,3,177387,444.78,0.25,3.72,446.64,0.25,-69.36,-0.04,-40798.56,-81.60,16
1564,Exit short,2026-05-22 10:56,S284147X,29645.75,6,355443,-313.44,-0.09,7.44,86.28,0.02,-309.72,-0.09,-41112,-82.22,9
1564,Entry short,2026-05-22 10:47,S284147,29620.25,6,355443,-313.44,-0.09,7.44,86.28,0.02,-309.72,-0.09,-41112,-82.22,9
1565,Exit short,2026-05-22 14:38,S284340X,29633.5,6,356049,439.56,0.12,7.44,443.28,0.12,-231.72,-0.07,-40672.44,-81.34,38
1565,Entry short,2026-05-22 14:00,S284340,29670.75,6,356049,439.56,0.12,7.44,443.28,0.12,-231.72,-0.07,-40672.44,-81.34,38
1566,Exit long,2026-05-22 15:02,L284379X,29629.25,6,355857,-313.44,-0.09,7.44,239.28,0.07,-309.72,-0.09,-40985.88,-81.97,23
1566,Entry long,2026-05-22 14:39,L284379,29654.75,6,355857,-313.44,-0.09,7.44,239.28,0.07,-309.72,-0.09,-40985.88,-81.97,23
1567,Exit long,2026-05-25 09:52,L285450X,29985.25,6,359376,439.56,0.12,7.44,443.28,0.12,-72.72,-0.02,-40546.32,-81.09,22
1567,Entry long,2026-05-25 09:30,L285450,29948,6,359376,439.56,0.12,7.44,443.28,0.12,-72.72,-0.02,-40546.32,-81.09,22
1568,Exit short,2026-05-25 10:10,S285483X,29961,9,539739,429.84,0.08,11.16,435.42,0.08,-86.58,-0.02,-40116.48,-80.23,7
1568,Entry short,2026-05-25 10:03,S285483,29985.5,9,539739,429.84,0.08,11.16,435.42,0.08,-86.58,-0.02,-40116.48,-80.23,7
1569,Exit short,2026-05-25 10:38,S285493X,29920.25,6,359490,439.56,0.12,7.44,443.28,0.12,-33.72,-0.01,-39676.92,-79.35,25
1569,Entry short,2026-05-25 10:13,S285493,29957.5,6,359490,439.56,0.12,7.44,443.28,0.12,-33.72,-0.01,-39676.92,-79.35,25
1570,Exit long,2026-05-25 11:10,L285526X,29963.75,6,359118,439.56,0.12,7.44,443.28,0.12,-45.72,-0.01,-39237.36,-78.47,24
1570,Entry long,2026-05-25 10:46,L285526,29926.5,6,359118,439.56,0.12,7.44,443.28,0.12,-45.72,-0.01,-39237.36,-78.47,24
1571,Exit short,2026-05-26 09:43,S286590X,29934.75,3,179305.5,-306.72,-0.17,3.72,344.64,0.19,-304.86,-0.17,-39544.08,-79.09,13
1571,Entry short,2026-05-26 09:30,S286590,29884.25,3,179305.5,-306.72,-0.17,3.72,344.64,0.19,-304.86,-0.17,-39544.08,-79.09,13
1572,Exit short,2026-05-26 09:57,S286610X,29986.25,3,179614.5,-306.72,-0.17,3.72,131.64,0.07,-304.86,-0.17,-39850.8,-79.70,7
1572,Entry short,2026-05-26 09:50,S286610,29935.75,3,179614.5,-306.72,-0.17,3.72,131.64,0.07,-304.86,-0.17,-39850.8,-79.70,7
1573,Exit short,2026-05-26 10:15,S286622X,30032.5,3,179892,-306.72,-0.17,3.72,40.14,0.02,-304.86,-0.17,-40157.52,-80.32,13
1573,Entry short,2026-05-26 10:02,S286622,29982,3,179892,-306.72,-0.17,3.72,40.14,0.02,-304.86,-0.17,-40157.52,-80.32,13
1574,Exit short,2026-05-26 10:24,S286641X,30065.5,6,360480,-313.44,-0.09,7.44,35.28,0.01,-309.72,-0.09,-40470.96,-80.94,3
1574,Entry short,2026-05-26 10:21,S286641,30040,6,360480,-313.44,-0.09,7.44,35.28,0.01,-309.72,-0.09,-40470.96,-80.94,3
1575,Exit short,2026-05-26 10:35,S286648X,30096.5,6,360852,-313.44,-0.09,7.44,215.28,0.06,-309.72,-0.09,-40784.4,-81.57,7
1575,Entry short,2026-05-26 10:28,S286648,30071,6,360852,-313.44,-0.09,7.44,215.28,0.06,-309.72,-0.09,-40784.4,-81.57,7
1576,Exit short,2026-05-26 10:57,S286659X,30062.5,6,361197,439.56,0.12,7.44,443.28,0.12,-222.72,-0.06,-40344.84,-80.69,18
1576,Entry short,2026-05-26 10:39,S286659,30099.75,6,361197,439.56,0.12,7.44,443.28,0.12,-222.72,-0.06,-40344.84,-80.69,18
1577,Exit short,2026-05-27 09:38,S287970X,30065.25,3,180840,444.78,0.25,3.72,446.64,0.25,-184.86,-0.10,-39900.06,-79.80,8
1577,Entry short,2026-05-27 09:30,S287970,30140,3,180840,444.78,0.25,3.72,446.64,0.25,-184.86,-0.10,-39900.06,-79.80,8
1578,Exit long,2026-05-27 09:46,L287985X,29980.25,3,180184.5,-306.72,-0.17,3.72,1.14,0.00,-304.86,-0.17,-40206.78,-80.41,1
1578,Entry long,2026-05-27 09:45,L287985,30030.75,3,180184.5,-306.72,-0.17,3.72,1.14,0.00,-304.86,-0.17,-40206.78,-80.41,1
1579,Exit long,2026-05-27 09:53,L287988X,30068.75,3,179964,444.78,0.25,3.72,446.64,0.25,-103.86,-0.06,-39762,-79.52,5
1579,Entry long,2026-05-27 09:48,L287988,29994,3,179964,444.78,0.25,3.72,446.64,0.25,-103.86,-0.06,-39762,-79.52,5
1580,Exit long,2026-05-27 10:07,L287999X,30010,3,180363,-306.72,-0.17,3.72,230.64,0.13,-304.86,-0.17,-40068.72,-80.14,8
1580,Entry long,2026-05-27 09:59,L287999,30060.5,3,180363,-306.72,-0.17,3.72,230.64,0.13,-304.86,-0.17,-40068.72,-80.14,8
1581,Exit long,2026-05-27 10:20,L288016X,29997.25,3,180286.5,-306.72,-0.17,3.72,55.14,0.03,-304.86,-0.17,-40375.44,-80.75,4
1581,Entry long,2026-05-27 10:16,L288016,30047.75,3,180286.5,-306.72,-0.17,3.72,55.14,0.03,-304.86,-0.17,-40375.44,-80.75,4
1582,Exit long,2026-05-27 10:38,L288029X,29991.5,3,179500.5,444.78,0.25,3.72,446.64,0.25,-246.36,-0.14,-39930.66,-79.86,9
1582,Entry long,2026-05-27 10:29,L288029,29916.75,3,179500.5,444.78,0.25,3.72,446.64,0.25,-246.36,-0.14,-39930.66,-79.86,9
1583,Exit long,2026-05-27 10:56,L288038X,29941.5,3,179952,-306.72,-0.17,3.72,190.14,0.11,-304.86,-0.17,-40237.38,-80.47,18
1583,Entry long,2026-05-27 10:38,L288038,29992,3,179952,-306.72,-0.17,3.72,190.14,0.11,-304.86,-0.17,-40237.38,-80.47,18
1584,Exit short,2026-05-27 14:07,S288240X,29991,6,359586,-313.44,-0.09,7.44,5.28,0.00,-309.72,-0.09,-40550.82,-81.10,7
1584,Entry short,2026-05-27 14:00,S288240,29965.5,6,359586,-313.44,-0.09,7.44,5.28,0.00,-309.72,-0.09,-40550.82,-81.10,7
1585,Exit short,2026-05-27 14:18,S288253X,30012.75,6,359847,-313.44,-0.09,7.44,98.28,0.03,-309.72,-0.09,-40864.26,-81.73,5
1585,Entry short,2026-05-27 14:13,S288253,29987.25,6,359847,-313.44,-0.09,7.44,98.28,0.03,-309.72,-0.09,-40864.26,-81.73,5
1586,Exit short,2026-05-27 15:27,S288272X,30011,6,360579,439.56,0.12,7.44,443.28,0.12,-204.72,-0.06,-40424.7,-80.85,55
1586,Entry short,2026-05-27 14:32,S288272,30048.25,6,360579,439.56,0.12,7.44,443.28,0.12,-204.72,-0.06,-40424.7,-80.85,55
1587,Exit long,2026-05-28 09:33,L289350X,30044,3,180567,-306.72,-0.17,3.72,106.14,0.06,-304.86,-0.17,-40731.42,-81.46,3
1587,Entry long,2026-05-28 09:30,L289350,30094.5,3,180567,-306.72,-0.17,3.72,106.14,0.06,-304.86,-0.17,-40731.42,-81.46,3
1588,Exit short,2026-05-28 09:46,S289353X,29939.25,3,180084,444.78,0.25,3.72,446.64,0.25,-82.86,-0.05,-40286.64,-80.57,13
1588,Entry short,2026-05-28 09:33,S289353,30014,3,180084,444.78,0.25,3.72,446.64,0.25,-82.86,-0.05,-40286.64,-80.57,13
1589,Exit long,2026-05-28 10:08,L289370X,30031.25,3,179739,444.78,0.25,3.72,446.64,0.25,-73.86,-0.04,-39841.86,-79.68,18
1589,Entry long,2026-05-28 09:50,L289370,29956.5,3,179739,444.78,0.25,3.72,446.64,0.25,-73.86,-0.04,-39841.86,-79.68,18
1590,Exit long,2026-05-28 10:12,L289388X,30107.5,3,180196.5,444.78,0.25,3.72,446.64,0.25,-160.86,-0.09,-39397.08,-78.79,4
1590,Entry long,2026-05-28 10:08,L289388,30032.75,3,180196.5,444.78,0.25,3.72,446.64,0.25,-160.86,-0.09,-39397.08,-78.79,4
1591,Exit short,2026-05-28 10:45,S289395X,30177.25,3,180760.5,-306.72,-0.17,3.72,379.14,0.21,-304.86,-0.17,-39703.8,-79.41,30
1591,Entry short,2026-05-28 10:15,S289395,30126.75,3,180760.5,-306.72,-0.17,3.72,379.14,0.21,-304.86,-0.17,-39703.8,-79.41,30
1592,Exit short,2026-05-28 10:59,S289426X,30192.25,3,180850.5,-306.72,-0.17,3.72,82.14,0.05,-304.86,-0.17,-40010.52,-80.02,13
1592,Entry short,2026-05-28 10:46,S289426,30141.75,3,180850.5,-306.72,-0.17,3.72,82.14,0.05,-304.86,-0.17,-40010.52,-80.02,13
1593,Exit short,2026-05-28 14:04,S289620X,30336,6,363726,-313.44,-0.09,7.44,0,0.00,-309.72,-0.09,-40323.96,-80.65,4
1593,Entry short,2026-05-28 14:00,S289620,30310.5,6,363726,-313.44,-0.09,7.44,0,0.00,-309.72,-0.09,-40323.96,-80.65,4
1594,Exit short,2026-05-28 14:36,S289626X,30291,6,363939,439.56,0.12,7.44,443.28,0.12,-30.72,-0.01,-39884.4,-79.77,30
1594,Entry short,2026-05-28 14:06,S289626,30328.25,6,363939,439.56,0.12,7.44,443.28,0.12,-30.72,-0.01,-39884.4,-79.77,30
1595,Exit long,2026-05-28 14:48,L289661X,30282.75,6,363699,-313.44,-0.09,7.44,0,0.00,-309.72,-0.09,-40197.84,-80.40,7
1595,Entry long,2026-05-28 14:41,L289661,30308.25,6,363699,-313.44,-0.09,7.44,0,0.00,-309.72,-0.09,-40197.84,-80.40,7
1596,Exit long,2026-05-28 15:55,flat 15:55,30296.75,6,363558,-4.44,0.00,7.44,419.28,0.12,-267.72,-0.07,-40202.28,-80.40,64
1596,Entry long,2026-05-28 14:51,L289671,30296.5,6,363558,-4.44,0.00,7.44,419.28,0.12,-267.72,-0.07,-40202.28,-80.40,64
1597,Exit long,2026-05-29 09:44,L290730X,30460,3,182311.5,444.78,0.24,3.72,446.64,0.24,-96.36,-0.05,-39757.5,-79.51,14
1597,Entry long,2026-05-29 09:30,L290730,30385.25,3,182311.5,444.78,0.24,3.72,446.64,0.24,-96.36,-0.05,-39757.5,-79.51,14
1598,Exit short,2026-05-29 10:17,S290768X,30408.75,3,182901,444.78,0.24,3.72,446.64,0.24,-117.36,-0.06,-39312.72,-78.63,9
1598,Entry short,2026-05-29 10:08,S290768,30483.5,3,182901,444.78,0.24,3.72,446.64,0.24,-117.36,-0.06,-39312.72,-78.63,9
1599,Exit short,2026-05-29 10:42,S290777X,30327.25,3,182412,444.78,0.24,3.72,446.64,0.24,-249.36,-0.14,-38867.94,-77.74,25
1599,Entry short,2026-05-29 10:17,S290777,30402,3,182412,444.78,0.24,3.72,446.64,0.24,-249.36,-0.14,-38867.94,-77.74,25
1600,Exit long,2026-05-29 10:51,L290807X,30366.5,3,181750.5,444.78,0.24,3.72,446.64,0.25,-39.36,-0.02,-38423.16,-76.85,4
1600,Entry long,2026-05-29 10:47,L290807,30291.75,3,181750.5,444.78,0.24,3.72,446.64,0.25,-39.36,-0.02,-38423.16,-76.85,4
1601,Exit long,2026-05-29 11:15,L290811X,30430.75,3,182136,444.78,0.24,3.72,446.64,0.25,-183.36,-0.10,-37978.38,-75.96,24
1601,Entry long,2026-05-29 10:51,L290811,30356,3,182136,444.78,0.24,3.72,446.64,0.25,-183.36,-0.10,-37978.38,-75.96,24
1602,Exit long,2026-05-29 14:06,L291000X,30341.75,6,363654,439.56,0.12,7.44,443.28,0.12,-81.72,-0.02,-37538.82,-75.08,6
1602,Entry long,2026-05-29 14:00,L291000,30304.5,6,363654,439.56,0.12,7.44,443.28,0.12,-81.72,-0.02,-37538.82,-75.08,6
1603,Exit short,2026-05-29 14:28,S291013X,30379.75,6,364251,-313.44,-0.09,7.44,305.28,0.08,-309.72,-0.09,-37852.26,-75.70,15
1603,Entry short,2026-05-29 14:13,S291013,30354.25,6,364251,-313.44,-0.09,7.44,305.28,0.08,-309.72,-0.09,-37852.26,-75.70,15
1604,Exit short,2026-05-29 14:45,S291035X,30352.75,6,364680,439.56,0.12,7.44,443.28,0.12,-12.72,0.00,-37412.7,-74.83,10
1604,Entry short,2026-05-29 14:35,S291035,30390,6,364680,439.56,0.12,7.44,443.28,0.12,-12.72,0.00,-37412.7,-74.83,10
1605,Exit short,2026-05-29 15:08,S291045X,30367.75,6,364107,-313.44,-0.09,7.44,341.28,0.09,-309.72,-0.09,-37726.14,-75.45,23
1605,Entry short,2026-05-29 14:45,S291045,30342.25,6,364107,-313.44,-0.09,7.44,341.28,0.09,-309.72,-0.09,-37726.14,-75.45,23
1606,Exit short,2026-06-01 09:31,S292110X,30368.75,3,181909.5,-306.72,-0.17,3.72,53.64,0.03,-304.86,-0.17,-38032.86,-76.07,1
1606,Entry short,2026-06-01 09:30,S292110,30318.25,3,181909.5,-306.72,-0.17,3.72,53.64,0.03,-304.86,-0.17,-38032.86,-76.07,1
1607,Exit long,2026-06-01 09:57,L292112X,30349,3,182397,-306.72,-0.17,3.72,404.64,0.22,-304.86,-0.17,-38339.58,-76.68,25
1607,Entry long,2026-06-01 09:32,L292112,30399.5,3,182397,-306.72,-0.17,3.72,404.64,0.22,-304.86,-0.17,-38339.58,-76.68,25
1608,Exit short,2026-06-01 10:48,S292165X,30442.75,3,182353.5,-306.72,-0.17,3.72,142.14,0.08,-304.86,-0.17,-38646.3,-77.29,23
1608,Entry short,2026-06-01 10:25,S292165,30392.25,3,182353.5,-306.72,-0.17,3.72,142.14,0.08,-304.86,-0.17,-38646.3,-77.29,23
1609,Exit short,2026-06-01 11:00,S292197X,30443,6,365010,-313.44,-0.09,7.44,0,0.00,-309.72,-0.08,-38959.74,-77.92,3
1609,Entry short,2026-06-01 10:57,S292197,30417.5,6,365010,-313.44,-0.09,7.44,0,0.00,-309.72,-0.08,-38959.74,-77.92,3
1610,Exit long,2026-06-01 14:12,L292380X,30645.5,6,368052,-313.44,-0.09,7.44,44.28,0.01,-309.72,-0.08,-39273.18,-78.55,12
1610,Entry long,2026-06-01 14:00,L292380,30671,6,368052,-313.44,-0.09,7.44,44.28,0.01,-309.72,-0.08,-39273.18,-78.55,12
1611,Exit long,2026-06-01 14:50,L292398X,30619.75,6,367743,-313.44,-0.09,7.44,122.28,0.03,-309.72,-0.08,-39586.62,-79.17,32
1611,Entry long,2026-06-01 14:18,L292398,30645.25,6,367743,-313.44,-0.09,7.44,122.28,0.03,-309.72,-0.08,-39586.62,-79.17,32
1612,Exit long,2026-06-01 15:34,L292433X,30598,6,367482,-313.44,-0.09,7.44,287.28,0.08,-309.72,-0.08,-39900.06,-79.80,41
1612,Entry long,2026-06-01 14:53,L292433,30623.5,6,367482,-313.44,-0.09,7.44,287.28,0.08,-309.72,-0.08,-39900.06,-79.80,41
1613,Exit short,2026-06-02 09:41,S293490X,30428.5,3,183019.5,444.78,0.24,3.72,446.64,0.24,-162.36,-0.09,-39455.28,-78.91,11
1613,Entry short,2026-06-02 09:30,S293490,30503.25,3,183019.5,444.78,0.24,3.72,446.64,0.24,-162.36,-0.09,-39455.28,-78.91,11
1614,Exit long,2026-06-02 09:53,L293504X,30578,3,183019.5,444.78,0.24,3.72,446.64,0.24,-46.86,-0.03,-39010.5,-78.02,9
1614,Entry long,2026-06-02 09:44,L293504,30503.25,3,183019.5,444.78,0.24,3.72,446.64,0.24,-46.86,-0.03,-39010.5,-78.02,9
1615,Exit short,2026-06-02 11:09,S293530X,30657.75,3,183643.5,-306.72,-0.17,3.72,418.14,0.23,-304.86,-0.17,-39317.22,-78.63,59
1615,Entry short,2026-06-02 10:10,S293530,30607.25,3,183643.5,-306.72,-0.17,3.72,418.14,0.23,-304.86,-0.17,-39317.22,-78.63,59
1616,Exit short,2026-06-02 14:12,S293760X,30650.25,6,367497,-313.44,-0.09,7.44,119.28,0.03,-309.72,-0.08,-39630.66,-79.26,12
1616,Entry short,2026-06-02 14:00,S293760,30624.75,6,367497,-313.44,-0.09,7.44,119.28,0.03,-309.72,-0.08,-39630.66,-79.26,12
1617,Exit short,2026-06-02 14:40,S293775X,30600,6,367647,439.56,0.12,7.44,443.28,0.12,-213.72,-0.06,-39191.1,-78.38,25
1617,Entry short,2026-06-02 14:15,S293775,30637.25,6,367647,439.56,0.12,7.44,443.28,0.12,-213.72,-0.06,-39191.1,-78.38,25
1618,Exit long,2026-06-02 15:02,L293803X,30657.5,6,367443,439.56,0.12,7.44,443.28,0.12,-90.72,-0.02,-38751.54,-77.50,19
1618,Entry long,2026-06-02 14:43,L293803,30620.25,6,367443,439.56,0.12,7.44,443.28,0.12,-90.72,-0.02,-38751.54,-77.50,19
1619,Exit long,2026-06-03 09:34,L294870X,30716.75,3,184603.5,-306.72,-0.17,3.72,241.14,0.13,-304.86,-0.17,-39058.26,-78.12,4
1619,Entry long,2026-06-03 09:30,L294870,30767.25,3,184603.5,-306.72,-0.17,3.72,241.14,0.13,-304.86,-0.17,-39058.26,-78.12,4
1620,Exit short,2026-06-03 09:36,S294874X,30676.75,6,368568,439.56,0.12,7.44,443.28,0.12,-18.72,-0.01,-38618.7,-77.24,2
1620,Entry short,2026-06-03 09:34,S294874,30714,6,368568,439.56,0.12,7.44,443.28,0.12,-18.72,-0.01,-38618.7,-77.24,2
1621,Exit long,2026-06-03 09:43,L294878X,30671.25,3,184330.5,-306.72,-0.17,3.72,91.14,0.05,-304.86,-0.17,-38925.42,-77.85,5
1621,Entry long,2026-06-03 09:38,L294878,30721.75,3,184330.5,-306.72,-0.17,3.72,91.14,0.05,-304.86,-0.17,-38925.42,-77.85,5
1622,Exit long,2026-06-03 10:02,L294890X,30629.5,3,183328.5,444.78,0.24,3.72,446.64,0.24,-139.86,-0.08,-38480.64,-76.96,12
1622,Entry long,2026-06-03 09:50,L294890,30554.75,3,183328.5,444.78,0.24,3.72,446.64,0.24,-139.86,-0.08,-38480.64,-76.96,12
1623,Exit long,2026-06-03 10:22,L294902X,30706.75,3,183792,444.78,0.24,3.72,446.64,0.24,-208.86,-0.11,-38035.86,-76.07,20
1623,Entry long,2026-06-03 10:02,L294902,30632,3,183792,444.78,0.24,3.72,446.64,0.24,-208.86,-0.11,-38035.86,-76.07,20
1624,Exit long,2026-06-03 10:57,L294922X,30652.25,3,184216.5,-306.72,-0.17,3.72,218.64,0.12,-304.86,-0.17,-38342.58,-76.69,35
1624,Entry long,2026-06-03 10:22,L294922,30702.75,3,184216.5,-306.72,-0.17,3.72,218.64,0.12,-304.86,-0.17,-38342.58,-76.69,35
1625,Exit long,2026-06-03 11:25,L294959X,30616.75,3,184003.5,-306.72,-0.17,3.72,289.14,0.16,-304.86,-0.17,-38649.3,-77.30,26
1625,Entry long,2026-06-03 10:59,L294959,30667.25,3,184003.5,-306.72,-0.17,3.72,289.14,0.16,-304.86,-0.17,-38649.3,-77.30,26
1626,Exit short,2026-06-03 14:24,S295140X,30660.25,6,367617,-313.44,-0.09,7.44,317.28,0.09,-309.72,-0.08,-38962.74,-77.93,24
1626,Entry short,2026-06-03 14:00,S295140,30634.75,6,367617,-313.44,-0.09,7.44,317.28,0.09,-309.72,-0.08,-38962.74,-77.93,24
1627,Exit short,2026-06-03 14:40,S295168X,30632,6,368031,439.56,0.12,7.44,443.28,0.12,-162.72,-0.04,-38523.18,-77.05,12
1627,Entry short,2026-06-03 14:28,S295168,30669.25,6,368031,439.56,0.12,7.44,443.28,0.12,-162.72,-0.04,-38523.18,-77.05,12
1628,Exit short,2026-06-03 15:27,S295189X,30612.5,6,367797,439.56,0.12,7.44,443.28,0.12,-156.72,-0.04,-38083.62,-76.17,38
1628,Entry short,2026-06-03 14:49,S295189,30649.75,6,367797,439.56,0.12,7.44,443.28,0.12,-156.72,-0.04,-38083.62,-76.17,38
1629,Exit short,2026-06-04 09:32,S296250X,30293.25,3,181456.5,-306.72,-0.17,3.72,65.64,0.04,-304.86,-0.17,-38390.34,-76.78,2
1629,Entry short,2026-06-04 09:30,S296250,30242.75,3,181456.5,-306.72,-0.17,3.72,65.64,0.04,-304.86,-0.17,-38390.34,-76.78,2
1630,Exit long,2026-06-04 09:40,L296253X,30288.75,3,182035.5,-306.72,-0.17,3.72,149.64,0.08,-304.86,-0.17,-38697.06,-77.39,7
1630,Entry long,2026-06-04 09:33,L296253,30339.25,3,182035.5,-306.72,-0.17,3.72,149.64,0.08,-304.86,-0.17,-38697.06,-77.39,7
1631,Exit short,2026-06-04 09:45,S296260X,30219.5,3,181765.5,444.78,0.24,3.72,446.64,0.25,-88.86,-0.05,-38252.28,-76.50,5
1631,Entry short,2026-06-04 09:40,S296260,30294.25,3,181765.5,444.78,0.24,3.72,446.64,0.25,-88.86,-0.05,-38252.28,-76.50,5
1632,Exit long,2026-06-04 10:11,L296288X,30274.25,3,181197,444.78,0.25,3.72,446.64,0.25,-141.36,-0.08,-37807.5,-75.61,3
1632,Entry long,2026-06-04 10:08,L296288,30199.5,3,181197,444.78,0.25,3.72,446.64,0.25,-141.36,-0.08,-37807.5,-75.61,3
1633,Exit short,2026-06-04 11:00,S296310X,30374,3,181941,-306.72,-0.17,3.72,218.64,0.12,-304.86,-0.17,-38114.22,-76.23,30
1633,Entry short,2026-06-04 10:30,S296310,30323.5,3,181941,-306.72,-0.17,3.72,218.64,0.12,-304.86,-0.17,-38114.22,-76.23,30
1634,Exit long,2026-06-04 15:17,L296520X,30536.5,6,366744,-313.44,-0.09,7.44,434.28,0.12,-309.72,-0.08,-38427.66,-76.86,77
1634,Entry long,2026-06-04 14:00,L296520,30562,6,366744,-313.44,-0.09,7.44,434.28,0.12,-309.72,-0.08,-38427.66,-76.86,77
1635,Exit short,2026-06-05 09:31,S297630X,30070.5,3,180120,-306.72,-0.17,3.72,52.14,0.03,-304.86,-0.17,-38734.38,-77.47,1
1635,Entry short,2026-06-05 09:30,S297630,30020,3,180120,-306.72,-0.17,3.72,52.14,0.03,-304.86,-0.17,-38734.38,-77.47,1
1636,Exit long,2026-06-05 09:34,L297631X,30047,3,180585,-306.72,-0.17,3.72,17.64,0.01,-304.86,-0.17,-39041.1,-78.08,3
1636,Entry long,2026-06-05 09:31,L297631,30097.5,3,180585,-306.72,-0.17,3.72,17.64,0.01,-304.86,-0.17,-39041.1,-78.08,3
1637,Exit long,2026-06-05 10:06,L297662X,29764.5,3,178890,-306.72,-0.17,3.72,91.14,0.05,-304.86,-0.17,-39347.82,-78.70,4
1637,Entry long,2026-06-05 10:02,L297662,29815,3,178890,-306.72,-0.17,3.72,91.14,0.05,-304.86,-0.17,-39347.82,-78.70,4
1638,Exit long,2026-06-05 10:15,L297667X,29891.25,3,178899,444.78,0.25,3.72,446.64,0.25,-99.36,-0.06,-38903.04,-77.81,8
1638,Entry long,2026-06-05 10:07,L297667,29816.5,3,178899,444.78,0.25,3.72,446.64,0.25,-99.36,-0.06,-38903.04,-77.81,8
1639,Exit long,2026-06-05 10:25,L297675X,29844,3,179367,-306.72,-0.17,3.72,283.14,0.16,-304.86,-0.17,-39209.76,-78.42,10
1639,Entry long,2026-06-05 10:15,L297675,29894.5,3,179367,-306.72,-0.17,3.72,283.14,0.16,-304.86,-0.17,-39209.76,-78.42,10
1640,Exit long,2026-06-05 10:34,L297689X,29900.5,3,178954.5,444.78,0.25,3.72,446.64,0.25,-69.36,-0.04,-38764.98,-77.53,5
1640,Entry long,2026-06-05 10:29,L297689,29825.75,3,178954.5,444.78,0.25,3.72,446.64,0.25,-69.36,-0.04,-38764.98,-77.53,5
1641,Exit long,2026-06-05 10:42,L297694X,29850.75,3,179407.5,-306.72,-0.17,3.72,160.14,0.09,-304.86,-0.17,-39071.7,-78.14,8
1641,Entry long,2026-06-05 10:34,L297694,29901.25,3,179407.5,-306.72,-0.17,3.72,160.14,0.09,-304.86,-0.17,-39071.7,-78.14,8
1642,Exit long,2026-06-05 10:47,L297705X,29808.5,3,179154,-306.72,-0.17,3.72,16.14,0.01,-304.86,-0.17,-39378.42,-78.76,2
1642,Entry long,2026-06-05 10:45,L297705,29859,3,179154,-306.72,-0.17,3.72,16.14,0.01,-304.86,-0.17,-39378.42,-78.76,2
1643,Exit long,2026-06-05 11:02,L297710X,29792.75,3,179059.5,-306.72,-0.17,3.72,181.14,0.10,-304.86,-0.17,-39685.14,-79.37,12
1643,Entry long,2026-06-05 10:50,L297710,29843.25,3,179059.5,-306.72,-0.17,3.72,181.14,0.10,-304.86,-0.17,-39685.14,-79.37,12
1644,Exit short,2026-06-05 14:02,S297900X,29432,6,353631,439.56,0.12,7.44,443.28,0.13,-18.72,-0.01,-39245.58,-78.49,2
1644,Entry short,2026-06-05 14:00,S297900,29469.25,6,353631,439.56,0.12,7.44,443.28,0.13,-18.72,-0.01,-39245.58,-78.49,2
1645,Exit long,2026-06-08 09:31,L299010X,29516,3,177399,-306.72,-0.17,3.72,106.14,0.06,-304.86,-0.17,-39552.3,-79.10,1
1645,Entry long,2026-06-08 09:30,L299010,29566.5,3,177399,-306.72,-0.17,3.72,106.14,0.06,-304.86,-0.17,-39552.3,-79.10,1
1646,Exit short,2026-06-08 09:38,S299013X,29492.5,3,176652,-306.72,-0.17,3.72,266.64,0.15,-304.86,-0.17,-39859.02,-79.72,5
1646,Entry short,2026-06-08 09:33,S299013,29442,3,176652,-306.72,-0.17,3.72,266.64,0.15,-304.86,-0.17,-39859.02,-79.72,5
1647,Exit long,2026-06-08 09:43,L299018X,29538.25,3,176781,444.78,0.25,3.72,446.64,0.25,-244.86,-0.14,-39414.24,-78.83,5
1647,Entry long,2026-06-08 09:38,L299018,29463.5,3,176781,444.78,0.25,3.72,446.64,0.25,-244.86,-0.14,-39414.24,-78.83,5
1648,Exit long,2026-06-08 10:05,L299041X,29350.5,3,176406,-306.72,-0.17,3.72,187.14,0.11,-304.86,-0.17,-39720.96,-79.44,4
1648,Entry long,2026-06-08 10:01,L299041,29401,3,176406,-306.72,-0.17,3.72,187.14,0.11,-304.86,-0.17,-39720.96,-79.44,4
1649,Exit long,2026-06-08 10:16,L299046X,29378.5,3,176574,-306.72,-0.17,3.72,259.14,0.15,-304.86,-0.17,-40027.68,-80.06,10
1649,Entry long,2026-06-08 10:06,L299046,29429,3,176574,-306.72,-0.17,3.72,259.14,0.15,-304.86,-0.17,-40027.68,-80.06,10
1650,Exit long,2026-06-08 10:25,L299057X,29491,3,176497.5,444.78,0.25,3.72,446.64,0.25,-181.86,-0.10,-39582.9,-79.17,8
1650,Entry long,2026-06-08 10:17,L299057,29416.25,3,176497.5,444.78,0.25,3.72,446.64,0.25,-181.86,-0.10,-39582.9,-79.17,8
1651,Exit long,2026-06-08 10:35,L299065X,29562.25,3,176925,444.78,0.25,3.72,446.64,0.25,-51.36,-0.03,-39138.12,-78.28,10
1651,Entry long,2026-06-08 10:25,L299065,29487.5,3,176925,444.78,0.25,3.72,446.64,0.25,-51.36,-0.03,-39138.12,-78.28,10
1652,Exit short,2026-06-08 10:46,S299081X,29618,3,177405,-306.72,-0.17,3.72,238.14,0.13,-304.86,-0.17,-39444.84,-78.89,5
1652,Entry short,2026-06-08 10:41,S299081,29567.5,3,177405,-306.72,-0.17,3.72,238.14,0.13,-304.86,-0.17,-39444.84,-78.89,5
1653,Exit short,2026-06-08 10:57,S299089X,29661.5,3,177666,-306.72,-0.17,3.72,61.14,0.03,-304.86,-0.17,-39751.56,-79.50,8
1653,Entry short,2026-06-08 10:49,S299089,29611,3,177666,-306.72,-0.17,3.72,61.14,0.03,-304.86,-0.17,-39751.56,-79.50,8
1654,Exit long,2026-06-08 14:30,L299280X,29611.75,6,354894,439.56,0.12,7.44,443.28,0.12,-234.72,-0.07,-39312,-78.62,30
1654,Entry long,2026-06-08 14:00,L299280,29574.5,6,354894,439.56,0.12,7.44,443.28,0.12,-234.72,-0.07,-39312,-78.62,30
1655,Exit short,2026-06-09 09:34,S300390X,29652.5,3,178363.5,444.78,0.25,3.72,446.64,0.25,-55.86,-0.03,-38867.22,-77.73,4
1655,Entry short,2026-06-09 09:30,S300390,29727.25,3,178363.5,444.78,0.25,3.72,446.64,0.25,-55.86,-0.03,-38867.22,-77.73,4
1656,Exit long,2026-06-09 09:45,L300395X,29784,3,178255.5,444.78,0.25,3.72,446.64,0.25,-301.86,-0.17,-38422.44,-76.84,10
1656,Entry long,2026-06-09 09:35,L300395,29709.25,3,178255.5,444.78,0.25,3.72,446.64,0.25,-301.86,-0.17,-38422.44,-76.84,10
1657,Exit short,2026-06-09 09:54,S300410X,29731.25,3,178836,444.78,0.25,3.72,446.64,0.25,-78.36,-0.04,-37977.66,-75.96,4
1657,Entry short,2026-06-09 09:50,S300410,29806,3,178836,444.78,0.25,3.72,446.64,0.25,-78.36,-0.04,-37977.66,-75.96,4
1658,Exit long,2026-06-09 10:07,L300421X,29645.75,3,178177.5,-306.72,-0.17,3.72,103.14,0.06,-304.86,-0.17,-38284.38,-76.57,6
1658,Entry long,2026-06-09 10:01,L300421,29696.25,3,178177.5,-306.72,-0.17,3.72,103.14,0.06,-304.86,-0.17,-38284.38,-76.57,6
1659,Exit long,2026-06-09 10:20,L300439X,29361.5,3,176472,-306.72,-0.17,3.72,0,0.00,-304.86,-0.17,-38591.1,-77.18,1
1659,Entry long,2026-06-09 10:19,L300439,29412,3,176472,-306.72,-0.17,3.72,0,0.00,-304.86,-0.17,-38591.1,-77.18,1
1660,Exit long,2026-06-09 10:30,L300442X,29401.5,3,176712,-306.72,-0.17,3.72,442.14,0.25,-304.86,-0.17,-38897.82,-77.80,8
1660,Entry long,2026-06-09 10:22,L300442,29452,3,176712,-306.72,-0.17,3.72,442.14,0.25,-304.86,-0.17,-38897.82,-77.80,8
1661,Exit long,2026-06-09 10:35,L300452X,29405.75,3,176737.5,-306.72,-0.17,3.72,26.64,0.02,-304.86,-0.17,-39204.54,-78.41,3
1661,Entry long,2026-06-09 10:32,L300452,29456.25,3,176737.5,-306.72,-0.17,3.72,26.64,0.02,-304.86,-0.17,-39204.54,-78.41,3
1662,Exit long,2026-06-09 10:38,L300457X,29432.75,3,176899.5,-306.72,-0.17,3.72,28.14,0.02,-304.86,-0.17,-39511.26,-79.02,1
1662,Entry long,2026-06-09 10:37,L300457,29483.25,3,176899.5,-306.72,-0.17,3.72,28.14,0.02,-304.86,-0.17,-39511.26,-79.02,1
1663,Exit long,2026-06-09 10:42,L300460X,29415.5,3,176796,-306.72,-0.17,3.72,22.14,0.01,-304.86,-0.17,-39817.98,-79.64,2
1663,Entry long,2026-06-09 10:40,L300460,29466,3,176796,-306.72,-0.17,3.72,22.14,0.01,-304.86,-0.17,-39817.98,-79.64,2
1664,Exit long,2026-06-09 10:53,L300471X,29122.25,3,175036.5,-306.72,-0.18,3.72,106.14,0.06,-304.86,-0.17,-40124.7,-80.25,2
1664,Entry long,2026-06-09 10:51,L300471,29172.75,3,175036.5,-306.72,-0.18,3.72,106.14,0.06,-304.86,-0.17,-40124.7,-80.25,2
1665,Exit long,2026-06-10 09:31,L301770X,28870,3,173523,-306.72,-0.18,3.72,40.14,0.02,-304.86,-0.18,-40431.42,-80.86,1
1665,Entry long,2026-06-10 09:30,L301770,28920.5,3,173523,-306.72,-0.18,3.72,40.14,0.02,-304.86,-0.18,-40431.42,-80.86,1
1666,Exit short,2026-06-10 09:35,S301774X,28829.75,3,172675.5,-306.72,-0.18,3.72,43.14,0.02,-304.86,-0.18,-40738.14,-81.48,1
1666,Entry short,2026-06-10 09:34,S301774,28779.25,3,172675.5,-306.72,-0.18,3.72,43.14,0.02,-304.86,-0.18,-40738.14,-81.48,1
1667,Exit short,2026-06-10 09:42,S301781X,28920.5,3,173220,-306.72,-0.18,3.72,13.14,0.01,-304.86,-0.18,-41044.86,-82.09,1
1667,Entry short,2026-06-10 09:41,S301781,28870,3,173220,-306.72,-0.18,3.72,13.14,0.01,-304.86,-0.18,-41044.86,-82.09,1
1668,Exit short,2026-06-10 10:01,S301790X,28977.5,3,174313.5,444.78,0.26,3.72,446.64,0.26,-252.36,-0.14,-40600.08,-81.20,11
1668,Entry short,2026-06-10 09:50,S301790,29052.25,3,174313.5,444.78,0.26,3.72,446.64,0.26,-252.36,-0.14,-40600.08,-81.20,11
1669,Exit short,2026-06-10 10:06,S301805X,29089.75,3,174235.5,-306.72,-0.18,3.72,0,0.00,-304.86,-0.17,-40906.8,-81.81,1
1669,Entry short,2026-06-10 10:05,S301805,29039.25,3,174235.5,-306.72,-0.18,3.72,0,0.00,-304.86,-0.17,-40906.8,-81.81,1
1670,Exit short,2026-06-10 10:11,S301810X,29138.25,3,174526.5,-306.72,-0.18,3.72,31.14,0.02,-304.86,-0.17,-41213.52,-82.43,1
1670,Entry short,2026-06-10 10:10,S301810,29087.75,3,174526.5,-306.72,-0.18,3.72,31.14,0.02,-304.86,-0.17,-41213.52,-82.43,1
1671,Exit short,2026-06-10 10:30,S301828X,29186.75,3,174817.5,-306.72,-0.18,3.72,0,0.00,-304.86,-0.17,-41520.24,-83.04,2
1671,Entry short,2026-06-10 10:28,S301828,29136.25,3,174817.5,-306.72,-0.18,3.72,0,0.00,-304.86,-0.17,-41520.24,-83.04,2
1672,Exit short,2026-06-10 10:32,S301831X,29151.5,3,174606,-306.72,-0.18,3.72,56.64,0.03,-304.86,-0.17,-41826.96,-83.65,1
1672,Entry short,2026-06-10 10:31,S301831,29101,3,174606,-306.72,-0.18,3.72,56.64,0.03,-304.86,-0.17,-41826.96,-83.65,1
1673,Exit short,2026-06-10 10:44,S301836X,29109.5,3,175105.5,444.78,0.25,3.72,446.64,0.26,-87.36,-0.05,-41382.18,-82.76,8
1673,Entry short,2026-06-10 10:36,S301836,29184.25,3,175105.5,444.78,0.25,3.72,446.64,0.26,-87.36,-0.05,-41382.18,-82.76,8
1674,Exit short,2026-06-10 10:49,S301844X,29008,3,174496.5,444.78,0.25,3.72,446.64,0.26,-265.86,-0.15,-40937.4,-81.87,5
1674,Entry short,2026-06-10 10:44,S301844,29082.75,3,174496.5,444.78,0.25,3.72,446.64,0.26,-265.86,-0.15,-40937.4,-81.87,5
1675,Exit long,2026-06-11 09:31,L303150X,28725.75,3,172657.5,-306.72,-0.18,3.72,38.64,0.02,-304.86,-0.18,-41244.12,-82.49,1
1675,Entry long,2026-06-11 09:30,L303150,28776.25,3,172657.5,-306.72,-0.18,3.72,38.64,0.02,-304.86,-0.18,-41244.12,-82.49,1
1676,Exit short,2026-06-11 09:36,S303151X,28767.25,3,172300.5,-306.72,-0.18,3.72,272.64,0.16,-304.86,-0.18,-41550.84,-83.10,5
1676,Entry short,2026-06-11 09:31,S303151,28716.75,3,172300.5,-306.72,-0.18,3.72,272.64,0.16,-304.86,-0.18,-41550.84,-83.10,5
1677,Exit short,2026-06-11 09:50,S303169X,28866,3,172893,-306.72,-0.18,3.72,0,0.00,-304.86,-0.18,-41857.56,-83.72,1
1677,Entry short,2026-06-11 09:49,S303169,28815.5,3,172893,-306.72,-0.18,3.72,0,0.00,-304.86,-0.18,-41857.56,-83.72,1
1678,Exit short,2026-06-11 10:00,S303177X,28959,3,173451,-306.72,-0.18,3.72,184.14,0.11,-304.86,-0.18,-42164.28,-84.33,3
1678,Entry short,2026-06-11 09:57,S303177,28908.5,3,173451,-306.72,-0.18,3.72,184.14,0.11,-304.86,-0.18,-42164.28,-84.33,3
1679,Exit short,2026-06-11 10:10,S303185X,28912,3,173920.5,444.78,0.26,3.72,446.64,0.26,-226.86,-0.13,-41719.5,-83.44,5
1679,Entry short,2026-06-11 10:05,S303185,28986.75,3,173920.5,444.78,0.26,3.72,446.64,0.26,-226.86,-0.13,-41719.5,-83.44,5
1680,Exit short,2026-06-11 10:16,S303190X,28818.25,3,173358,444.78,0.26,3.72,446.64,0.26,-187.86,-0.11,-41274.72,-82.55,6
1680,Entry short,2026-06-11 10:10,S303190,28893,3,173358,444.78,0.26,3.72,446.64,0.26,-187.86,-0.11,-41274.72,-82.55,6
1681,Exit short,2026-06-11 10:17,S303196X,28832.5,3,172692,-306.72,-0.18,3.72,13.14,0.01,-304.86,-0.18,-41581.44,-83.16,1
1681,Entry short,2026-06-11 10:16,S303196,28782,3,172692,-306.72,-0.18,3.72,13.14,0.01,-304.86,-0.18,-41581.44,-83.16,1
1682,Exit short,2026-06-11 10:30,S303206X,28902,3,173109,-306.72,-0.18,3.72,359.64,0.21,-304.86,-0.18,-41888.16,-83.78,4
1682,Entry short,2026-06-11 10:26,S303206,28851.5,3,173109,-306.72,-0.18,3.72,359.64,0.21,-304.86,-0.18,-41888.16,-83.78,4
1683,Exit short,2026-06-11 10:35,S303210X,28880.5,3,172980,-306.72,-0.18,3.72,184.14,0.11,-304.86,-0.18,-42194.88,-84.39,5
1683,Entry short,2026-06-11 10:30,S303210,28830,3,172980,-306.72,-0.18,3.72,184.14,0.11,-304.86,-0.18,-42194.88,-84.39,5
1684,Exit short,2026-06-11 10:38,S303217X,28892,3,173049,-306.72,-0.18,3.72,17.64,0.01,-304.86,-0.18,-42501.6,-85.00,1
1684,Entry short,2026-06-11 10:37,S303217,28841.5,3,173049,-306.72,-0.18,3.72,17.64,0.01,-304.86,-0.18,-42501.6,-85.00,1
1685,Exit short,2026-06-12 09:33,S304530X,29357.5,3,176593.5,444.78,0.25,3.72,446.64,0.25,-30.36,-0.02,-42056.82,-84.11,3
1685,Entry short,2026-06-12 09:30,S304530,29432.25,3,176593.5,444.78,0.25,3.72,446.64,0.25,-30.36,-0.02,-42056.82,-84.11,3
1686,Exit short,2026-06-12 09:35,S304533X,29369.75,3,175915.5,-306.72,-0.17,3.72,73.14,0.04,-304.86,-0.17,-42363.54,-84.73,2
1686,Entry short,2026-06-12 09:33,S304533,29319.25,3,175915.5,-306.72,-0.17,3.72,73.14,0.04,-304.86,-0.17,-42363.54,-84.73,2
1687,Exit long,2026-06-12 09:40,L304535X,29365,3,176493,-306.72,-0.17,3.72,343.14,0.19,-304.86,-0.17,-42670.26,-85.34,5
1687,Entry long,2026-06-12 09:35,L304535,29415.5,3,176493,-306.72,-0.17,3.72,343.14,0.19,-304.86,-0.17,-42670.26,-85.34,5
1688,Exit long,2026-06-12 09:53,L304552X,29303.75,3,176125.5,-306.72,-0.17,3.72,49.14,0.03,-304.86,-0.17,-42976.98,-85.95,1
1688,Entry long,2026-06-12 09:52,L304552,29354.25,3,176125.5,-306.72,-0.17,3.72,49.14,0.03,-304.86,-0.17,-42976.98,-85.95,1
1689,Exit long,2026-06-12 10:00,L304555X,29417,3,176053.5,444.78,0.25,3.72,446.64,0.25,-111.36,-0.06,-42532.2,-85.06,5
1689,Entry long,2026-06-12 09:55,L304555,29342.25,3,176053.5,444.78,0.25,3.72,446.64,0.25,-111.36,-0.06,-42532.2,-85.06,5
1690,Exit long,2026-06-12 10:06,L304560X,29514,3,176635.5,444.78,0.25,3.72,446.64,0.25,-126.36,-0.07,-42087.42,-84.17,6
1690,Entry long,2026-06-12 10:00,L304560,29439.25,3,176635.5,444.78,0.25,3.72,446.64,0.25,-126.36,-0.07,-42087.42,-84.17,6
1691,Exit short,2026-06-12 10:17,S304572X,29590.75,3,177241.5,-306.72,-0.17,3.72,164.64,0.09,-304.86,-0.17,-42394.14,-84.79,5
1691,Entry short,2026-06-12 10:12,S304572,29540.25,3,177241.5,-306.72,-0.17,3.72,164.64,0.09,-304.86,-0.17,-42394.14,-84.79,5
1692,Exit short,2026-06-12 10:35,S304581X,29586.75,3,177217.5,-306.72,-0.17,3.72,298.14,0.17,-304.86,-0.17,-42700.86,-85.40,14
1692,Entry short,2026-06-12 10:21,S304581,29536.25,3,177217.5,-306.72,-0.17,3.72,298.14,0.17,-304.86,-0.17,-42700.86,-85.40,14
1693,Exit short,2026-06-12 10:42,S304597X,29466.75,3,177249,444.78,0.25,3.72,446.64,0.25,-166.86,-0.09,-42256.08,-84.51,5
1693,Entry short,2026-06-12 10:37,S304597,29541.5,3,177249,444.78,0.25,3.72,446.64,0.25,-166.86,-0.09,-42256.08,-84.51,5
1694,Exit long,2026-06-12 10:52,L304610X,29499.25,3,176547,444.78,0.25,3.72,446.64,0.25,-247.86,-0.14,-41811.3,-83.62,2
1694,Entry long,2026-06-12 10:50,L304610,29424.5,3,176547,444.78,0.25,3.72,446.64,0.25,-247.86,-0.14,-41811.3,-83.62,2
1695,Exit long,2026-06-15 09:45,L305910X,30742,3,184003.5,444.78,0.24,3.72,446.64,0.24,-99.36,-0.05,-41366.52,-82.73,15
1695,Entry long,2026-06-15 09:30,L305910,30667.25,3,184003.5,444.78,0.24,3.72,446.64,0.24,-99.36,-0.05,-41366.52,-82.73,15
1696,Exit short,2026-06-15 09:59,S305933X,30700.75,3,184653,444.78,0.24,3.72,446.64,0.24,-49.86,-0.03,-40921.74,-81.84,6
1696,Entry short,2026-06-15 09:53,S305933,30775.5,3,184653,444.78,0.24,3.72,446.64,0.24,-49.86,-0.03,-40921.74,-81.84,6
1697,Exit short,2026-06-15 10:57,S305947X,30786.75,3,184417.5,-306.72,-0.17,3.72,394.14,0.21,-304.86,-0.17,-41228.46,-82.46,50
1697,Entry short,2026-06-15 10:07,S305947,30736.25,3,184417.5,-306.72,-0.17,3.72,394.14,0.21,-304.86,-0.17,-41228.46,-82.46,50
1698,Exit short,2026-06-15 14:42,S306180X,30882.75,6,370287,-313.44,-0.08,7.44,398.28,0.11,-309.72,-0.08,-41541.9,-83.08,42
1698,Entry short,2026-06-15 14:00,S306180,30857.25,6,370287,-313.44,-0.08,7.44,398.28,0.11,-309.72,-0.08,-41541.9,-83.08,42
1699,Exit short,2026-06-15 15:29,S306226X,30832.75,6,370440,439.56,0.12,7.44,443.28,0.12,-180.72,-0.05,-41102.34,-82.20,43
1699,Entry short,2026-06-15 14:46,S306226,30870,6,370440,439.56,0.12,7.44,443.28,0.12,-180.72,-0.05,-41102.34,-82.20,43
1700,Exit short,2026-06-16 09:43,S307290X,30857.25,3,184840.5,-306.72,-0.17,3.72,334.14,0.18,-304.86,-0.16,-41409.06,-82.82,13
1700,Entry short,2026-06-16 09:30,S307290,30806.75,3,184840.5,-306.72,-0.17,3.72,334.14,0.18,-304.86,-0.16,-41409.06,-82.82,13
1701,Exit short,2026-06-16 10:16,S307312X,30780.5,3,185131.5,444.78,0.24,3.72,446.64,0.24,-204.36,-0.11,-40964.28,-81.93,24
1701,Entry short,2026-06-16 09:52,S307312,30855.25,3,185131.5,444.78,0.24,3.72,446.64,0.24,-204.36,-0.11,-40964.28,-81.93,24
1702,Exit long,2026-06-16 10:55,L307357X,30610,3,183963,-306.72,-0.17,3.72,325.14,0.18,-304.86,-0.17,-41271,-82.54,18
1702,Entry long,2026-06-16 10:37,L307357,30660.5,3,183963,-306.72,-0.17,3.72,325.14,0.18,-304.86,-0.17,-41271,-82.54,18
1703,Exit long,2026-06-16 14:15,L307560X,30455.25,6,365769,-313.44,-0.09,7.44,182.28,0.05,-309.72,-0.08,-41584.44,-83.17,15
1703,Entry long,2026-06-16 14:00,L307560,30480.75,6,365769,-313.44,-0.09,7.44,182.28,0.05,-309.72,-0.08,-41584.44,-83.17,15
1704,Exit long,2026-06-16 14:35,L307582X,30435.75,6,365535,-313.44,-0.09,7.44,284.28,0.08,-309.72,-0.08,-41897.88,-83.80,13
1704,Entry long,2026-06-16 14:22,L307582,30461.25,6,365535,-313.44,-0.09,7.44,284.28,0.08,-309.72,-0.08,-41897.88,-83.80,13
1705,Exit long,2026-06-16 15:00,L307597X,30422,6,365370,-313.44,-0.09,7.44,269.28,0.07,-309.72,-0.08,-42211.32,-84.42,23
1705,Entry long,2026-06-16 14:37,L307597,30447.5,6,365370,-313.44,-0.09,7.44,269.28,0.07,-309.72,-0.08,-42211.32,-84.42,23
1706,Exit short,2026-06-17 09:38,S308670X,30404,3,182872.5,444.78,0.24,3.72,446.64,0.24,-52.86,-0.03,-41766.54,-83.53,8
1706,Entry short,2026-06-17 09:30,S308670,30478.75,3,182872.5,444.78,0.24,3.72,446.64,0.24,-52.86,-0.03,-41766.54,-83.53,8
1707,Exit long,2026-06-17 09:43,L308680X,30516.75,3,182652,444.78,0.24,3.72,446.64,0.24,-21.36,-0.01,-41321.76,-82.64,3
1707,Entry long,2026-06-17 09:40,L308680,30442,3,182652,444.78,0.24,3.72,446.64,0.24,-21.36,-0.01,-41321.76,-82.64,3
1708,Exit long,2026-06-17 10:02,L308700X,30332.75,3,182299.5,-306.72,-0.17,3.72,14.64,0.01,-304.86,-0.17,-41628.48,-83.26,2
1708,Entry long,2026-06-17 10:00,L308700,30383.25,3,182299.5,-306.72,-0.17,3.72,14.64,0.01,-304.86,-0.17,-41628.48,-83.26,2
1709,Exit long,2026-06-17 10:15,L308703X,30461.25,3,182319,444.78,0.24,3.72,446.64,0.24,-226.86,-0.12,-41183.7,-82.37,12
1709,Entry long,2026-06-17 10:03,L308703,30386.5,3,182319,444.78,0.24,3.72,446.64,0.24,-226.86,-0.12,-41183.7,-82.37,12
1710,Exit long,2026-06-17 10:32,L308722X,30446.5,3,182982,-306.72,-0.17,3.72,284.64,0.16,-304.86,-0.17,-41490.42,-82.98,10
1710,Entry long,2026-06-17 10:22,L308722,30497,3,182982,-306.72,-0.17,3.72,284.64,0.16,-304.86,-0.17,-41490.42,-82.98,10
1711,Exit long,2026-06-17 10:38,L308734X,30409.75,3,182761.5,-306.72,-0.17,3.72,109.14,0.06,-304.86,-0.17,-41797.14,-83.59,4
1711,Entry long,2026-06-17 10:34,L308734,30460.25,3,182761.5,-306.72,-0.17,3.72,109.14,0.06,-304.86,-0.17,-41797.14,-83.59,4
1712,Exit long,2026-06-17 10:47,L308742X,30376.5,3,182562,-306.72,-0.17,3.72,212.64,0.12,-304.86,-0.17,-42103.86,-84.21,5
1712,Entry long,2026-06-17 10:42,L308742,30427,3,182562,-306.72,-0.17,3.72,212.64,0.12,-304.86,-0.17,-42103.86,-84.21,5
1713,Exit long,2026-06-17 12:00,L308751X,30465.75,3,182346,444.78,0.24,3.72,446.64,0.24,-270.36,-0.15,-41659.08,-83.32,69
1713,Entry long,2026-06-17 10:51,L308751,30391,3,182346,444.78,0.24,3.72,446.64,0.24,-270.36,-0.15,-41659.08,-83.32,69
1714,Exit short,2026-06-17 14:01,S308940X,30354,3,181821,-306.72,-0.17,3.72,61.14,0.03,-304.86,-0.17,-41965.8,-83.93,1
1714,Entry short,2026-06-17 14:00,S308940,30303.5,3,181821,-306.72,-0.17,3.72,61.14,0.03,-304.86,-0.17,-41965.8,-83.93,1
1715,Exit short,2026-06-17 14:04,S308942X,30173,3,181486.5,444.78,0.25,3.72,446.64,0.25,-103.86,-0.06,-41521.02,-83.04,2
1715,Entry short,2026-06-17 14:02,S308942,30247.75,3,181486.5,444.78,0.25,3.72,446.64,0.25,-103.86,-0.06,-41521.02,-83.04,2
1716,Exit short,2026-06-18 09:34,S310050X,30498.5,3,183439.5,444.78,0.24,3.72,446.64,0.24,-91.86,-0.05,-41076.24,-82.15,4
1716,Entry short,2026-06-18 09:30,S310050,30573.25,3,183439.5,444.78,0.24,3.72,446.64,0.24,-91.86,-0.05,-41076.24,-82.15,4
1717,Exit short,2026-06-18 09:37,S310054X,30410.25,3,182910,444.78,0.24,3.72,446.64,0.24,-106.86,-0.06,-40631.46,-81.26,3
1717,Entry short,2026-06-18 09:34,S310054,30485,3,182910,444.78,0.24,3.72,446.64,0.24,-106.86,-0.06,-40631.46,-81.26,3
1718,Exit long,2026-06-18 09:53,L310065X,30530.25,3,182733,444.78,0.24,3.72,446.64,0.24,-198.36,-0.11,-40186.68,-80.37,8
1718,Entry long,2026-06-18 09:45,L310065,30455.5,3,182733,444.78,0.24,3.72,446.64,0.24,-198.36,-0.11,-40186.68,-80.37,8
1719,Exit long,2026-06-18 10:06,L310079X,30542,3,182803.5,444.78,0.24,3.72,446.64,0.24,-112.86,-0.06,-39741.9,-79.48,7
1719,Entry long,2026-06-18 09:59,L310079,30467.25,3,182803.5,444.78,0.24,3.72,446.64,0.24,-112.86,-0.06,-39741.9,-79.48,7
1720,Exit long,2026-06-18 10:14,L310086X,30509.75,3,183361.5,-306.72,-0.17,3.72,188.64,0.10,-304.86,-0.17,-40048.62,-80.10,8
1720,Entry long,2026-06-18 10:06,L310086,30560.25,3,183361.5,-306.72,-0.17,3.72,188.64,0.10,-304.86,-0.17,-40048.62,-80.10,8
1721,Exit long,2026-06-18 10:28,L310096X,30523.25,3,183442.5,-306.72,-0.17,3.72,413.64,0.23,-304.86,-0.17,-40355.34,-80.71,12
1721,Entry long,2026-06-18 10:16,L310096,30573.75,3,183442.5,-306.72,-0.17,3.72,413.64,0.23,-304.86,-0.17,-40355.34,-80.71,12
1722,Exit long,2026-06-18 10:46,L310114X,30622,3,183283.5,444.78,0.24,3.72,446.64,0.24,-150.36,-0.08,-39910.56,-79.82,12
1722,Entry long,2026-06-18 10:34,L310114,30547.25,3,183283.5,444.78,0.24,3.72,446.64,0.24,-150.36,-0.08,-39910.56,-79.82,12
1723,Exit short,2026-06-18 11:36,S310130X,30554,3,183772.5,444.78,0.24,3.72,446.64,0.24,-283.86,-0.15,-39465.78,-78.93,46
1723,Entry short,2026-06-18 10:50,S310130,30628.75,3,183772.5,444.78,0.24,3.72,446.64,0.24,-283.86,-0.15,-39465.78,-78.93,46
1724,Exit short,2026-06-18 14:39,S310320X,30666.25,6,368442,439.56,0.12,7.44,443.28,0.12,-234.72,-0.06,-39026.22,-78.05,39
1724,Entry short,2026-06-18 14:00,S310320,30703.5,6,368442,439.56,0.12,7.44,443.28,0.12,-234.72,-0.06,-39026.22,-78.05,39
1725,Exit long,2026-06-18 14:52,L310365X,30718,6,368169,439.56,0.12,7.44,443.28,0.12,-27.72,-0.01,-38586.66,-77.17,7
1725,Entry long,2026-06-18 14:45,L310365,30680.75,6,368169,439.56,0.12,7.44,443.28,0.12,-27.72,-0.01,-38586.66,-77.17,7
1726,Exit long,2026-06-21 18:00,L311430X,30580.5,3,183990,-510.72,-0.28,3.72,238.14,0.13,-508.86,-0.28,-39097.38,-78.19,210
1726,Entry long,2026-06-19 09:30,L311430,30665,3,183990,-510.72,-0.28,3.72,238.14,0.13,-508.86,-0.28,-39097.38,-78.19,210
1727,Exit long,2026-06-22 09:31,L312570X,30842.5,3,185358,-306.72,-0.17,3.72,16.14,0.01,-304.86,-0.16,-39404.1,-78.81,1
1727,Entry long,2026-06-22 09:30,L312570,30893,3,185358,-306.72,-0.17,3.72,16.14,0.01,-304.86,-0.16,-39404.1,-78.81,1
1728,Exit short,2026-06-22 09:35,S312573X,30824.25,3,184642.5,-306.72,-0.17,3.72,91.14,0.05,-304.86,-0.17,-39710.82,-79.42,2
1728,Entry short,2026-06-22 09:33,S312573,30773.75,3,184642.5,-306.72,-0.17,3.72,91.14,0.05,-304.86,-0.17,-39710.82,-79.42,2
1729,Exit short,2026-06-22 09:42,S312580X,30825,3,185398.5,444.78,0.24,3.72,446.64,0.24,-55.86,-0.03,-39266.04,-78.53,2
1729,Entry short,2026-06-22 09:40,S312580,30899.75,3,185398.5,444.78,0.24,3.72,446.64,0.24,-55.86,-0.03,-39266.04,-78.53,2
1730,Exit short,2026-06-22 09:57,S312594X,30902,3,185109,-306.72,-0.17,3.72,50.64,0.03,-304.86,-0.16,-39572.76,-79.15,3
1730,Entry short,2026-06-22 09:54,S312594,30851.5,3,185109,-306.72,-0.17,3.72,50.64,0.03,-304.86,-0.16,-39572.76,-79.15,3
1731,Exit short,2026-06-22 10:09,S312600X,30962.75,3,185473.5,-306.72,-0.17,3.72,25.14,0.01,-304.86,-0.16,-39879.48,-79.76,9
1731,Entry short,2026-06-22 10:00,S312600,30912.25,3,185473.5,-306.72,-0.17,3.72,25.14,0.01,-304.86,-0.16,-39879.48,-79.76,9
1732,Exit short,2026-06-22 10:20,S312611X,30845.75,3,185523,444.78,0.24,3.72,446.64,0.24,-76.86,-0.04,-39434.7,-78.87,9
1732,Entry short,2026-06-22 10:11,S312611,30920.5,3,185523,444.78,0.24,3.72,446.64,0.24,-76.86,-0.04,-39434.7,-78.87,9
1733,Exit short,2026-06-22 10:27,S312620X,30765.75,3,185043,444.78,0.24,3.72,446.64,0.24,-168.36,-0.09,-38989.92,-77.98,7
1733,Entry short,2026-06-22 10:20,S312620,30840.5,3,185043,444.78,0.24,3.72,446.64,0.24,-168.36,-0.09,-38989.92,-77.98,7
1734,Exit long,2026-06-22 10:43,L312634X,30641.75,3,184153.5,-306.72,-0.17,3.72,238.14,0.13,-304.86,-0.17,-39296.64,-78.59,9
1734,Entry long,2026-06-22 10:34,L312634,30692.25,3,184153.5,-306.72,-0.17,3.72,238.14,0.13,-304.86,-0.17,-39296.64,-78.59,9
1735,Exit long,2026-06-22 10:54,L312645X,30592,3,183855,-306.72,-0.17,3.72,236.64,0.13,-304.86,-0.17,-39603.36,-79.21,9
1735,Entry long,2026-06-22 10:45,L312645,30642.5,3,183855,-306.72,-0.17,3.72,236.64,0.13,-304.86,-0.17,-39603.36,-79.21,9
1736,Exit short,2026-06-23 09:31,S313950X,29710,3,177957,-306.72,-0.17,3.72,256.14,0.14,-304.86,-0.17,-39910.08,-79.82,1
1736,Entry short,2026-06-23 09:30,S313950,29659.5,3,177957,-306.72,-0.17,3.72,256.14,0.14,-304.86,-0.17,-39910.08,-79.82,1
1737,Exit long,2026-06-23 09:36,L313951X,29686.25,3,178420.5,-306.72,-0.17,3.72,268.14,0.15,-304.86,-0.17,-40216.8,-80.43,5
1737,Entry long,2026-06-23 09:31,L313951,29736.75,3,178420.5,-306.72,-0.17,3.72,268.14,0.15,-304.86,-0.17,-40216.8,-80.43,5
1738,Exit short,2026-06-23 09:59,S313974X,29926.75,3,179257.5,-306.72,-0.17,3.72,193.14,0.11,-304.86,-0.17,-40523.52,-81.05,5
1738,Entry short,2026-06-23 09:54,S313974,29876.25,3,179257.5,-306.72,-0.17,3.72,193.14,0.11,-304.86,-0.17,-40523.52,-81.05,5
1739,Exit short,2026-06-23 10:16,S313983X,30017,3,179799,-306.72,-0.17,3.72,196.14,0.11,-304.86,-0.17,-40830.24,-81.66,13
1739,Entry short,2026-06-23 10:03,S313983,29966.5,3,179799,-306.72,-0.17,3.72,196.14,0.11,-304.86,-0.17,-40830.24,-81.66,13
1740,Exit short,2026-06-23 10:23,S314002X,30030.5,3,179880,-306.72,-0.17,3.72,0,0.00,-304.86,-0.17,-41136.96,-82.27,1
1740,Entry short,2026-06-23 10:22,S314002,29980,3,179880,-306.72,-0.17,3.72,0,0.00,-304.86,-0.17,-41136.96,-82.27,1
1741,Exit short,2026-06-23 10:40,S314010X,29878,3,179716.5,444.78,0.25,3.72,446.64,0.25,-285.36,-0.16,-40692.18,-81.38,10
1741,Entry short,2026-06-23 10:30,S314010,29952.75,3,179716.5,444.78,0.25,3.72,446.64,0.25,-285.36,-0.16,-40692.18,-81.38,10
1742,Exit short,2026-06-23 11:05,S314024X,29809.75,3,179307,444.78,0.25,3.72,446.64,0.25,-268.86,-0.15,-40247.4,-80.49,21
1742,Entry short,2026-06-23 10:44,S314024,29884.5,3,179307,444.78,0.25,3.72,446.64,0.25,-268.86,-0.15,-40247.4,-80.49,21
1743,Exit long,2026-06-23 14:07,L314220X,29716.75,3,178603.5,-306.72,-0.17,3.72,89.64,0.05,-304.86,-0.17,-40554.12,-81.11,7
1743,Entry long,2026-06-23 14:00,L314220,29767.25,3,178603.5,-306.72,-0.17,3.72,89.64,0.05,-304.86,-0.17,-40554.12,-81.11,7
1744,Exit long,2026-06-23 14:50,L314268X,29655.25,6,355416,439.56,0.12,7.44,443.28,0.12,-69.72,-0.02,-40114.56,-80.23,2
1744,Entry long,2026-06-23 14:48,L314268,29618,6,355416,439.56,0.12,7.44,443.28,0.12,-69.72,-0.02,-40114.56,-80.23,2
1745,Exit long,2026-06-23 14:53,L314270X,29599.75,3,177901.5,-306.72,-0.17,3.72,34.14,0.02,-304.86,-0.17,-40421.28,-80.84,3
1745,Entry long,2026-06-23 14:50,L314270,29650.25,3,177901.5,-306.72,-0.17,3.72,34.14,0.02,-304.86,-0.17,-40421.28,-80.84,3
1746,Exit short,2026-06-24 09:32,S315330X,29703.25,3,177916.5,-306.72,-0.17,3.72,32.64,0.02,-304.86,-0.17,-40728,-81.46,2
1746,Entry short,2026-06-24 09:30,S315330,29652.75,3,177916.5,-306.72,-0.17,3.72,32.64,0.02,-304.86,-0.17,-40728,-81.46,2
1747,Exit long,2026-06-24 09:39,L315332X,29742.25,3,178756.5,-306.72,-0.17,3.72,302.64,0.17,-304.86,-0.17,-41034.72,-82.07,7
1747,Entry long,2026-06-24 09:32,L315332,29792.75,3,178756.5,-306.72,-0.17,3.72,302.64,0.17,-304.86,-0.17,-41034.72,-82.07,7
1748,Exit long,2026-06-24 09:48,L315344X,29611.75,3,177973.5,-306.72,-0.17,3.72,314.64,0.18,-304.86,-0.17,-41341.44,-82.68,4
1748,Entry long,2026-06-24 09:44,L315344,29662.25,3,177973.5,-306.72,-0.17,3.72,314.64,0.18,-304.86,-0.17,-41341.44,-82.68,4
1749,Exit long,2026-06-24 09:51,L315349X,29735.25,3,177963,444.78,0.25,3.72,446.64,0.25,-21.36,-0.01,-40896.66,-81.79,2
1749,Entry long,2026-06-24 09:49,L315349,29660.5,3,177963,444.78,0.25,3.72,446.64,0.25,-21.36,-0.01,-40896.66,-81.79,2
1750,Exit long,2026-06-24 10:12,L315365X,29643.75,3,178165.5,-306.72,-0.17,3.72,185.64,0.10,-304.86,-0.17,-41203.38,-82.41,7
1750,Entry long,2026-06-24 10:05,L315365,29694.25,3,178165.5,-306.72,-0.17,3.72,185.64,0.10,-304.86,-0.17,-41203.38,-82.41,7
1751,Exit long,2026-06-24 10:25,L315381X,29701.25,3,177759,444.78,0.25,3.72,446.64,0.25,-54.36,-0.03,-40758.6,-81.52,4
1751,Entry long,2026-06-24 10:21,L315381,29626.5,3,177759,444.78,0.25,3.72,446.64,0.25,-54.36,-0.03,-40758.6,-81.52,4
1752,Exit short,2026-06-24 10:44,S315393X,29792,3,178449,-306.72,-0.17,3.72,187.14,0.10,-304.86,-0.17,-41065.32,-82.13,11
1752,Entry short,2026-06-24 10:33,S315393,29741.5,3,178449,-306.72,-0.17,3.72,187.14,0.10,-304.86,-0.17,-41065.32,-82.13,11
1753,Exit short,2026-06-24 10:59,S315409X,29882.25,3,178990.5,-306.72,-0.17,3.72,247.14,0.14,-304.86,-0.17,-41372.04,-82.74,10
1753,Entry short,2026-06-24 10:49,S315409,29831.75,3,178990.5,-306.72,-0.17,3.72,247.14,0.14,-304.86,-0.17,-41372.04,-82.74,10
1754,Exit long,2026-06-24 14:15,L315600X,29473.5,3,176392.5,444.78,0.25,3.72,446.64,0.25,-37.86,-0.02,-40927.26,-81.85,15
1754,Entry long,2026-06-24 14:00,L315600,29398.75,3,176392.5,444.78,0.25,3.72,446.64,0.25,-37.86,-0.02,-40927.26,-81.85,15
1755,Exit short,2026-06-24 14:40,S315633X,29426.75,3,177009,444.78,0.25,3.72,446.64,0.25,-129.36,-0.07,-40482.48,-80.96,7
1755,Entry short,2026-06-24 14:33,S315633,29501.5,3,177009,444.78,0.25,3.72,446.64,0.25,-129.36,-0.07,-40482.48,-80.96,7
1756,Exit short,2026-06-25 09:33,S316710X,30047.75,3,180735,444.78,0.25,3.72,446.64,0.25,-28.86,-0.02,-40037.7,-80.08,3
1756,Entry short,2026-06-25 09:30,S316710,30122.5,3,180735,444.78,0.25,3.72,446.64,0.25,-28.86,-0.02,-40037.7,-80.08,3
1757,Exit short,2026-06-25 09:40,S316713X,29975,3,180298.5,444.78,0.25,3.72,446.64,0.25,-252.36,-0.14,-39592.92,-79.19,7
1757,Entry short,2026-06-25 09:33,S316713,30049.75,3,180298.5,444.78,0.25,3.72,446.64,0.25,-252.36,-0.14,-39592.92,-79.19,7
1758,Exit long,2026-06-25 10:05,L316742X,29558,3,176899.5,444.78,0.25,3.72,446.64,0.25,-114.36,-0.06,-39148.14,-78.30,3
1758,Entry long,2026-06-25 10:02,L316742,29483.25,3,176899.5,444.78,0.25,3.72,446.64,0.25,-114.36,-0.06,-39148.14,-78.30,3
1759,Exit long,2026-06-25 10:13,L316750X,29599,3,177897,-306.72,-0.17,3.72,241.14,0.14,-304.86,-0.17,-39454.86,-78.91,3
1759,Entry long,2026-06-25 10:10,L316750,29649.5,3,177897,-306.72,-0.17,3.72,241.14,0.14,-304.86,-0.17,-39454.86,-78.91,3
1760,Exit long,2026-06-25 10:23,L316759X,29560.75,3,177667.5,-306.72,-0.17,3.72,443.64,0.25,-304.86,-0.17,-39761.58,-79.52,4
1760,Entry long,2026-06-25 10:19,L316759,29611.25,3,177667.5,-306.72,-0.17,3.72,443.64,0.25,-304.86,-0.17,-39761.58,-79.52,4
1761,Exit long,2026-06-25 10:33,L316765X,29667.5,3,177556.5,444.78,0.25,3.72,446.64,0.25,-252.36,-0.14,-39316.8,-78.63,8
1761,Entry long,2026-06-25 10:25,L316765,29592.75,3,177556.5,444.78,0.25,3.72,446.64,0.25,-252.36,-0.14,-39316.8,-78.63,8
1762,Exit long,2026-06-25 10:42,L316779X,29648.25,3,178192.5,-306.72,-0.17,3.72,76.14,0.04,-304.86,-0.17,-39623.52,-79.25,3
1762,Entry long,2026-06-25 10:39,L316779,29698.75,3,178192.5,-306.72,-0.17,3.72,76.14,0.04,-304.86,-0.17,-39623.52,-79.25,3
1763,Exit long,2026-06-25 10:51,L316788X,29729.75,3,177930,444.78,0.25,3.72,446.64,0.25,-60.36,-0.03,-39178.74,-78.36,3
1763,Entry long,2026-06-25 10:48,L316788,29655,3,177930,444.78,0.25,3.72,446.64,0.25,-60.36,-0.03,-39178.74,-78.36,3
1764,Exit long,2026-06-25 10:57,L316791X,29678,3,178371,-306.72,-0.17,3.72,286.14,0.16,-304.86,-0.17,-39485.46,-78.97,6
1764,Entry long,2026-06-25 10:51,L316791,29728.5,3,178371,-306.72,-0.17,3.72,286.14,0.16,-304.86,-0.17,-39485.46,-78.97,6
1765,Exit short,2026-06-25 14:02,S316980X,29708.5,3,178699.5,444.78,0.25,3.72,446.64,0.25,-103.86,-0.06,-39040.68,-78.08,2
1765,Entry short,2026-06-25 14:00,S316980,29783.25,3,178699.5,444.78,0.25,3.72,446.64,0.25,-103.86,-0.06,-39040.68,-78.08,2
1766,Exit short,2026-06-26 09:33,S318090X,29260.75,3,176013,444.78,0.25,3.72,446.64,0.25,-225.36,-0.13,-38595.9,-77.19,3
1766,Entry short,2026-06-26 09:30,S318090,29335.5,3,176013,444.78,0.25,3.72,446.64,0.25,-225.36,-0.13,-38595.9,-77.19,3
1767,Exit short,2026-06-26 09:34,S318093X,29250.75,3,175201.5,-306.72,-0.18,3.72,107.64,0.06,-304.86,-0.17,-38902.62,-77.81,1
1767,Entry short,2026-06-26 09:33,S318093,29200.25,3,175201.5,-306.72,-0.18,3.72,107.64,0.06,-304.86,-0.17,-38902.62,-77.81,1
1768,Exit long,2026-06-26 09:37,L318095X,29271,3,175929,-306.72,-0.17,3.72,163.14,0.09,-304.86,-0.17,-39209.34,-78.42,2
1768,Entry long,2026-06-26 09:35,L318095,29321.5,3,175929,-306.72,-0.17,3.72,163.14,0.09,-304.86,-0.17,-39209.34,-78.42,2
1769,Exit long,2026-06-26 09:45,L318103X,29277.75,3,175969.5,-306.72,-0.17,3.72,226.14,0.13,-304.86,-0.17,-39516.06,-79.03,2
1769,Entry long,2026-06-26 09:43,L318103,29328.25,3,175969.5,-306.72,-0.17,3.72,226.14,0.13,-304.86,-0.17,-39516.06,-79.03,2
1770,Exit long,2026-06-26 09:52,L318111X,29273,3,175941,-306.72,-0.17,3.72,88.14,0.05,-304.86,-0.17,-39822.78,-79.65,1
1770,Entry long,2026-06-26 09:51,L318111,29323.5,3,175941,-306.72,-0.17,3.72,88.14,0.05,-304.86,-0.17,-39822.78,-79.65,1
1771,Exit long,2026-06-26 09:56,L318114X,29400.5,3,175954.5,444.78,0.25,3.72,446.64,0.25,-148.86,-0.08,-39378,-78.76,2
1771,Entry long,2026-06-26 09:54,L318114,29325.75,3,175954.5,444.78,0.25,3.72,446.64,0.25,-148.86,-0.08,-39378,-78.76,2
1772,Exit short,2026-06-26 10:13,S318130X,29586,3,177213,-306.72,-0.17,3.72,193.14,0.11,-304.86,-0.17,-39684.72,-79.37,3
1772,Entry short,2026-06-26 10:10,S318130,29535.5,3,177213,-306.72,-0.17,3.72,193.14,0.11,-304.86,-0.17,-39684.72,-79.37,3
1773,Exit short,2026-06-26 10:20,S318137X,29581.25,3,177184.5,-306.72,-0.17,3.72,58.14,0.03,-304.86,-0.17,-39991.44,-79.98,3
1773,Entry short,2026-06-26 10:17,S318137,29530.75,3,177184.5,-306.72,-0.17,3.72,58.14,0.03,-304.86,-0.17,-39991.44,-79.98,3
1774,Exit short,2026-06-26 10:36,S318143X,29524,3,177592.5,444.78,0.25,3.72,446.64,0.25,-232.86,-0.13,-39546.66,-79.09,13
1774,Entry short,2026-06-26 10:23,S318143,29598.75,3,177592.5,444.78,0.25,3.72,446.64,0.25,-232.86,-0.13,-39546.66,-79.09,13
1775,Exit short,2026-06-26 10:42,S318159X,29538.25,3,176926.5,-306.72,-0.17,3.72,193.14,0.11,-304.86,-0.17,-39853.38,-79.71,3
1775,Entry short,2026-06-26 10:39,S318159,29487.75,3,176926.5,-306.72,-0.17,3.72,193.14,0.11,-304.86,-0.17,-39853.38,-79.71,3
1776,Exit short,2026-06-29 09:31,S319470X,29673,3,177735,-306.72,-0.17,3.72,154.14,0.09,-304.86,-0.17,-40160.1,-80.32,1
1776,Entry short,2026-06-29 09:30,S319470,29622.5,3,177735,-306.72,-0.17,3.72,154.14,0.09,-304.86,-0.17,-40160.1,-80.32,1
1777,Exit long,2026-06-29 09:36,L319472X,29671.25,3,178330.5,-306.72,-0.17,3.72,275.64,0.15,-304.86,-0.17,-40466.82,-80.93,4
1777,Entry long,2026-06-29 09:32,L319472,29721.75,3,178330.5,-306.72,-0.17,3.72,275.64,0.15,-304.86,-0.17,-40466.82,-80.93,4
1778,Exit short,2026-06-29 09:40,S319476X,29735.75,3,178111.5,-306.72,-0.17,3.72,299.64,0.17,-304.86,-0.17,-40773.54,-81.55,4
1778,Entry short,2026-06-29 09:36,S319476,29685.25,3,178111.5,-306.72,-0.17,3.72,299.64,0.17,-304.86,-0.17,-40773.54,-81.55,4
1779,Exit short,2026-06-29 09:47,S319486X,29821,3,178623,-306.72,-0.17,3.72,134.64,0.08,-304.86,-0.17,-41080.26,-82.16,1
1779,Entry short,2026-06-29 09:46,S319486,29770.5,3,178623,-306.72,-0.17,3.72,134.64,0.08,-304.86,-0.17,-41080.26,-82.16,1
1780,Exit short,2026-06-29 09:51,S319489X,29817.5,3,178602,-306.72,-0.17,3.72,272.64,0.15,-304.86,-0.17,-41386.98,-82.77,2
1780,Entry short,2026-06-29 09:49,S319489,29767,3,178602,-306.72,-0.17,3.72,272.64,0.15,-304.86,-0.17,-41386.98,-82.77,2
1781,Exit short,2026-06-29 09:55,S319493X,29732.75,3,178845,444.78,0.25,3.72,446.64,0.25,-52.86,-0.03,-40942.2,-81.88,2
1781,Entry short,2026-06-29 09:53,S319493,29807.5,3,178845,444.78,0.25,3.72,446.64,0.25,-52.86,-0.03,-40942.2,-81.88,2
1782,Exit short,2026-06-29 09:57,S319495X,29600.5,3,178051.5,444.78,0.25,3.72,446.64,0.25,-124.86,-0.07,-40497.42,-80.99,2
1782,Entry short,2026-06-29 09:55,S319495,29675.25,3,178051.5,444.78,0.25,3.72,446.64,0.25,-124.86,-0.07,-40497.42,-80.99,2
1783,Exit long,2026-06-29 10:26,L319519X,29457,3,176293.5,444.78,0.25,3.72,446.64,0.25,-273.36,-0.16,-40052.64,-80.11,7
1783,Entry long,2026-06-29 10:19,L319519,29382.25,3,176293.5,444.78,0.25,3.72,446.64,0.25,-273.36,-0.16,-40052.64,-80.11,7
1784,Exit long,2026-06-29 10:33,L319528X,29604.75,3,177180,444.78,0.25,3.72,446.64,0.25,-58.86,-0.03,-39607.86,-79.22,5
1784,Entry long,2026-06-29 10:28,L319528,29530,3,177180,444.78,0.25,3.72,446.64,0.25,-58.86,-0.03,-39607.86,-79.22,5
1785,Exit long,2026-06-29 10:53,L319549X,29646.5,3,177430.5,444.78,0.25,3.72,446.64,0.25,-30.36,-0.02,-39163.08,-78.33,4
1785,Entry long,2026-06-29 10:49,L319549,29571.75,3,177430.5,444.78,0.25,3.72,446.64,0.25,-30.36,-0.02,-39163.08,-78.33,4
1786,Exit long,2026-06-30 09:33,L320850X,30161.75,3,180522,444.78,0.25,3.72,446.64,0.25,-36.36,-0.02,-38718.3,-77.44,3
1786,Entry long,2026-06-30 09:30,L320850,30087,3,180522,444.78,0.25,3.72,446.64,0.25,-36.36,-0.02,-38718.3,-77.44,3
1787,Exit long,2026-06-30 09:35,L320853X,30234.5,3,180958.5,444.78,0.25,3.72,446.64,0.25,-31.86,-0.02,-38273.52,-76.55,2
1787,Entry long,2026-06-30 09:33,L320853,30159.75,3,180958.5,444.78,0.25,3.72,446.64,0.25,-31.86,-0.02,-38273.52,-76.55,2
1788,Exit short,2026-06-30 09:51,S320869X,30262.25,3,181270.5,-306.72,-0.17,3.72,76.14,0.04,-304.86,-0.17,-38580.24,-77.16,2
1788,Entry short,2026-06-30 09:49,S320869,30211.75,3,181270.5,-306.72,-0.17,3.72,76.14,0.04,-304.86,-0.17,-38580.24,-77.16,2
1789,Exit short,2026-06-30 10:03,S320880X,30366.75,3,181897.5,-306.72,-0.17,3.72,250.14,0.14,-304.86,-0.17,-38886.96,-77.77,3
1789,Entry short,2026-06-30 10:00,S320880,30316.25,3,181897.5,-306.72,-0.17,3.72,250.14,0.14,-304.86,-0.17,-38886.96,-77.77,3
1790,Exit short,2026-06-30 10:22,S320886X,30388,3,182025,-306.72,-0.17,3.72,188.64,0.10,-304.86,-0.17,-39193.68,-78.39,16
1790,Entry short,2026-06-30 10:06,S320886,30337.5,3,182025,-306.72,-0.17,3.72,188.64,0.10,-304.86,-0.17,-39193.68,-78.39,16
1791,Exit short,2026-06-30 10:34,S320905X,30439.5,3,182334,-306.72,-0.17,3.72,14.64,0.01,-304.86,-0.17,-39500.4,-79.00,9
1791,Entry short,2026-06-30 10:25,S320905,30389,3,182334,-306.72,-0.17,3.72,14.64,0.01,-304.86,-0.17,-39500.4,-79.00,9
1792,Exit short,2026-06-30 10:55,S320921X,30310.25,3,182310,444.78,0.24,3.72,446.64,0.24,-183.36,-0.10,-39055.62,-78.11,14
1792,Entry short,2026-06-30 10:41,S320921,30385,3,182310,444.78,0.24,3.72,446.64,0.24,-183.36,-0.10,-39055.62,-78.11,14
1793,Exit short,2026-06-30 11:01,S320937X,30353.25,3,181816.5,-306.72,-0.17,3.72,121.14,0.07,-304.86,-0.17,-39362.34,-78.72,4
1793,Entry short,2026-06-30 10:57,S320937,30302.75,3,181816.5,-306.72,-0.17,3.72,121.14,0.07,-304.86,-0.17,-39362.34,-78.72,4
1794,Exit short,2026-06-30 14:21,S321120X,30546,6,366246,-313.44,-0.09,7.44,257.28,0.07,-309.72,-0.08,-39675.78,-79.35,21
1794,Entry short,2026-06-30 14:00,S321120,30520.5,6,366246,-313.44,-0.09,7.44,257.28,0.07,-309.72,-0.08,-39675.78,-79.35,21
1795,Exit short,2026-06-30 14:48,S321142X,30561,6,366426,-313.44,-0.09,7.44,152.28,0.04,-309.72,-0.08,-39989.22,-79.98,26
1795,Entry short,2026-06-30 14:22,S321142,30535.5,6,366426,-313.44,-0.09,7.44,152.28,0.04,-309.72,-0.08,-39989.22,-79.98,26
1796,Exit long,2026-07-01 09:31,L322230X,30189.5,3,181440,-306.72,-0.17,3.72,0,0.00,-304.86,-0.17,-40295.94,-80.59,1
1796,Entry long,2026-07-01 09:30,L322230,30240,3,181440,-306.72,-0.17,3.72,0,0.00,-304.86,-0.17,-40295.94,-80.59,1
1797,Exit short,2026-07-01 09:41,S322233X,30171,3,180723,-306.72,-0.17,3.72,197.64,0.11,-304.86,-0.17,-40602.66,-81.21,8
1797,Entry short,2026-07-01 09:33,S322233,30120.5,3,180723,-306.72,-0.17,3.72,197.64,0.11,-304.86,-0.17,-40602.66,-81.21,8
1798,Exit long,2026-07-01 09:59,L322246X,30272.75,3,181188,444.78,0.25,3.72,446.64,0.25,-153.36,-0.08,-40157.88,-80.32,13
1798,Entry long,2026-07-01 09:46,L322246,30198,3,181188,444.78,0.25,3.72,446.64,0.25,-153.36,-0.08,-40157.88,-80.32,13
1799,Exit short,2026-07-01 10:08,S322261X,30315.5,3,181590,-306.72,-0.17,3.72,130.14,0.07,-304.86,-0.17,-40464.6,-80.93,7
1799,Entry short,2026-07-01 10:01,S322261,30265,3,181590,-306.72,-0.17,3.72,130.14,0.07,-304.86,-0.17,-40464.6,-80.93,7
1800,Exit short,2026-07-01 10:36,S322280X,30203.5,3,181669.5,444.78,0.24,3.72,446.64,0.25,-222.36,-0.12,-40019.82,-80.04,16
1800,Entry short,2026-07-01 10:20,S322280,30278.25,3,181669.5,444.78,0.24,3.72,446.64,0.25,-222.36,-0.12,-40019.82,-80.04,16
1801,Exit long,2026-07-01 10:59,L322309X,30144,3,181167,-306.72,-0.17,3.72,287.64,0.16,-304.86,-0.17,-40326.54,-80.65,10
1801,Entry long,2026-07-01 10:49,L322309,30194.5,3,181167,-306.72,-0.17,3.72,287.64,0.16,-304.86,-0.17,-40326.54,-80.65,10
1802,Exit long,2026-07-01 11:04,L322319X,30268,3,181159.5,444.78,0.25,3.72,446.64,0.25,-45.36,-0.03,-39881.76,-79.76,5
1802,Entry long,2026-07-01 10:59,L322319,30193.25,3,181159.5,444.78,0.25,3.72,446.64,0.25,-45.36,-0.03,-39881.76,-79.76,5
1803,Exit long,2026-07-01 14:15,L322500X,30146.25,6,362061,-313.44,-0.09,7.44,218.28,0.06,-309.72,-0.09,-40195.2,-80.39,15
1803,Entry long,2026-07-01 14:00,L322500,30171.75,6,362061,-313.44,-0.09,7.44,218.28,0.06,-309.72,-0.09,-40195.2,-80.39,15
1804,Exit short,2026-07-01 14:43,S322526X,30134.5,6,362061,439.56,0.12,7.44,443.28,0.12,-84.72,-0.02,-39755.64,-79.51,17
1804,Entry short,2026-07-01 14:26,S322526,30171.75,6,362061,439.56,0.12,7.44,443.28,0.12,-84.72,-0.02,-39755.64,-79.51,17
1805,Exit long,2026-07-01 14:54,L322551X,30103.5,6,361548,-313.44,-0.09,7.44,0,0.00,-309.72,-0.09,-40069.08,-80.14,3
1805,Entry long,2026-07-01 14:51,L322551,30129,6,361548,-313.44,-0.09,7.44,0,0.00,-309.72,-0.09,-40069.08,-80.14,3
1806,Exit long,2026-07-02 09:35,L323610X,30153.25,3,180471,444.78,0.25,3.72,446.64,0.25,-159.36,-0.09,-39624.3,-79.25,5
1806,Entry long,2026-07-02 09:30,L323610,30078.5,3,180471,444.78,0.25,3.72,446.64,0.25,-159.36,-0.09,-39624.3,-79.25,5
1807,Exit short,2026-07-02 09:48,S323624X,30176.5,3,180756,-306.72,-0.17,3.72,149.64,0.08,-304.86,-0.17,-39931.02,-79.86,4
1807,Entry short,2026-07-02 09:44,S323624,30126,3,180756,-306.72,-0.17,3.72,149.64,0.08,-304.86,-0.17,-39931.02,-79.86,4
1808,Exit short,2026-07-02 10:00,S323633X,30267.25,3,181300.5,-306.72,-0.17,3.72,148.14,0.08,-304.86,-0.17,-40237.74,-80.48,7
1808,Entry short,2026-07-02 09:53,S323633,30216.75,3,181300.5,-306.72,-0.17,3.72,148.14,0.08,-304.86,-0.17,-40237.74,-80.48,7
1809,Exit short,2026-07-02 10:09,S323644X,30184.5,3,181555.5,444.78,0.24,3.72,446.64,0.25,-10.86,-0.01,-39792.96,-79.59,5
1809,Entry short,2026-07-02 10:04,S323644,30259.25,3,181555.5,444.78,0.24,3.72,446.64,0.25,-10.86,-0.01,-39792.96,-79.59,5
1810,Exit short,2026-07-02 10:12,S323650X,30202,3,180909,-306.72,-0.17,3.72,1.14,0.00,-304.86,-0.17,-40099.68,-80.20,2
1810,Entry short,2026-07-02 10:10,S323650,30151.5,3,180909,-306.72,-0.17,3.72,1.14,0.00,-304.86,-0.17,-40099.68,-80.20,2
1811,Exit short,2026-07-02 10:17,S323654X,30141,3,181294.5,444.78,0.25,3.72,446.64,0.25,-63.36,-0.03,-39654.9,-79.31,3
1811,Entry short,2026-07-02 10:14,S323654,30215.75,3,181294.5,444.78,0.25,3.72,446.64,0.25,-63.36,-0.03,-39654.9,-79.31,3
1812,Exit short,2026-07-02 10:26,S323660X,30034.5,3,180655.5,444.78,0.25,3.72,446.64,0.25,-165.36,-0.09,-39210.12,-78.42,6
1812,Entry short,2026-07-02 10:20,S323660,30109.25,3,180655.5,444.78,0.25,3.72,446.64,0.25,-165.36,-0.09,-39210.12,-78.42,6
1813,Exit long,2026-07-02 10:32,L323671X,29937.25,3,179926.5,-306.72,-0.17,3.72,94.14,0.05,-304.86,-0.17,-39516.84,-79.03,1
1813,Entry long,2026-07-02 10:31,L323671,29987.75,3,179926.5,-306.72,-0.17,3.72,94.14,0.05,-304.86,-0.17,-39516.84,-79.03,1
1814,Exit long,2026-07-02 10:40,L323676X,29900.25,3,179704.5,-306.72,-0.17,3.72,214.14,0.12,-304.86,-0.17,-39823.56,-79.65,4
1814,Entry long,2026-07-02 10:36,L323676,29950.75,3,179704.5,-306.72,-0.17,3.72,214.14,0.12,-304.86,-0.17,-39823.56,-79.65,4
1815,Exit long,2026-07-02 10:52,L323689X,29776,3,178959,-306.72,-0.17,3.72,157.14,0.09,-304.86,-0.17,-40130.28,-80.26,3
1815,Entry long,2026-07-02 10:49,L323689,29826.5,3,178959,-306.72,-0.17,3.72,157.14,0.09,-304.86,-0.17,-40130.28,-80.26,3
1816,Exit long,2026-07-03 10:21,L324990X,29890,3,179643,-306.72,-0.17,3.72,91.14,0.05,-304.86,-0.17,-40437,-80.87,51
1816,Entry long,2026-07-03 09:30,L324990,29940.5,3,179643,-306.72,-0.17,3.72,91.14,0.05,-304.86,-0.17,-40437,-80.87,51
1817,Exit long,2026-07-03 11:30,L325042X,29889.25,6,358977,-313.44,-0.09,7.44,176.28,0.05,-309.72,-0.09,-40750.44,-81.50,68
1817,Entry long,2026-07-03 10:22,L325042,29914.75,6,358977,-313.44,-0.09,7.44,176.28,0.05,-309.72,-0.09,-40750.44,-81.50,68
1818,Exit long,2026-07-06 09:34,L326130X,29930.25,3,179133,444.78,0.25,3.72,446.64,0.25,-64.86,-0.04,-40305.66,-80.61,4
1818,Entry long,2026-07-06 09:30,L326130,29855.5,3,179133,444.78,0.25,3.72,446.64,0.25,-64.86,-0.04,-40305.66,-80.61,4
1819,Exit long,2026-07-06 09:36,L326134X,29875.5,3,179556,-306.72,-0.17,3.72,14.64,0.01,-304.86,-0.17,-40612.38,-81.22,2
1819,Entry long,2026-07-06 09:34,L326134,29926,3,179556,-306.72,-0.17,3.72,14.64,0.01,-304.86,-0.17,-40612.38,-81.22,2
1820,Exit short,2026-07-06 09:45,S326142X,29925.25,3,179248.5,-306.72,-0.17,3.72,94.14,0.05,-304.86,-0.17,-40919.1,-81.84,3
1820,Entry short,2026-07-06 09:42,S326142,29874.75,3,179248.5,-306.72,-0.17,3.72,94.14,0.05,-304.86,-0.17,-40919.1,-81.84,3
1821,Exit short,2026-07-06 10:09,S326152X,29997.25,3,179680.5,-306.72,-0.17,3.72,266.64,0.15,-304.86,-0.17,-41225.82,-82.45,17
1821,Entry short,2026-07-06 09:52,S326152,29946.75,3,179680.5,-306.72,-0.17,3.72,266.64,0.15,-304.86,-0.17,-41225.82,-82.45,17
1822,Exit short,2026-07-06 10:50,S326178X,30066.5,3,180096,-306.72,-0.17,3.72,175.14,0.10,-304.86,-0.17,-41532.54,-83.07,32
1822,Entry short,2026-07-06 10:18,S326178,30016,3,180096,-306.72,-0.17,3.72,175.14,0.10,-304.86,-0.17,-41532.54,-83.07,32
1823,Exit short,2026-07-06 11:16,S326212X,29947,3,180130.5,444.78,0.25,3.72,446.64,0.25,-144.36,-0.08,-41087.76,-82.18,24
1823,Entry short,2026-07-06 10:52,S326212,30021.75,3,180130.5,444.78,0.25,3.72,446.64,0.25,-144.36,-0.08,-41087.76,-82.18,24
1824,Exit long,2026-07-06 14:06,L326400X,29939,6,358821,439.56,0.12,7.44,443.28,0.12,-39.72,-0.01,-40648.2,-81.30,6
1824,Entry long,2026-07-06 14:00,L326400,29901.75,6,358821,439.56,0.12,7.44,443.28,0.12,-39.72,-0.01,-40648.2,-81.30,6
1825,Exit short,2026-07-06 14:16,S326411X,29983,6,359490,-313.44,-0.09,7.44,143.28,0.04,-309.72,-0.09,-40961.64,-81.92,5
1825,Entry short,2026-07-06 14:11,S326411,29957.5,6,359490,-313.44,-0.09,7.44,143.28,0.04,-309.72,-0.09,-40961.64,-81.92,5
1826,Exit long,2026-07-07 09:33,L327510X,29585.25,3,177814.5,-306.72,-0.17,3.72,154.14,0.09,-304.86,-0.17,-41268.36,-82.54,3
1826,Entry long,2026-07-07 09:30,L327510,29635.75,3,177814.5,-306.72,-0.17,3.72,154.14,0.09,-304.86,-0.17,-41268.36,-82.54,3
1827,Exit short,2026-07-07 09:51,S327513X,29487.25,3,177372,444.78,0.25,3.72,446.64,0.25,-268.86,-0.15,-40823.58,-81.65,18
1827,Entry short,2026-07-07 09:33,S327513,29562,3,177372,444.78,0.25,3.72,446.64,0.25,-268.86,-0.15,-40823.58,-81.65,18
1828,Exit long,2026-07-07 10:08,L327539X,29419.5,3,176820,-306.72,-0.17,3.72,209.64,0.12,-304.86,-0.17,-41130.3,-82.26,9
1828,Entry long,2026-07-07 09:59,L327539,29470,3,176820,-306.72,-0.17,3.72,209.64,0.12,-304.86,-0.17,-41130.3,-82.26,9
1829,Exit long,2026-07-07 10:23,L327558X,29300.5,3,176106,-306.72,-0.17,3.72,160.14,0.09,-304.86,-0.17,-41437.02,-82.87,5
1829,Entry long,2026-07-07 10:18,L327558,29351,3,176106,-306.72,-0.17,3.72,160.14,0.09,-304.86,-0.17,-41437.02,-82.87,5
1830,Exit long,2026-07-07 10:35,L327569X,29253,3,175821,-306.72,-0.17,3.72,143.64,0.08,-304.86,-0.17,-41743.74,-83.49,6
1830,Entry long,2026-07-07 10:29,L327569,29303.5,3,175821,-306.72,-0.17,3.72,143.64,0.08,-304.86,-0.17,-41743.74,-83.49,6
1831,Exit long,2026-07-07 11:12,L327586X,29347.75,3,175638,444.78,0.25,3.72,446.64,0.25,-115.86,-0.07,-41298.96,-82.60,26
1831,Entry long,2026-07-07 10:46,L327586,29273,3,175638,444.78,0.25,3.72,446.64,0.25,-115.86,-0.07,-41298.96,-82.60,26
1832,Exit short,2026-07-07 14:28,S327780X,29521.75,6,354708,439.56,0.12,7.44,443.28,0.12,-162.72,-0.05,-40859.4,-81.72,28
1832,Entry short,2026-07-07 14:00,S327780,29559,6,354708,439.56,0.12,7.44,443.28,0.12,-162.72,-0.05,-40859.4,-81.72,28
1833,Exit long,2026-07-07 14:49,L327824X,29447.25,6,353673,-313.44,-0.09,7.44,155.28,0.04,-309.72,-0.09,-41172.84,-82.35,5
1833,Entry long,2026-07-07 14:44,L327824,29472.75,6,353673,-313.44,-0.09,7.44,155.28,0.04,-309.72,-0.09,-41172.84,-82.35,5
1834,Exit long,2026-07-08 09:35,L328890X,29327.5,3,175516.5,444.78,0.25,3.72,446.64,0.25,-187.86,-0.11,-40728.06,-81.46,5
1834,Entry long,2026-07-08 09:30,L328890,29252.75,3,175516.5,444.78,0.25,3.72,446.64,0.25,-187.86,-0.11,-40728.06,-81.46,5
1835,Exit short,2026-07-08 09:46,S328902X,29392.5,3,176052,-306.72,-0.17,3.72,67.14,0.04,-304.86,-0.17,-41034.78,-82.07,4
1835,Entry short,2026-07-08 09:42,S328902,29342,3,176052,-306.72,-0.17,3.72,67.14,0.04,-304.86,-0.17,-41034.78,-82.07,4
1836,Exit short,2026-07-08 09:50,S328907X,29289.75,3,176187,444.78,0.25,3.72,446.64,0.25,-87.36,-0.05,-40590,-81.18,3
1836,Entry short,2026-07-08 09:47,S328907,29364.5,3,176187,444.78,0.25,3.72,446.64,0.25,-87.36,-0.05,-40590,-81.18,3
1837,Exit short,2026-07-08 09:58,S328914X,29372.25,3,175930.5,-306.72,-0.17,3.72,176.64,0.10,-304.86,-0.17,-40896.72,-81.79,4
1837,Entry short,2026-07-08 09:54,S328914,29321.75,3,175930.5,-306.72,-0.17,3.72,176.64,0.10,-304.86,-0.17,-40896.72,-81.79,4
1838,Exit short,2026-07-08 10:21,S328930X,29337.5,3,175722,-306.72,-0.17,3.72,310.14,0.18,-304.86,-0.17,-41203.44,-82.41,11
1838,Entry short,2026-07-08 10:10,S328930,29287,3,175722,-306.72,-0.17,3.72,310.14,0.18,-304.86,-0.17,-41203.44,-82.41,11
1839,Exit short,2026-07-08 10:43,S328944X,29237.75,3,175875,444.78,0.25,3.72,446.64,0.25,-277.86,-0.16,-40758.66,-81.52,19
1839,Entry short,2026-07-08 10:24,S328944,29312.5,3,175875,444.78,0.25,3.72,446.64,0.25,-277.86,-0.16,-40758.66,-81.52,19
1840,Exit short,2026-07-08 11:14,S328977X,29156.75,3,175389,444.78,0.25,3.72,446.64,0.25,-10.86,-0.01,-40313.88,-80.63,17
1840,Entry short,2026-07-08 10:57,S328977,29231.5,3,175389,444.78,0.25,3.72,446.64,0.25,-10.86,-0.01,-40313.88,-80.63,17
1841,Exit long,2026-07-08 15:51,L329160X,29447,3,176233.5,444.78,0.25,3.72,446.64,0.25,-154.86,-0.09,-39869.1,-79.74,111
1841,Entry long,2026-07-08 14:00,L329160,29372.25,3,176233.5,444.78,0.25,3.72,446.64,0.25,-154.86,-0.09,-39869.1,-79.74,111
1842,Exit short,2026-07-09 09:34,S330270X,29746,3,178173,-306.72,-0.17,3.72,142.14,0.08,-304.86,-0.17,-40175.82,-80.35,4
1842,Entry short,2026-07-09 09:30,S330270,29695.5,3,178173,-306.72,-0.17,3.72,142.14,0.08,-304.86,-0.17,-40175.82,-80.35,4
1843,Exit long,2026-07-09 09:38,L330274X,29853.5,3,178672.5,444.78,0.25,3.72,446.64,0.25,-66.36,-0.04,-39731.04,-79.46,4
1843,Entry long,2026-07-09 09:34,L330274,29778.75,3,178672.5,444.78,0.25,3.72,446.64,0.25,-66.36,-0.04,-39731.04,-79.46,4
1844,Exit short,2026-07-09 09:42,S330280X,29868.25,3,178906.5,-306.72,-0.17,3.72,35.64,0.02,-304.86,-0.17,-40037.76,-80.08,2
1844,Entry short,2026-07-09 09:40,S330280,29817.75,3,178906.5,-306.72,-0.17,3.72,35.64,0.02,-304.86,-0.17,-40037.76,-80.08,2
1845,Exit short,2026-07-09 09:51,S330288X,29874.5,3,178944,-306.72,-0.17,3.72,91.14,0.05,-304.86,-0.17,-40344.48,-80.69,3
1845,Entry short,2026-07-09 09:48,S330288,29824,3,178944,-306.72,-0.17,3.72,91.14,0.05,-304.86,-0.17,-40344.48,-80.69,3
1846,Exit short,2026-07-09 10:10,S330299X,29836.25,3,179466,444.78,0.25,3.72,446.64,0.25,-73.86,-0.04,-39899.7,-79.80,11
1846,Entry short,2026-07-09 09:59,S330299,29911,3,179466,444.78,0.25,3.72,446.64,0.25,-73.86,-0.04,-39899.7,-79.80,11
1847,Exit short,2026-07-09 10:15,S330310X,29746.5,3,178927.5,444.78,0.25,3.72,446.64,0.25,-81.36,-0.05,-39454.92,-78.91,5
1847,Entry short,2026-07-09 10:10,S330310,29821.25,3,178927.5,444.78,0.25,3.72,446.64,0.25,-81.36,-0.05,-39454.92,-78.91,5
1848,Exit long,2026-07-09 10:27,L330323X,29746.75,3,178032,444.78,0.25,3.72,446.64,0.25,-33.36,-0.02,-39010.14,-78.02,4
1848,Entry long,2026-07-09 10:23,L330323,29672,3,178032,444.78,0.25,3.72,446.64,0.25,-33.36,-0.02,-39010.14,-78.02,4
1849,Exit short,2026-07-09 11:05,S330343X,29824,3,178641,-306.72,-0.17,3.72,301.14,0.17,-304.86,-0.17,-39316.86,-78.63,22
1849,Entry short,2026-07-09 10:43,S330343,29773.5,3,178641,-306.72,-0.17,3.72,301.14,0.17,-304.86,-0.17,-39316.86,-78.63,22
1850,Exit long,2026-07-09 14:23,L330540X,29952.5,6,359736,-313.44,-0.09,7.44,77.28,0.02,-309.72,-0.09,-39630.3,-79.26,23
1850,Entry long,2026-07-09 14:00,L330540,29978,6,359736,-313.44,-0.09,7.44,77.28,0.02,-309.72,-0.09,-39630.3,-79.26,23
1851,Exit long,2026-07-09 15:00,L330582X,29926.75,6,359427,-313.44,-0.09,7.44,149.28,0.04,-309.72,-0.09,-39943.74,-79.89,18
1851,Entry long,2026-07-09 14:42,L330582,29952.25,6,359427,-313.44,-0.09,7.44,149.28,0.04,-309.72,-0.09,-39943.74,-79.89,18
1852,Exit long,2026-07-10 09:40,L331650X,29825.25,3,179254.5,-306.72,-0.17,3.72,365.64,0.20,-304.86,-0.17,-40250.46,-80.50,10
1852,Entry long,2026-07-10 09:30,L331650,29875.75,3,179254.5,-306.72,-0.17,3.72,365.64,0.20,-304.86,-0.17,-40250.46,-80.50,10
1853,Exit short,2026-07-10 10:21,S331674X,29862.5,3,179623.5,444.78,0.25,3.72,446.64,0.25,-178.86,-0.10,-39805.68,-79.61,27
1853,Entry short,2026-07-10 09:54,S331674,29937.25,3,179623.5,444.78,0.25,3.72,446.64,0.25,-178.86,-0.10,-39805.68,-79.61,27
1854,Exit short,2026-07-10 10:27,S331701X,29914.75,3,179185.5,-306.72,-0.17,3.72,37.14,0.02,-304.86,-0.17,-40112.4,-80.22,6
1854,Entry short,2026-07-10 10:21,S331701,29864.25,3,179185.5,-306.72,-0.17,3.72,37.14,0.02,-304.86,-0.17,-40112.4,-80.22,6
1855,Exit short,2026-07-10 10:32,S331709X,29957.5,3,179442,-306.72,-0.17,3.72,35.64,0.02,-304.86,-0.17,-40419.12,-80.84,3
1855,Entry short,2026-07-10 10:29,S331709,29907,3,179442,-306.72,-0.17,3.72,35.64,0.02,-304.86,-0.17,-40419.12,-80.84,3
1856,Exit short,2026-07-10 11:00,S331728X,29794.75,3,179217,444.78,0.25,3.72,446.64,0.25,-261.36,-0.15,-39974.34,-79.95,12
1856,Entry short,2026-07-10 10:48,S331728,29869.5,3,179217,444.78,0.25,3.72,446.64,0.25,-261.36,-0.15,-39974.34,-79.95,12
1857,Exit long,2026-07-10 15:55,flat 15:55,30044,6,360558,-37.44,-0.01,7.44,359.28,0.10,-285.72,-0.08,-40011.78,-80.02,115
1857,Entry long,2026-07-10 14:00,L331920,30046.5,6,360558,-37.44,-0.01,7.44,359.28,0.10,-285.72,-0.08,-40011.78,-80.02,115
1858,Exit long,2026-07-13 09:34,L333030X,29663.5,3,178284,-306.72,-0.17,3.72,137.64,0.08,-304.86,-0.17,-40318.5,-80.64,4
1858,Entry long,2026-07-13 09:30,L333030,29714,3,178284,-306.72,-0.17,3.72,137.64,0.08,-304.86,-0.17,-40318.5,-80.64,4
1859,Exit long,2026-07-13 09:45,L333044X,29545.5,3,177576,-306.72,-0.17,3.72,29.64,0.02,-304.86,-0.17,-40625.22,-81.25,1
1859,Entry long,2026-07-13 09:44,L333044,29596,3,177576,-306.72,-0.17,3.72,29.64,0.02,-304.86,-0.17,-40625.22,-81.25,1
1860,Exit long,2026-07-13 10:01,L333057X,29661,3,177517.5,444.78,0.25,3.72,446.64,0.25,-10.86,-0.01,-40180.44,-80.36,4
1860,Entry long,2026-07-13 09:57,L333057,29586.25,3,177517.5,444.78,0.25,3.72,446.64,0.25,-10.86,-0.01,-40180.44,-80.36,4
1861,Exit long,2026-07-13 10:16,L333068X,29553,3,177621,-306.72,-0.17,3.72,334.14,0.19,-304.86,-0.17,-40487.16,-80.97,8
1861,Entry long,2026-07-13 10:08,L333068,29603.5,3,177621,-306.72,-0.17,3.72,334.14,0.19,-304.86,-0.17,-40487.16,-80.97,8
1862,Exit long,2026-07-13 10:24,L333079X,29660.75,3,177516,444.78,0.25,3.72,446.64,0.25,-108.36,-0.06,-40042.38,-80.08,5
1862,Entry long,2026-07-13 10:19,L333079,29586,3,177516,444.78,0.25,3.72,446.64,0.25,-108.36,-0.06,-40042.38,-80.08,5
1863,Exit long,2026-07-13 10:45,L333084X,29615.5,3,177996,-306.72,-0.17,3.72,346.14,0.19,-304.86,-0.17,-40349.1,-80.70,21
1863,Entry long,2026-07-13 10:24,L333084,29666,3,177996,-306.72,-0.17,3.72,346.14,0.19,-304.86,-0.17,-40349.1,-80.70,21
1864,Exit long,2026-07-13 10:59,L333106X,29719,3,177865.5,444.78,0.25,3.72,446.64,0.25,-102.36,-0.06,-39904.32,-79.81,13
1864,Entry long,2026-07-13 10:46,L333106,29644.25,3,177865.5,444.78,0.25,3.72,446.64,0.25,-102.36,-0.06,-39904.32,-79.81,13
1865,Exit long,2026-07-13 15:13,L333300X,29451.75,3,177013.5,-306.72,-0.17,3.72,221.64,0.13,-304.86,-0.17,-40211.04,-80.42,73
1865,Entry long,2026-07-13 14:00,L333300,29502.25,3,177013.5,-306.72,-0.17,3.72,221.64,0.13,-304.86,-0.17,-40211.04,-80.42,73
1866,Exit short,2026-07-14 09:34,S334410X,29693.5,3,178609.5,444.78,0.25,3.72,446.64,0.25,-154.86,-0.09,-39766.26,-79.53,4
1866,Entry short,2026-07-14 09:30,S334410,29768.25,3,178609.5,444.78,0.25,3.72,446.64,0.25,-154.86,-0.09,-39766.26,-79.53,4
1867,Exit short,2026-07-14 09:37,S334414X,29743.75,3,178159.5,-306.72,-0.17,3.72,47.64,0.03,-304.86,-0.17,-40072.98,-80.15,3
1867,Entry short,2026-07-14 09:34,S334414,29693.25,3,178159.5,-306.72,-0.17,3.72,47.64,0.03,-304.86,-0.17,-40072.98,-80.15,3
1868,Exit long,2026-07-14 09:43,L334417X,29712.5,3,178578,-306.72,-0.17,3.72,199.14,0.11,-304.86,-0.17,-40379.7,-80.76,6
1868,Entry long,2026-07-14 09:37,L334417,29763,3,178578,-306.72,-0.17,3.72,199.14,0.11,-304.86,-0.17,-40379.7,-80.76,6
1869,Exit long,2026-07-14 10:03,L334424X,29703.75,3,178525.5,-306.72,-0.17,3.72,314.64,0.18,-304.86,-0.17,-40686.42,-81.37,19
1869,Entry long,2026-07-14 09:44,L334424,29754.25,3,178525.5,-306.72,-0.17,3.72,314.64,0.18,-304.86,-0.17,-40686.42,-81.37,19
1870,Exit long,2026-07-14 10:15,L334452X,29630.25,3,178084.5,-306.72,-0.17,3.72,50.64,0.03,-304.86,-0.17,-40993.14,-81.99,3
1870,Entry long,2026-07-14 10:12,L334452,29680.75,3,178084.5,-306.72,-0.17,3.72,50.64,0.03,-304.86,-0.17,-40993.14,-81.99,3
1871,Exit long,2026-07-14 10:22,L334459X,29705.75,3,177786,444.78,0.25,3.72,446.64,0.25,-30.36,-0.02,-40548.36,-81.10,3
1871,Entry long,2026-07-14 10:19,L334459,29631,3,177786,444.78,0.25,3.72,446.64,0.25,-30.36,-0.02,-40548.36,-81.10,3
1872,Exit long,2026-07-14 10:24,L334462X,29658,3,178251,-306.72,-0.17,3.72,0,0.00,-304.86,-0.17,-40855.08,-81.71,2
1872,Entry long,2026-07-14 10:22,L334462,29708.5,3,178251,-306.72,-0.17,3.72,0,0.00,-304.86,-0.17,-40855.08,-81.71,2
1873,Exit long,2026-07-14 10:28,L334466X,29646.5,3,178182,-306.72,-0.17,3.72,10.14,0.01,-304.86,-0.17,-41161.8,-82.32,2
1873,Entry long,2026-07-14 10:26,L334466,29697,3,178182,-306.72,-0.17,3.72,10.14,0.01,-304.86,-0.17,-41161.8,-82.32,2
1874,Exit long,2026-07-14 10:34,L334469X,29759,3,178105.5,444.78,0.25,3.72,446.64,0.25,-153.36,-0.09,-40717.02,-81.43,5
1874,Entry long,2026-07-14 10:29,L334469,29684.25,3,178105.5,444.78,0.25,3.72,446.64,0.25,-153.36,-0.09,-40717.02,-81.43,5
1875,Exit long,2026-07-14 10:44,L334474X,29719.75,3,178621.5,-306.72,-0.17,3.72,187.14,0.10,-304.86,-0.17,-41023.74,-82.05,10
1875,Entry long,2026-07-14 10:34,L334474,29770.25,3,178621.5,-306.72,-0.17,3.72,187.14,0.10,-304.86,-0.17,-41023.74,-82.05,10
1876,Exit short,2026-07-15 09:37,S335790X,29879,3,179722.5,444.78,0.25,3.72,446.64,0.25,-76.86,-0.04,-40578.96,-81.16,7
1876,Entry short,2026-07-15 09:30,S335790,29953.75,3,179722.5,444.78,0.25,3.72,446.64,0.25,-76.86,-0.04,-40578.96,-81.16,7
1877,Exit long,2026-07-15 09:45,L335803X,29826.75,3,179263.5,-306.72,-0.17,3.72,32.64,0.02,-304.86,-0.17,-40885.68,-81.77,2
1877,Entry long,2026-07-15 09:43,L335803,29877.25,3,179263.5,-306.72,-0.17,3.72,32.64,0.02,-304.86,-0.17,-40885.68,-81.77,2
1878,Exit long,2026-07-15 10:02,L335812X,29866,3,178747.5,444.78,0.25,3.72,446.64,0.25,-184.86,-0.10,-40440.9,-80.88,10
1878,Entry long,2026-07-15 09:52,L335812,29791.25,3,178747.5,444.78,0.25,3.72,446.64,0.25,-184.86,-0.10,-40440.9,-80.88,10
1879,Exit long,2026-07-15 10:11,L335826X,29836.75,3,179323.5,-306.72,-0.17,3.72,28.14,0.02,-304.86,-0.17,-40747.62,-81.50,5
1879,Entry long,2026-07-15 10:06,L335826,29887.25,3,179323.5,-306.72,-0.17,3.72,28.14,0.02,-304.86,-0.17,-40747.62,-81.50,5
1880,Exit long,2026-07-15 10:36,L335847X,29640.25,3,178144.5,-306.72,-0.17,3.72,272.64,0.15,-304.86,-0.17,-41054.34,-82.11,9
1880,Entry long,2026-07-15 10:27,L335847,29690.75,3,178144.5,-306.72,-0.17,3.72,272.64,0.15,-304.86,-0.17,-41054.34,-82.11,9
1881,Exit long,2026-07-15 11:17,L335864X,29550.75,3,177607.5,-306.72,-0.17,3.72,361.14,0.20,-304.86,-0.17,-41361.06,-82.72,33
1881,Entry long,2026-07-15 10:44,L335864,29601.25,3,177607.5,-306.72,-0.17,3.72,361.14,0.20,-304.86,-0.17,-41361.06,-82.72,33
1882,Exit long,2026-07-15 14:21,L336060X,29730.5,6,356319,439.56,0.12,7.44,443.28,0.12,-111.72,-0.03,-40921.5,-81.84,21
1882,Entry long,2026-07-15 14:00,L336060,29693.25,6,356319,439.56,0.12,7.44,443.28,0.12,-111.72,-0.03,-40921.5,-81.84,21
1883,Exit short,2026-07-15 14:38,S336085X,29694.75,6,356784,439.56,0.12,7.44,443.28,0.12,-69.72,-0.02,-40481.94,-80.96,13
1883,Entry short,2026-07-15 14:25,S336085,29732,6,356784,439.56,0.12,7.44,443.28,0.12,-69.72,-0.02,-40481.94,-80.96,13
1884,Exit short,2026-07-15 14:45,S336098X,29657.5,6,356337,439.56,0.12,7.44,443.28,0.12,-108.72,-0.03,-40042.38,-80.08,7
1884,Entry short,2026-07-15 14:38,S336098,29694.75,6,356337,439.56,0.12,7.44,443.28,0.12,-108.72,-0.03,-40042.38,-80.08,7
1885,Exit long,2026-07-15 14:58,L336114X,29600,6,355506,-313.44,-0.09,7.44,116.28,0.03,-309.72,-0.09,-40355.82,-80.71,4
1885,Entry long,2026-07-15 14:54,L336114,29625.5,6,355506,-313.44,-0.09,7.44,116.28,0.03,-309.72,-0.09,-40355.82,-80.71,4
1886,Exit long,2026-07-16 09:34,L337170X,29454.5,3,177030,-306.72,-0.17,3.72,145.14,0.08,-304.86,-0.17,-40662.54,-81.33,4
1886,Entry long,2026-07-16 09:30,L337170,29505,3,177030,-306.72,-0.17,3.72,145.14,0.08,-304.86,-0.17,-40662.54,-81.33,4
1887,Exit short,2026-07-16 09:41,S337174X,29359,3,176602.5,444.78,0.25,3.72,446.64,0.25,-235.86,-0.13,-40217.76,-80.44,7
1887,Entry short,2026-07-16 09:34,S337174,29433.75,3,176602.5,444.78,0.25,3.72,446.64,0.25,-235.86,-0.13,-40217.76,-80.44,7
1888,Exit long,2026-07-16 10:00,L337190X,29370.75,3,175776,444.78,0.25,3.72,446.64,0.25,-231.36,-0.13,-39772.98,-79.55,10
1888,Entry long,2026-07-16 09:50,L337190,29296,3,175776,444.78,0.25,3.72,446.64,0.25,-231.36,-0.13,-39772.98,-79.55,10
1889,Exit long,2026-07-16 10:07,L337200X,29453.5,3,176272.5,444.78,0.25,3.72,446.64,0.25,-103.86,-0.06,-39328.2,-78.66,7
1889,Entry long,2026-07-16 10:00,L337200,29378.75,3,176272.5,444.78,0.25,3.72,446.64,0.25,-103.86,-0.06,-39328.2,-78.66,7
1890,Exit long,2026-07-16 10:50,L337226X,29392.75,3,176659.5,-306.72,-0.17,3.72,392.64,0.22,-304.86,-0.17,-39634.92,-79.27,24
1890,Entry long,2026-07-16 10:26,L337226,29443.25,3,176659.5,-306.72,-0.17,3.72,392.64,0.22,-304.86,-0.17,-39634.92,-79.27,24
1891,Exit long,2026-07-16 11:13,L337256X,29343,3,176361,-306.72,-0.17,3.72,391.14,0.22,-304.86,-0.17,-39941.64,-79.88,17
1891,Entry long,2026-07-16 10:56,L337256,29393.5,3,176361,-306.72,-0.17,3.72,391.14,0.22,-304.86,-0.17,-39941.64,-79.88,17
1892,Exit long,2026-07-16 14:40,L337440X,29206.5,3,175542,-306.72,-0.17,3.72,281.64,0.16,-304.86,-0.17,-40248.36,-80.50,40
1892,Entry long,2026-07-16 14:00,L337440,29257,3,175542,-306.72,-0.17,3.72,281.64,0.16,-304.86,-0.17,-40248.36,-80.50,40
1893,Exit long,2026-07-16 14:55,L337482X,29201,6,350718,-313.44,-0.09,7.44,317.28,0.09,-309.72,-0.09,-40561.8,-81.12,13
1893,Entry long,2026-07-16 14:42,L337482,29226.5,6,350718,-313.44,-0.09,7.44,317.28,0.09,-309.72,-0.09,-40561.8,-81.12,13
1894,Exit long,2026-07-16 15:07,L337496X,29189,6,350574,-313.44,-0.09,7.44,329.28,0.09,-309.72,-0.09,-40875.24,-81.75,11
1894,Entry long,2026-07-16 14:56,L337496,29214.5,6,350574,-313.44,-0.09,7.44,329.28,0.09,-309.72,-0.09,-40875.24,-81.75,11
1895,Exit long,2026-07-17 09:33,L338550X,28594.5,3,171870,-306.72,-0.18,3.72,241.14,0.14,-304.86,-0.18,-41181.96,-82.36,3
1895,Entry long,2026-07-17 09:30,L338550,28645,3,171870,-306.72,-0.18,3.72,241.14,0.14,-304.86,-0.18,-41181.96,-82.36,3
1896,Exit short,2026-07-17 09:37,S338553X,28501.5,3,171457.5,444.78,0.26,3.72,446.64,0.26,-13.86,-0.01,-40737.18,-81.47,4
1896,Entry short,2026-07-17 09:33,S338553,28576.25,3,171457.5,444.78,0.26,3.72,446.64,0.26,-13.86,-0.01,-40737.18,-81.47,4
1897,Exit long,2026-07-17 09:52,L338567X,28558.75,3,170904,444.78,0.26,3.72,446.64,0.26,-70.86,-0.04,-40292.4,-80.58,5
1897,Entry long,2026-07-17 09:47,L338567,28484,3,170904,444.78,0.26,3.72,446.64,0.26,-70.86,-0.04,-40292.4,-80.58,5
1898,Exit long,2026-07-17 09:55,L338572X,28626.5,3,171310.5,444.78,0.26,3.72,446.64,0.26,-27.36,-0.02,-39847.62,-79.70,3
1898,Entry long,2026-07-17 09:52,L338572,28551.75,3,171310.5,444.78,0.26,3.72,446.64,0.26,-27.36,-0.02,-39847.62,-79.70,3
1899,Exit short,2026-07-17 10:05,S338584X,28768,3,172305,-306.72,-0.18,3.72,0,0.00,-304.86,-0.18,-40154.34,-80.31,1
1899,Entry short,2026-07-17 10:04,S338584,28717.5,3,172305,-306.72,-0.18,3.72,0,0.00,-304.86,-0.18,-40154.34,-80.31,1
1900,Exit short,2026-07-17 10:17,S338592X,28865.5,3,172890,-306.72,-0.18,3.72,215.64,0.12,-304.86,-0.18,-40461.06,-80.92,5
1900,Entry short,2026-07-17 10:12,S338592,28815,3,172890,-306.72,-0.18,3.72,215.64,0.12,-304.86,-0.18,-40461.06,-80.92,5
1901,Exit short,2026-07-17 10:25,S338600X,28881.25,3,172984.5,-306.72,-0.18,3.72,89.64,0.05,-304.86,-0.18,-40767.78,-81.54,5
1901,Entry short,2026-07-17 10:20,S338600,28830.75,3,172984.5,-306.72,-0.18,3.72,89.64,0.05,-304.86,-0.18,-40767.78,-81.54,5
1902,Exit short,2026-07-17 10:33,S338606X,28771.75,3,173079,444.78,0.26,3.72,446.64,0.26,-207.36,-0.12,-40323,-80.65,7
1902,Entry short,2026-07-17 10:26,S338606,28846.5,3,173079,444.78,0.26,3.72,446.64,0.26,-207.36,-0.12,-40323,-80.65,7
1903,Exit short,2026-07-17 10:51,S338622X,28766.75,3,173049,444.78,0.26,3.72,446.64,0.26,-103.86,-0.06,-39878.22,-79.76,9
1903,Entry short,2026-07-17 10:42,S338622,28841.5,3,173049,444.78,0.26,3.72,446.64,0.26,-103.86,-0.06,-39878.22,-79.76,9
1904,Exit short,2026-07-17 10:52,S338631X,28812.75,3,172573.5,-306.72,-0.18,3.72,11.64,0.01,-304.86,-0.18,-40184.94,-80.37,1
1904,Entry short,2026-07-17 10:51,S338631,28762.25,3,172573.5,-306.72,-0.18,3.72,11.64,0.01,-304.86,-0.18,-40184.94,-80.37,1
1905,Exit long,2026-07-20 09:34,L339930X,29133.5,3,174352.5,444.78,0.26,3.72,446.64,0.26,-67.86,-0.04,-39740.16,-79.48,4
1905,Entry long,2026-07-20 09:30,L339930,29058.75,3,174352.5,444.78,0.26,3.72,446.64,0.26,-67.86,-0.04,-39740.16,-79.48,4
1906,Exit long,2026-07-20 09:43,L339934X,29174.25,6,349644,439.56,0.13,7.44,443.28,0.13,-219.72,-0.06,-39300.6,-78.60,9
1906,Entry long,2026-07-20 09:34,L339934,29137,6,349644,439.56,0.13,7.44,443.28,0.13,-219.72,-0.06,-39300.6,-78.60,9
1907,Exit short,2026-07-20 09:51,S339946X,29085.5,3,174961.5,444.78,0.25,3.72,446.64,0.26,-4.86,0.00,-38855.82,-77.71,5
1907,Entry short,2026-07-20 09:46,S339946,29160.25,3,174961.5,444.78,0.25,3.72,446.64,0.26,-4.86,0.00,-38855.82,-77.71,5
1908,Exit short,2026-07-20 09:57,S339951X,28998.75,3,174441,444.78,0.25,3.72,446.64,0.26,-55.86,-0.03,-38411.04,-76.82,6
1908,Entry short,2026-07-20 09:51,S339951,29073.5,3,174441,444.78,0.25,3.72,446.64,0.26,-55.86,-0.03,-38411.04,-76.82,6
1909,Exit long,2026-07-20 10:10,L339962X,28965,3,174093,-306.72,-0.18,3.72,196.14,0.11,-304.86,-0.18,-38717.76,-77.44,8
1909,Entry long,2026-07-20 10:02,L339962,29015.5,3,174093,-306.72,-0.18,3.72,196.14,0.11,-304.86,-0.18,-38717.76,-77.44,8
1910,Exit long,2026-07-20 10:21,L339973X,28917,3,173805,-306.72,-0.18,3.72,226.14,0.13,-304.86,-0.18,-39024.48,-78.05,8
1910,Entry long,2026-07-20 10:13,L339973,28967.5,3,173805,-306.72,-0.18,3.72,226.14,0.13,-304.86,-0.18,-39024.48,-78.05,8
1911,Exit long,2026-07-20 10:29,L339982X,29021.25,3,173679,444.78,0.26,3.72,446.64,0.26,-63.36,-0.04,-38579.7,-77.16,7
1911,Entry long,2026-07-20 10:22,L339982,28946.5,3,173679,444.78,0.26,3.72,446.64,0.26,-63.36,-0.04,-38579.7,-77.16,7
1912,Exit long,2026-07-20 10:34,L339989X,28980.25,3,174184.5,-306.72,-0.18,3.72,113.64,0.07,-304.86,-0.18,-38886.42,-77.77,5
1912,Entry long,2026-07-20 10:29,L339989,29030.75,3,174184.5,-306.72,-0.18,3.72,113.64,0.07,-304.86,-0.18,-38886.42,-77.77,5
1913,Exit long,2026-07-20 10:43,L339995X,28970.25,3,174124.5,-306.72,-0.18,3.72,13.14,0.01,-304.86,-0.18,-39193.14,-78.39,8
1913,Entry long,2026-07-20 10:35,L339995,29020.75,3,174124.5,-306.72,-0.18,3.72,13.14,0.01,-304.86,-0.18,-39193.14,-78.39,8
1914,Exit long,2026-07-20 10:48,L340006X,28942,3,173955,-306.72,-0.18,3.72,58.14,0.03,-304.86,-0.18,-39499.86,-79.00,2
1914,Entry long,2026-07-20 10:46,L340006,28992.5,3,173955,-306.72,-0.18,3.72,58.14,0.03,-304.86,-0.18,-39499.86,-79.00,2
1915,Exit short,2026-07-21 09:47,S341310X,29110.25,3,175110,444.78,0.25,3.72,446.64,0.26,-241.86,-0.14,-39055.08,-78.11,17
1915,Entry short,2026-07-21 09:30,S341310,29185,3,175110,444.78,0.25,3.72,446.64,0.26,-241.86,-0.14,-39055.08,-78.11,17
1916,Exit long,2026-07-21 09:57,L341329X,29092.75,3,174859.5,-306.72,-0.18,3.72,209.64,0.12,-304.86,-0.17,-39361.8,-78.72,8
1916,Entry long,2026-07-21 09:49,L341329,29143.25,3,174859.5,-306.72,-0.18,3.72,209.64,0.12,-304.86,-0.17,-39361.8,-78.72,8
1917,Exit long,2026-07-21 10:03,L341339X,29103,3,174921,-306.72,-0.18,3.72,215.64,0.12,-304.86,-0.17,-39668.52,-79.34,4
1917,Entry long,2026-07-21 09:59,L341339,29153.5,3,174921,-306.72,-0.18,3.72,215.64,0.12,-304.86,-0.17,-39668.52,-79.34,4
1918,Exit long,2026-07-21 10:08,L341346X,29084,3,174807,-306.72,-0.18,3.72,1.14,0.00,-304.86,-0.17,-39975.24,-79.95,2
1918,Entry long,2026-07-21 10:06,L341346,29134.5,3,174807,-306.72,-0.18,3.72,1.14,0.00,-304.86,-0.17,-39975.24,-79.95,2
1919,Exit long,2026-07-21 10:16,L341353X,29068.5,3,174714,-306.72,-0.18,3.72,109.14,0.06,-304.86,-0.17,-40281.96,-80.56,3
1919,Entry long,2026-07-21 10:13,L341353,29119,3,174714,-306.72,-0.18,3.72,109.14,0.06,-304.86,-0.17,-40281.96,-80.56,3
1920,Exit long,2026-07-21 10:25,L341357X,29177.25,3,174615,444.78,0.25,3.72,446.64,0.26,-12.36,-0.01,-39837.18,-79.67,8
1920,Entry long,2026-07-21 10:17,L341357,29102.5,3,174615,444.78,0.25,3.72,446.64,0.26,-12.36,-0.01,-39837.18,-79.67,8
1921,Exit long,2026-07-21 10:45,L341365X,29252,3,175063.5,444.78,0.25,3.72,446.64,0.26,-90.36,-0.05,-39392.4,-78.78,20
1921,Entry long,2026-07-21 10:25,L341365,29177.25,3,175063.5,444.78,0.25,3.72,446.64,0.26,-90.36,-0.05,-39392.4,-78.78,20
1922,Exit long,2026-07-21 14:27,L341580X,29323.5,6,352188,-313.44,-0.09,7.44,164.28,0.05,-309.72,-0.09,-39705.84,-79.41,27
1922,Entry long,2026-07-21 14:00,L341580,29349,6,352188,-313.44,-0.09,7.44,164.28,0.05,-309.72,-0.09,-39705.84,-79.41,27
1923,Exit long,2026-07-21 14:46,L341613X,29355,6,351813,439.56,0.12,7.44,443.28,0.13,-24.72,-0.01,-39266.28,-78.53,13
1923,Entry long,2026-07-21 14:33,L341613,29317.75,6,351813,439.56,0.12,7.44,443.28,0.13,-24.72,-0.01,-39266.28,-78.53,13
1924,Exit short,2026-07-21 15:08,S341627X,29308.5,6,352149,439.56,0.12,7.44,443.28,0.13,-27.72,-0.01,-38826.72,-77.65,21
1924,Entry short,2026-07-21 14:47,S341627,29345.75,6,352149,439.56,0.12,7.44,443.28,0.13,-27.72,-0.01,-38826.72,-77.65,21
1925,Exit long,2026-07-22 09:45,L342690X,29197.5,3,174736.5,444.78,0.25,3.72,446.64,0.26,-129.36,-0.07,-38381.94,-76.76,15
1925,Entry long,2026-07-22 09:30,L342690,29122.75,3,174736.5,444.78,0.25,3.72,446.64,0.26,-129.36,-0.07,-38381.94,-76.76,15
1926,Exit short,2026-07-22 09:53,S342707X,29225.75,3,175051.5,-306.72,-0.18,3.72,137.64,0.08,-304.86,-0.17,-38688.66,-77.38,6
1926,Entry short,2026-07-22 09:47,S342707,29175.25,3,175051.5,-306.72,-0.18,3.72,137.64,0.08,-304.86,-0.17,-38688.66,-77.38,6
1927,Exit short,2026-07-22 11:06,S342723X,29292.75,3,175453.5,-306.72,-0.17,3.72,416.64,0.24,-304.86,-0.17,-38995.38,-77.99,63
1927,Entry short,2026-07-22 10:03,S342723,29242.25,3,175453.5,-306.72,-0.17,3.72,416.64,0.24,-304.86,-0.17,-38995.38,-77.99,63
1928,Exit long,2026-07-22 14:02,L342960X,29233.5,6,351108,-313.44,-0.09,7.44,14.28,0.00,-309.72,-0.09,-39308.82,-78.62,2
1928,Entry long,2026-07-22 14:00,L342960,29259,6,351108,-313.44,-0.09,7.44,14.28,0.00,-309.72,-0.09,-39308.82,-78.62,2
1929,Exit long,2026-07-22 14:31,L342978X,29213.5,6,350868,-313.44,-0.09,7.44,176.28,0.05,-309.72,-0.09,-39622.26,-79.24,13
1929,Entry long,2026-07-22 14:18,L342978,29239,6,350868,-313.44,-0.09,7.44,176.28,0.05,-309.72,-0.09,-39622.26,-79.24,13
1930,Exit long,2026-07-22 14:55,L342993X,29256.5,6,350631,439.56,0.13,7.44,443.28,0.13,-105.72,-0.03,-39182.7,-78.37,22
1930,Entry long,2026-07-22 14:33,L342993,29219.25,6,350631,439.56,0.13,7.44,443.28,0.13,-105.72,-0.03,-39182.7,-78.37,22
1931,Exit short,2026-07-22 15:38,S343016X,29211,6,350979,439.56,0.13,7.44,443.28,0.13,-153.72,-0.04,-38743.14,-77.49,42
1931,Entry short,2026-07-22 14:56,S343016,29248.25,6,350979,439.56,0.13,7.44,443.28,0.13,-153.72,-0.04,-38743.14,-77.49,42
1932,Exit short,2026-07-23 09:32,S344070X,28737.5,3,172122,-306.72,-0.18,3.72,34.14,0.02,-304.86,-0.18,-39049.86,-78.10,2
1932,Entry short,2026-07-23 09:30,S344070,28687,3,172122,-306.72,-0.18,3.72,34.14,0.02,-304.86,-0.18,-39049.86,-78.10,2
1933,Exit long,2026-07-23 09:42,L344074X,28834.5,3,172558.5,444.78,0.26,3.72,446.64,0.26,-147.36,-0.09,-38605.08,-77.21,8
1933,Entry long,2026-07-23 09:34,L344074,28759.75,3,172558.5,444.78,0.26,3.72,446.64,0.26,-147.36,-0.09,-38605.08,-77.21,8
1934,Exit short,2026-07-23 09:49,S344084X,28781,3,173134.5,444.78,0.26,3.72,446.64,0.26,-76.86,-0.04,-38160.3,-76.32,5
1934,Entry short,2026-07-23 09:44,S344084,28855.75,3,173134.5,444.78,0.26,3.72,446.64,0.26,-76.86,-0.04,-38160.3,-76.32,5
1935,Exit short,2026-07-23 09:54,S344089X,28810.75,3,172561.5,-306.72,-0.18,3.72,256.14,0.15,-304.86,-0.18,-38467.02,-76.93,5
1935,Entry short,2026-07-23 09:49,S344089,28760.25,3,172561.5,-306.72,-0.18,3.72,256.14,0.15,-304.86,-0.18,-38467.02,-76.93,5
1936,Exit short,2026-07-23 10:09,S344096X,28687.25,3,172572,444.78,0.26,3.72,446.64,0.26,-240.36,-0.14,-38022.24,-76.04,13
1936,Entry short,2026-07-23 09:56,S344096,28762,3,172572,444.78,0.26,3.72,446.64,0.26,-240.36,-0.14,-38022.24,-76.04,13
1937,Exit short,2026-07-23 10:33,S344123X,28660,3,172408.5,444.78,0.26,3.72,446.64,0.26,-105.36,-0.06,-37577.46,-75.15,10
1937,Entry short,2026-07-23 10:23,S344123,28734.75,3,172408.5,444.78,0.26,3.72,446.64,0.26,-105.36,-0.06,-37577.46,-75.15,10
1938,Exit short,2026-07-23 10:42,S344140X,28653.75,3,172371,444.78,0.26,3.72,446.64,0.26,-58.86,-0.03,-37132.68,-74.27,2
1938,Entry short,2026-07-23 10:40,S344140,28728.5,3,172371,444.78,0.26,3.72,446.64,0.26,-58.86,-0.03,-37132.68,-74.27,2
1939,Exit long,2026-07-23 11:05,L344156X,28556.5,3,171642,-306.72,-0.18,3.72,68.64,0.04,-304.86,-0.18,-37439.4,-74.88,9
1939,Entry long,2026-07-23 10:56,L344156,28607,3,171642,-306.72,-0.18,3.72,68.64,0.04,-304.86,-0.18,-37439.4,-74.88,9
1940,Exit long,2026-07-23 14:07,L344340X,28545.75,6,342855,-313.44,-0.09,7.44,137.28,0.04,-309.72,-0.09,-37752.84,-75.51,7
1940,Entry long,2026-07-23 14:00,L344340,28571.25,6,342855,-313.44,-0.09,7.44,137.28,0.04,-309.72,-0.09,-37752.84,-75.51,7
1941,Exit short,2026-07-23 14:54,S344375X,28542.75,6,342960,439.56,0.13,7.44,443.28,0.13,-84.72,-0.02,-37313.28,-74.63,19
1941,Entry short,2026-07-23 14:35,S344375,28580,6,342960,439.56,0.13,7.44,443.28,0.13,-84.72,-0.02,-37313.28,-74.63,19
1942,Exit short,2026-07-24 09:33,S345450X,28580.75,3,171181.5,-306.72,-0.18,3.72,184.14,0.11,-304.86,-0.18,-37620,-75.24,3
1942,Entry short,2026-07-24 09:30,S345450,28530.25,3,171181.5,-306.72,-0.18,3.72,184.14,0.11,-304.86,-0.18,-37620,-75.24,3
1943,Exit long,2026-07-24 09:36,L345454X,28553,3,171621,-306.72,-0.18,3.72,110.64,0.06,-304.86,-0.18,-37926.72,-75.85,2
1943,Entry long,2026-07-24 09:34,L345454,28603.5,3,171621,-306.72,-0.18,3.72,110.64,0.06,-304.86,-0.18,-37926.72,-75.85,2
1944,Exit long,2026-07-24 09:50,L345469X,28449.75,3,171001.5,-306.72,-0.18,3.72,7.14,0.00,-304.86,-0.18,-38233.44,-76.47,1
1944,Entry long,2026-07-24 09:49,L345469,28500.25,3,171001.5,-306.72,-0.18,3.72,7.14,0.00,-304.86,-0.18,-38233.44,-76.47,1
1945,Exit long,2026-07-24 10:08,L345478X,28421.5,3,170080.5,444.78,0.26,3.72,446.64,0.26,-250.86,-0.15,-37788.66,-75.58,10
1945,Entry long,2026-07-24 09:58,L345478,28346.75,3,170080.5,444.78,0.26,3.72,446.64,0.26,-250.86,-0.15,-37788.66,-75.58,10
1946,Exit long,2026-07-24 10:16,L345488X,28372.25,3,170536.5,-306.72,-0.18,3.72,172.14,0.10,-304.86,-0.18,-38095.38,-76.19,8
1946,Entry long,2026-07-24 10:08,L345488,28422.75,3,170536.5,-306.72,-0.18,3.72,172.14,0.10,-304.86,-0.18,-38095.38,-76.19,8
1947,Exit long,2026-07-24 10:33,L345501X,28325.25,3,170254.5,-306.72,-0.18,3.72,287.64,0.17,-304.86,-0.18,-38402.1,-76.80,12
1947,Entry long,2026-07-24 10:21,L345501,28375.75,3,170254.5,-306.72,-0.18,3.72,287.64,0.17,-304.86,-0.18,-38402.1,-76.80,12
1948,Exit long,2026-07-24 10:55,L345526X,28367.75,3,169758,444.78,0.26,3.72,446.64,0.26,-189.36,-0.11,-37957.32,-75.91,9
1948,Entry long,2026-07-24 10:46,L345526,28293,3,169758,444.78,0.26,3.72,446.64,0.26,-189.36,-0.11,-37957.32,-75.91,9
1949,Exit long,2026-07-24 10:59,L345535X,28452,3,170263.5,444.78,0.26,3.72,446.64,0.26,-66.36,-0.04,-37512.54,-75.03,4
1949,Entry long,2026-07-24 10:55,L345535,28377.25,3,170263.5,444.78,0.26,3.72,446.64,0.26,-66.36,-0.04,-37512.54,-75.03,4
1950,Exit long,2026-07-24 14:02,L345720X,28454,6,341754,-313.44,-0.09,7.44,86.28,0.03,-309.72,-0.09,-37825.98,-75.65,2
1950,Entry long,2026-07-24 14:00,L345720,28479.5,6,341754,-313.44,-0.09,7.44,86.28,0.03,-309.72,-0.09,-37825.98,-75.65,2
1951,Exit long,2026-07-24 14:11,L345727X,28437.25,6,341553,-313.44,-0.09,7.44,59.28,0.02,-309.72,-0.09,-38139.42,-76.28,4
1951,Entry long,2026-07-24 14:07,L345727,28462.75,6,341553,-313.44,-0.09,7.44,59.28,0.02,-309.72,-0.09,-38139.42,-76.28,4
1952,Exit short,2026-07-27 09:33,S346830X,28505.5,3,171481.5,444.78,0.26,3.72,446.64,0.26,-103.86,-0.06,-37694.64,-75.39,3
1952,Entry short,2026-07-27 09:30,S346830,28580.25,3,171481.5,444.78,0.26,3.72,446.64,0.26,-103.86,-0.06,-37694.64,-75.39,3
1953,Exit long,2026-07-27 09:48,L346845X,28422,3,170835,-306.72,-0.18,3.72,73.14,0.04,-304.86,-0.18,-38001.36,-76.00,3
1953,Entry long,2026-07-27 09:45,L346845,28472.5,3,170835,-306.72,-0.18,3.72,73.14,0.04,-304.86,-0.18,-38001.36,-76.00,3
1954,Exit long,2026-07-27 09:56,L346848X,28414.5,3,170790,-306.72,-0.18,3.72,230.64,0.14,-304.86,-0.18,-38308.08,-76.62,8
1954,Entry long,2026-07-27 09:48,L346848,28465,3,170790,-306.72,-0.18,3.72,230.64,0.14,-304.86,-0.18,-38308.08,-76.62,8
1955,Exit long,2026-07-27 10:01,L346860X,28318.25,3,170212.5,-306.72,-0.18,3.72,20.64,0.01,-304.86,-0.18,-38614.8,-77.23,1
1955,Entry long,2026-07-27 10:00,L346860,28368.75,3,170212.5,-306.72,-0.18,3.72,20.64,0.01,-304.86,-0.18,-38614.8,-77.23,1
1956,Exit long,2026-07-27 10:11,L346867X,28265.25,3,169894.5,-306.72,-0.18,3.72,190.14,0.11,-304.86,-0.18,-38921.52,-77.84,4
1956,Entry long,2026-07-27 10:07,L346867,28315.75,3,169894.5,-306.72,-0.18,3.72,190.14,0.11,-304.86,-0.18,-38921.52,-77.84,4
1957,Exit long,2026-07-27 10:20,L346872X,28223.25,3,169642.5,-306.72,-0.18,3.72,148.14,0.09,-304.86,-0.18,-39228.24,-78.46,8
1957,Entry long,2026-07-27 10:12,L346872,28273.75,3,169642.5,-306.72,-0.18,3.72,148.14,0.09,-304.86,-0.18,-39228.24,-78.46,8
1958,Exit long,2026-07-27 10:40,L346898X,27988.75,3,168235.5,-306.72,-0.18,3.72,67.14,0.04,-304.86,-0.18,-39534.96,-79.07,2
1958,Entry long,2026-07-27 10:38,L346898,28039.25,3,168235.5,-306.72,-0.18,3.72,67.14,0.04,-304.86,-0.18,-39534.96,-79.07,2
1959,Exit long,2026-07-27 10:56,L346909X,28139,3,168385.5,444.78,0.26,3.72,446.64,0.27,-15.36,-0.01,-39090.18,-78.18,7
1959,Entry long,2026-07-27 10:49,L346909,28064.25,3,168385.5,444.78,0.26,3.72,446.64,0.27,-15.36,-0.01,-39090.18,-78.18,7
1960,Exit short,2026-07-27 14:16,S347100X,28059.5,6,337161,439.56,0.13,7.44,443.28,0.13,-300.72,-0.09,-38650.62,-77.30,16
1960,Entry short,2026-07-27 14:00,S347100,28096.75,6,337161,439.56,0.13,7.44,443.28,0.13,-300.72,-0.09,-38650.62,-77.30,16
1961,Exit long,2026-07-27 14:31,L347118X,28048,6,336882,-313.44,-0.09,7.44,218.28,0.06,-309.72,-0.09,-38964.06,-77.93,13
1961,Entry long,2026-07-27 14:18,L347118,28073.5,6,336882,-313.44,-0.09,7.44,218.28,0.06,-309.72,-0.09,-38964.06,-77.93,13
1962,Exit short,2026-07-28 09:36,S348210X,27868.25,3,167658,444.78,0.27,3.72,446.64,0.27,-40.86,-0.02,-38519.28,-77.04,6
1962,Entry short,2026-07-28 09:30,S348210,27943,3,167658,444.78,0.27,3.72,446.64,0.27,-40.86,-0.02,-38519.28,-77.04,6
1963,Exit long,2026-07-28 09:55,L348228X,27677,3,166365,-306.72,-0.18,3.72,419.64,0.25,-304.86,-0.18,-38826,-77.65,7
1963,Entry long,2026-07-28 09:48,L348228,27727.5,3,166365,-306.72,-0.18,3.72,419.64,0.25,-304.86,-0.18,-38826,-77.65,7
1964,Exit long,2026-07-28 10:08,L348240X,27675.5,3,166356,-306.72,-0.18,3.72,400.14,0.24,-304.86,-0.18,-39132.72,-78.27,8
1964,Entry long,2026-07-28 10:00,L348240,27726,3,166356,-306.72,-0.18,3.72,400.14,0.24,-304.86,-0.18,-39132.72,-78.27,8
1965,Exit long,2026-07-28 10:24,L348258X,27712.5,3,165826.5,444.78,0.27,3.72,446.64,0.27,-192.36,-0.12,-38687.94,-77.38,6
1965,Entry long,2026-07-28 10:18,L348258,27637.75,3,165826.5,444.78,0.27,3.72,446.64,0.27,-192.36,-0.12,-38687.94,-77.38,6
1966,Exit long,2026-07-28 10:41,L348266X,27767.75,3,166158,444.78,0.27,3.72,446.64,0.27,-147.36,-0.09,-38243.16,-76.49,15
1966,Entry long,2026-07-28 10:26,L348266,27693,3,166158,444.78,0.27,3.72,446.64,0.27,-147.36,-0.09,-38243.16,-76.49,15
1967,Exit long,2026-07-28 10:50,L348283X,27857.5,3,166696.5,444.78,0.27,3.72,446.64,0.27,-229.86,-0.14,-37798.38,-75.60,7
1967,Entry long,2026-07-28 10:43,L348283,27782.75,3,166696.5,444.78,0.27,3.72,446.64,0.27,-229.86,-0.14,-37798.38,-75.60,7
1968,Exit long,2026-07-28 10:57,L348290X,27813,3,167181,-306.72,-0.18,3.72,172.14,0.10,-304.86,-0.18,-38105.1,-76.21,7
1968,Entry long,2026-07-28 10:50,L348290,27863.5,3,167181,-306.72,-0.18,3.72,172.14,0.10,-304.86,-0.18,-38105.1,-76.21,7
1969,Exit long,2026-07-28 14:07,L348480X,27940.75,3,167947.5,-306.72,-0.18,3.72,19.14,0.01,-304.86,-0.18,-38411.82,-76.82,7
1969,Entry long,2026-07-28 14:00,L348480,27991.25,3,167947.5,-306.72,-0.18,3.72,19.14,0.01,-304.86,-0.18,-38411.82,-76.82,7
1970,Exit long,2026-07-28 14:47,L348495X,27972.5,6,335223,439.56,0.13,7.44,443.28,0.13,-282.72,-0.08,-37972.26,-75.94,32
1970,Entry long,2026-07-28 14:15,L348495,27935.25,6,335223,439.56,0.13,7.44,443.28,0.13,-282.72,-0.08,-37972.26,-75.94,32
1971,Exit long,2026-07-28 14:55,L348530X,27942,6,335610,-313.44,-0.09,7.44,122.28,0.04,-309.72,-0.09,-38285.7,-76.57,5
1971,Entry long,2026-07-28 14:50,L348530,27967.5,6,335610,-313.44,-0.09,7.44,122.28,0.04,-309.72,-0.09,-38285.7,-76.57,5
1972,Exit short,2026-07-29 09:33,S349590X,27920,3,167217,-306.72,-0.18,3.72,196.14,0.12,-304.86,-0.18,-38592.42,-77.18,3
1972,Entry short,2026-07-29 09:30,S349590,27869.5,3,167217,-306.72,-0.18,3.72,196.14,0.12,-304.86,-0.18,-38592.42,-77.18,3
1973,Exit long,2026-07-29 09:37,L349593X,27910.75,3,167767.5,-306.72,-0.18,3.72,212.64,0.13,-304.86,-0.18,-38899.14,-77.80,4
1973,Entry long,2026-07-29 09:33,L349593,27961.25,3,167767.5,-306.72,-0.18,3.72,212.64,0.13,-304.86,-0.18,-38899.14,-77.80,4
1974,Exit long,2026-07-29 09:55,L349613X,27721.25,3,166630.5,-306.72,-0.18,3.72,50.64,0.03,-304.86,-0.18,-39205.86,-78.41,2
1974,Entry long,2026-07-29 09:53,L349613,27771.75,3,166630.5,-306.72,-0.18,3.72,50.64,0.03,-304.86,-0.18,-39205.86,-78.41,2
1975,Exit long,2026-07-29 10:05,L349618X,27806,3,166387.5,444.78,0.27,3.72,446.64,0.27,-151.86,-0.09,-38761.08,-77.52,7
1975,Entry long,2026-07-29 09:58,L349618,27731.25,3,166387.5,444.78,0.27,3.72,446.64,0.27,-151.86,-0.09,-38761.08,-77.52,7
1976,Exit long,2026-07-29 10:12,L349631X,27682.25,3,166396.5,-306.72,-0.18,3.72,86.64,0.05,-304.86,-0.18,-39067.8,-78.14,1
1976,Entry long,2026-07-29 10:11,L349631,27732.75,3,166396.5,-306.72,-0.18,3.72,86.64,0.05,-304.86,-0.18,-39067.8,-78.14,1
1977,Exit long,2026-07-29 10:24,L349635X,27614.75,3,165991.5,-306.72,-0.18,3.72,184.14,0.11,-304.86,-0.18,-39374.52,-78.75,9
1977,Entry long,2026-07-29 10:15,L349635,27665.25,3,165991.5,-306.72,-0.18,3.72,184.14,0.11,-304.86,-0.18,-39374.52,-78.75,9
1978,Exit long,2026-07-29 10:33,L349648X,27648.75,3,165444,444.78,0.27,3.72,446.64,0.27,-54.36,-0.03,-38929.74,-77.86,5
1978,Entry long,2026-07-29 10:28,L349648,27574,3,165444,444.78,0.27,3.72,446.64,0.27,-54.36,-0.03,-38929.74,-77.86,5
1979,Exit long,2026-07-29 11:02,L349666X,27627,3,165313.5,444.78,0.27,3.72,446.64,0.27,-189.36,-0.11,-38484.96,-76.97,16
1979,Entry long,2026-07-29 10:46,L349666,27552.25,3,165313.5,444.78,0.27,3.72,446.64,0.27,-189.36,-0.11,-38484.96,-76.97,16
1980,Exit long,2026-07-29 14:04,L349860X,27796.5,3,167082,-306.72,-0.18,3.72,250.14,0.15,-304.86,-0.18,-38791.68,-77.58,4
1980,Entry long,2026-07-29 14:00,L349860,27847,3,167082,-306.72,-0.18,3.72,250.14,0.15,-304.86,-0.18,-38791.68,-77.58,4
1981,Exit short,2026-07-29 14:32,S349877X,27718.5,3,166759.5,444.78,0.27,3.72,446.64,0.27,-163.86,-0.10,-38346.9,-76.69,15
1981,Entry short,2026-07-29 14:17,S349877,27793.25,3,166759.5,444.78,0.27,3.72,446.64,0.27,-163.86,-0.10,-38346.9,-76.69,15
1982,Exit short,2026-07-30 09:36,S350970X,27909.5,3,167154,-306.72,-0.18,3.72,272.64,0.16,-304.86,-0.18,-38653.62,-77.31,6
1982,Entry short,2026-07-30 09:30,S350970,27859,3,167154,-306.72,-0.18,3.72,272.64,0.16,-304.86,-0.18,-38653.62,-77.31,6
1983,Exit short,2026-07-30 09:55,S350992X,28113.25,3,168376.5,-306.72,-0.18,3.72,44.64,0.03,-304.86,-0.18,-38960.34,-77.92,3
1983,Entry short,2026-07-30 09:52,S350992,28062.75,3,168376.5,-306.72,-0.18,3.72,44.64,0.03,-304.86,-0.18,-38960.34,-77.92,3
1984,Exit short,2026-07-30 10:10,S351005X,28071.5,3,168877.5,444.78,0.26,3.72,446.64,0.26,-40.86,-0.02,-38515.56,-77.03,5
1984,Entry short,2026-07-30 10:05,S351005,28146.25,3,168877.5,444.78,0.26,3.72,446.64,0.26,-40.86,-0.02,-38515.56,-77.03,5
1985,Exit short,2026-07-30 10:17,S351013X,28140.25,3,168538.5,-306.72,-0.18,3.72,37.14,0.02,-304.86,-0.18,-38822.28,-77.64,4
1985,Entry short,2026-07-30 10:13,S351013,28089.75,3,168538.5,-306.72,-0.18,3.72,37.14,0.02,-304.86,-0.18,-38822.28,-77.64,4
1986,Exit short,2026-07-30 10:48,S351035X,28132.5,3,169243.5,444.78,0.26,3.72,446.64,0.26,-222.36,-0.13,-38377.5,-76.75,13
1986,Entry short,2026-07-30 10:35,S351035,28207.25,3,169243.5,444.78,0.26,3.72,446.64,0.26,-222.36,-0.13,-38377.5,-76.75,13
1987,Exit short,2026-07-30 11:05,S351054X,28119.25,3,168412.5,-306.72,-0.18,3.72,338.64,0.20,-304.86,-0.18,-38684.22,-77.37,11
1987,Entry short,2026-07-30 10:54,S351054,28068.75,3,168412.5,-306.72,-0.18,3.72,338.64,0.20,-304.86,-0.18,-38684.22,-77.37,11
1988,Exit long,2026-07-30 14:19,L351240X,28166,6,338298,-313.44,-0.09,7.44,164.28,0.05,-309.72,-0.09,-38997.66,-78.00,19
1988,Entry long,2026-07-30 14:00,L351240,28191.5,6,338298,-313.44,-0.09,7.44,164.28,0.05,-309.72,-0.09,-38997.66,-78.00,19
1989,Exit short,2026-07-30 15:02,S351265X,28206.75,6,338175,-313.44,-0.09,7.44,398.28,0.12,-309.72,-0.09,-39311.1,-78.62,37
1989,Entry short,2026-07-30 14:25,S351265,28181.25,6,338175,-313.44,-0.09,7.44,398.28,0.12,-309.72,-0.09,-39311.1,-78.62,37
1990,Exit long,2026-07-31 09:33,L352350X,28673.75,3,171594,444.78,0.26,3.72,446.64,0.26,-94.86,-0.06,-38866.32,-77.73,3
1990,Entry long,2026-07-31 09:30,L352350,28599,3,171594,444.78,0.26,3.72,446.64,0.26,-94.86,-0.06,-38866.32,-77.73,3
1991,Exit short,2026-07-31 09:40,S352358X,28530.5,3,171631.5,444.78,0.26,3.72,446.64,0.26,-36.36,-0.02,-38421.54,-76.84,2
1991,Entry short,2026-07-31 09:38,S352358,28605.25,3,171631.5,444.78,0.26,3.72,446.64,0.26,-36.36,-0.02,-38421.54,-76.84,2
1992,Exit long,2026-07-31 09:52,L352371X,28342,3,170355,-306.72,-0.18,3.72,92.64,0.05,-304.86,-0.18,-38728.26,-77.46,1
1992,Entry long,2026-07-31 09:51,L352371,28392.5,3,170355,-306.72,-0.18,3.72,92.64,0.05,-304.86,-0.18,-38728.26,-77.46,1
1993,Exit long,2026-07-31 10:01,L352375X,28310.75,3,170167.5,-306.72,-0.18,3.72,326.64,0.19,-304.86,-0.18,-39034.98,-78.07,6
1993,Entry long,2026-07-31 09:55,L352375,28361.25,3,170167.5,-306.72,-0.18,3.72,326.64,0.19,-304.86,-0.18,-39034.98,-78.07,6
1994,Exit long,2026-07-31 10:19,L352397X,28211.5,3,168820.5,444.78,0.26,3.72,446.64,0.26,-34.86,-0.02,-38590.2,-77.18,2
1994,Entry long,2026-07-31 10:17,L352397,28136.75,3,168820.5,444.78,0.26,3.72,446.64,0.26,-34.86,-0.02,-38590.2,-77.18,2
1995,Exit long,2026-07-31 10:24,L352400X,28174,3,169347,-306.72,-0.18,3.72,137.64,0.08,-304.86,-0.18,-38896.92,-77.79,4
1995,Entry long,2026-07-31 10:20,L352400,28224.5,3,169347,-306.72,-0.18,3.72,137.64,0.08,-304.86,-0.18,-38896.92,-77.79,4
1996,Exit long,2026-07-31 10:46,L352407X,28301.5,3,169360.5,444.78,0.26,3.72,446.64,0.26,-97.86,-0.06,-38452.14,-76.90,19
1996,Entry long,2026-07-31 10:27,L352407,28226.75,3,169360.5,444.78,0.26,3.72,446.64,0.26,-97.86,-0.06,-38452.14,-76.90,19
1997,Exit long,2026-07-31 10:55,L352428X,28266.75,3,169903.5,-306.72,-0.18,3.72,178.14,0.10,-304.86,-0.18,-38758.86,-77.52,7
1997,Entry long,2026-07-31 10:48,L352428,28317.25,3,169903.5,-306.72,-0.18,3.72,178.14,0.10,-304.86,-0.18,-38758.86,-77.52,7
1998,Exit long,2026-07-31 11:09,L352436X,28263.5,3,169884,-306.72,-0.18,3.72,169.14,0.10,-304.86,-0.18,-39065.58,-78.13,13
1998,Entry long,2026-07-31 10:56,L352436,28314,3,169884,-306.72,-0.18,3.72,169.14,0.10,-304.86,-0.18,-39065.58,-78.13,13
1999,Exit long,2026-07-31 15:50,L352620X,28516.75,3,170652,444.78,0.26,3.72,446.64,0.26,-282.36,-0.17,-38620.8,-77.24,110
1999,Entry long,2026-07-31 14:00,L352620,28442,3,170652,444.78,0.26,3.72,446.64,0.26,-282.36,-0.17,-38620.8,-77.24,110